run,dataset,metric,setting_id,param,value,n,agreement,kappa_linear,unchanged,delta_1,delta_ge2,up,down
synthetic_shortcut,synthetic,margin_drop,default,default,,3200,1.0,1.0,1.0,0.0,0.0,0.0,0.0
synthetic_shortcut,synthetic,margin_drop,oat:z_threshold=1.0,z_threshold,1.0,3200,0.981875,0.9487536167217832,0.981875,0.0,0.018125,0.018125,0.0
synthetic_shortcut,synthetic,margin_drop,oat:z_threshold=1.5,z_threshold,1.5,3200,0.9965625,0.9899306559748545,0.9965625,0.0,0.0034375,0.0034375,0.0
synthetic_shortcut,synthetic,margin_drop,oat:z_threshold=2.0,z_threshold,2.0,3200,1.0,1.0,1.0,0.0,0.0,0.0,0.0
synthetic_shortcut,synthetic,margin_drop,oat:z_threshold=2.5,z_threshold,2.5,3200,0.9978125,0.9935025738799409,0.9978125,0.0,0.0021875,0.0,0.0021875
synthetic_shortcut,synthetic,margin_drop,oat:z_threshold=3.0,z_threshold,3.0,3200,0.996875,0.9906962653355349,0.996875,0.0,0.003125,0.0,0.003125
synthetic_shortcut,synthetic,margin_drop,oat:z_threshold=4.0,z_threshold,4.0,3200,0.994375,0.9831482320710792,0.994375,0.0,0.005625,0.0,0.005625
synthetic_shortcut,synthetic,margin_drop,oat:sign_alpha=0.0,sign_alpha,0.0,3200,1.0,1.0,1.0,0.0,0.0,0.0,0.0
synthetic_shortcut,synthetic,margin_drop,oat:sign_alpha=0.01,sign_alpha,0.01,3200,0.9275,0.8786286091303159,0.9275,0.0684375,0.0040625,0.028125,0.044375
synthetic_shortcut,synthetic,margin_drop,oat:sign_alpha=0.05,sign_alpha,0.05,3200,0.8975,0.8202585038850873,0.8975,0.095,0.0075,0.0371875,0.0653125
synthetic_shortcut,synthetic,margin_drop,oat:sign_alpha=0.1,sign_alpha,0.1,3200,0.8803125,0.7850722586345235,0.8803125,0.1096875,0.01,0.0440625,0.075625
synthetic_shortcut,synthetic,margin_drop,oat:sign_alpha=0.25,sign_alpha,0.25,3200,0.850625,0.7329673555572445,0.850625,0.1365625,0.0128125,0.0628125,0.0865625
synthetic_shortcut,synthetic,margin_drop,oat:min_multi_strategy=2,min_multi_strategy,2,3200,1.0,1.0,1.0,0.0,0.0,0.0,0.0
synthetic_shortcut,synthetic,margin_drop,oat:min_multi_strategy=3,min_multi_strategy,3,3200,1.0,1.0,1.0,0.0,0.0,0.0,0.0
synthetic_shortcut,synthetic,margin_drop,oat:min_multi_strategy=4,min_multi_strategy,4,3200,1.0,1.0,1.0,0.0,0.0,0.0,0.0
synthetic_shortcut,synthetic,margin_drop,oat:min_multi_strategy=5,min_multi_strategy,5,3200,1.0,1.0,1.0,0.0,0.0,0.0,0.0
synthetic_shortcut,synthetic,margin_drop,oat:ci_level=90,ci_level,90,3200,0.9925,0.9782473172399357,0.9925,0.0,0.0075,0.0075,0.0
synthetic_shortcut,synthetic,margin_drop,oat:ci_level=95,ci_level,95,3200,1.0,1.0,1.0,0.0,0.0,0.0,0.0
synthetic_shortcut,synthetic,margin_drop,oat:ci_level=99,ci_level,99,3200,0.9934375,0.980293249352859,0.9934375,0.0,0.0065625,0.0,0.0065625
synthetic_shortcut,synthetic,margin_drop,oat:ci_level=999,ci_level,999,3200,0.9934375,0.980293249352859,0.9934375,0.0,0.0065625,0.0,0.0065625
synthetic_shortcut,synthetic,margin_drop,oat:ddof=0,ddof,0,3200,1.0,1.0,1.0,0.0,0.0,0.0,0.0
synthetic_shortcut,synthetic,margin_drop,oat:ddof=1,ddof,1,3200,0.996875,0.9906962653355349,0.996875,0.0,0.003125,0.0,0.003125
synthetic_shortcut,synthetic,margin_drop,oat:std_floor_beta=0.0,std_floor_beta,0.0,3200,1.0,1.0,1.0,0.0,0.0,0.0,0.0
synthetic_shortcut,synthetic,margin_drop,oat:std_floor_beta=0.1,std_floor_beta,0.1,3200,0.993125,0.9793385943611382,0.993125,0.0,0.006875,0.0,0.006875
synthetic_shortcut,synthetic,margin_drop,oat:std_floor_beta=0.25,std_floor_beta,0.25,3200,0.9903125,0.9706786387676278,0.9903125,0.0,0.0096875,0.0,0.0096875
synthetic_shortcut,synthetic,margin_drop,preset:lenient,preset,lenient,3200,0.9871875,0.9633125932040494,0.9871875,0.0,0.0128125,0.0128125,0.0
synthetic_shortcut,synthetic,margin_drop,preset:conservative,preset,conservative,3200,0.8896875,0.7938112218364665,0.8896875,0.095625,0.0146875,0.0371875,0.073125
synthetic_shortcut,synthetic,margin_drop,alt:zero_abstain:sign_alpha=0.01,zero_abstain_alpha,0.01,3200,0.8328125,0.7631852613767903,0.8328125,0.1590625,0.008125,0.163125,0.0040625
synthetic_shortcut,synthetic,margin_drop,alt:zero_abstain:sign_alpha=0.05,zero_abstain_alpha,0.05,3200,0.7875,0.7033175666863457,0.7875,0.2,0.0125,0.2078125,0.0046875
synthetic_shortcut,synthetic,margin_drop,alt:zero_abstain:sign_alpha=0.1,zero_abstain_alpha,0.1,3200,0.7490625,0.6565744171223844,0.7490625,0.2353125,0.015625,0.2453125,0.005625
synthetic_shortcut,synthetic,margin_drop,alt:zero_abstain:sign_alpha=0.25,zero_abstain_alpha,0.25,3200,0.69125,0.5911595704103605,0.69125,0.2884375,0.0203125,0.3025,0.00625
synthetic_normal,synthetic,margin_drop,default,default,,3200,1.0,1.0,1.0,0.0,0.0,0.0,0.0
synthetic_normal,synthetic,margin_drop,oat:z_threshold=1.0,z_threshold,1.0,3200,0.974375,0.9579525520829911,0.974375,0.0,0.025625,0.025625,0.0
synthetic_normal,synthetic,margin_drop,oat:z_threshold=1.5,z_threshold,1.5,3200,0.986875,0.9782299138154035,0.986875,0.0,0.013125,0.013125,0.0
synthetic_normal,synthetic,margin_drop,oat:z_threshold=2.0,z_threshold,2.0,3200,1.0,1.0,1.0,0.0,0.0,0.0,0.0
synthetic_normal,synthetic,margin_drop,oat:z_threshold=2.5,z_threshold,2.5,3200,0.9871875,0.9782589494996161,0.9871875,0.0,0.0128125,0.0,0.0128125
synthetic_normal,synthetic,margin_drop,oat:z_threshold=3.0,z_threshold,3.0,3200,0.97375,0.9549196377135469,0.97375,0.0,0.02625,0.0,0.02625
synthetic_normal,synthetic,margin_drop,oat:z_threshold=4.0,z_threshold,4.0,3200,0.95625,0.9236659560898638,0.95625,0.0,0.04375,0.0,0.04375
synthetic_normal,synthetic,margin_drop,oat:sign_alpha=0.0,sign_alpha,0.0,3200,1.0,1.0,1.0,0.0,0.0,0.0,0.0
synthetic_normal,synthetic,margin_drop,oat:sign_alpha=0.01,sign_alpha,0.01,3200,0.9928125,0.9865573418329593,0.9928125,0.0028125,0.004375,0.0,0.0071875
synthetic_normal,synthetic,margin_drop,oat:sign_alpha=0.05,sign_alpha,0.05,3200,0.974375,0.953537577735688,0.974375,0.01125,0.014375,0.0,0.025625
synthetic_normal,synthetic,margin_drop,oat:sign_alpha=0.1,sign_alpha,0.1,3200,0.9540625,0.9134584342758859,0.9540625,0.0190625,0.026875,0.0,0.0459375
synthetic_normal,synthetic,margin_drop,oat:sign_alpha=0.25,sign_alpha,0.25,3200,0.885,0.770483153352561,0.885,0.0471875,0.0678125,0.000625,0.114375
synthetic_normal,synthetic,margin_drop,oat:min_multi_strategy=2,min_multi_strategy,2,3200,1.0,1.0,1.0,0.0,0.0,0.0,0.0
synthetic_normal,synthetic,margin_drop,oat:min_multi_strategy=3,min_multi_strategy,3,3200,1.0,1.0,1.0,0.0,0.0,0.0,0.0
synthetic_normal,synthetic,margin_drop,oat:min_multi_strategy=4,min_multi_strategy,4,3200,1.0,1.0,1.0,0.0,0.0,0.0,0.0
synthetic_normal,synthetic,margin_drop,oat:min_multi_strategy=5,min_multi_strategy,5,3200,1.0,1.0,1.0,0.0,0.0,0.0,0.0
synthetic_normal,synthetic,margin_drop,oat:ci_level=90,ci_level,90,3200,1.0,1.0,1.0,0.0,0.0,0.0,0.0
synthetic_normal,synthetic,margin_drop,oat:ci_level=95,ci_level,95,3200,1.0,1.0,1.0,0.0,0.0,0.0,0.0
synthetic_normal,synthetic,margin_drop,oat:ci_level=99,ci_level,99,3200,1.0,1.0,1.0,0.0,0.0,0.0,0.0
synthetic_normal,synthetic,margin_drop,oat:ci_level=999,ci_level,999,3200,1.0,1.0,1.0,0.0,0.0,0.0,0.0
synthetic_normal,synthetic,margin_drop,oat:ddof=0,ddof,0,3200,1.0,1.0,1.0,0.0,0.0,0.0,0.0
synthetic_normal,synthetic,margin_drop,oat:ddof=1,ddof,1,3200,0.9778125,0.9620349215224063,0.9778125,0.0,0.0221875,0.0,0.0221875
synthetic_normal,synthetic,margin_drop,oat:std_floor_beta=0.0,std_floor_beta,0.0,3200,1.0,1.0,1.0,0.0,0.0,0.0,0.0
synthetic_normal,synthetic,margin_drop,oat:std_floor_beta=0.1,std_floor_beta,0.1,3200,0.999375,0.9989508115882205,0.999375,0.0,0.000625,0.0,0.000625
synthetic_normal,synthetic,margin_drop,oat:std_floor_beta=0.25,std_floor_beta,0.25,3200,0.9978125,0.9963227949122584,0.9978125,0.0,0.0021875,0.0,0.0021875
synthetic_normal,synthetic,margin_drop,preset:lenient,preset,lenient,3200,0.986875,0.9782299138154035,0.986875,0.0,0.013125,0.013125,0.0
synthetic_normal,synthetic,margin_drop,preset:conservative,preset,conservative,3200,0.9290625,0.8708691926141492,0.9290625,0.01125,0.0596875,0.0,0.0709375
synthetic_normal,synthetic,margin_drop,alt:zero_abstain:sign_alpha=0.01,zero_abstain_alpha,0.01,3200,0.9934375,0.9851519773268088,0.9934375,0.0009375,0.005625,0.0065625,0.0
synthetic_normal,synthetic,margin_drop,alt:zero_abstain:sign_alpha=0.05,zero_abstain_alpha,0.05,3200,0.9746875,0.9519431695856799,0.9746875,0.00875,0.0165625,0.0253125,0.0
synthetic_normal,synthetic,margin_drop,alt:zero_abstain:sign_alpha=0.1,zero_abstain_alpha,0.1,3200,0.9471875,0.90546020867453,0.9471875,0.020625,0.0321875,0.0528125,0.0
synthetic_normal,synthetic,margin_drop,alt:zero_abstain:sign_alpha=0.25,zero_abstain_alpha,0.25,3200,0.8721875,0.7922008268374795,0.8721875,0.0565625,0.07125,0.1275,0.0003125
imagenet_mnv2_050_exact_k3,imagenet,margin_drop,default,default,,160000,1.0,1.0,1.0,0.0,0.0,0.0,0.0
imagenet_mnv2_050_exact_k3,imagenet,margin_drop,oat:z_threshold=1.0,z_threshold,1.0,160000,0.9315875,0.8722679314311748,0.9315875,0.0,0.0684125,0.0684125,0.0
imagenet_mnv2_050_exact_k3,imagenet,margin_drop,oat:z_threshold=1.5,z_threshold,1.5,160000,0.97013125,0.9412103637030791,0.97013125,0.0,0.02986875,0.02986875,0.0
imagenet_mnv2_050_exact_k3,imagenet,margin_drop,oat:z_threshold=2.0,z_threshold,2.0,160000,1.0,1.0,1.0,0.0,0.0,0.0,0.0
imagenet_mnv2_050_exact_k3,imagenet,margin_drop,oat:z_threshold=2.5,z_threshold,2.5,160000,0.976425,0.9498282506305408,0.976425,0.0,0.023575,0.0,0.023575
imagenet_mnv2_050_exact_k3,imagenet,margin_drop,oat:z_threshold=3.0,z_threshold,3.0,160000,0.95773125,0.9074135463522517,0.95773125,0.0,0.04226875,0.0,0.04226875
imagenet_mnv2_050_exact_k3,imagenet,margin_drop,oat:z_threshold=4.0,z_threshold,4.0,160000,0.93113125,0.8425972472837824,0.93113125,0.0,0.06886875,0.0,0.06886875
imagenet_mnv2_050_exact_k3,imagenet,margin_drop,oat:sign_alpha=0.0,sign_alpha,0.0,160000,1.0,1.0,1.0,0.0,0.0,0.0,0.0
imagenet_mnv2_050_exact_k3,imagenet,margin_drop,oat:sign_alpha=0.01,sign_alpha,0.01,160000,0.99264375,0.9893621916194266,0.99264375,0.005875,0.00148125,0.0,0.00735625
imagenet_mnv2_050_exact_k3,imagenet,margin_drop,oat:sign_alpha=0.05,sign_alpha,0.05,160000,0.9628375,0.9431920711545675,0.9628375,0.028625,0.0085375,0.00023125,0.03693125
imagenet_mnv2_050_exact_k3,imagenet,margin_drop,oat:sign_alpha=0.1,sign_alpha,0.1,160000,0.929675,0.8889896672549304,0.929675,0.05344375,0.01688125,0.00129375,0.06903125
imagenet_mnv2_050_exact_k3,imagenet,margin_drop,oat:sign_alpha=0.25,sign_alpha,0.25,160000,0.8488375,0.749198177506306,0.8488375,0.11360625,0.03755625,0.0113,0.1398625
imagenet_mnv2_050_exact_k3,imagenet,margin_drop,oat:min_multi_strategy=2,min_multi_strategy,2,160000,1.0,1.0,1.0,0.0,0.0,0.0,0.0
imagenet_mnv2_050_exact_k3,imagenet,margin_drop,oat:min_multi_strategy=3,min_multi_strategy,3,160000,1.0,1.0,1.0,0.0,0.0,0.0,0.0
imagenet_mnv2_050_exact_k3,imagenet,margin_drop,oat:ci_level=90,ci_level,90,160000,1.0,1.0,1.0,0.0,0.0,0.0,0.0
imagenet_mnv2_050_exact_k3,imagenet,margin_drop,oat:ci_level=95,ci_level,95,160000,1.0,1.0,1.0,0.0,0.0,0.0,0.0
imagenet_mnv2_050_exact_k3,imagenet,margin_drop,oat:ci_level=99,ci_level,99,160000,1.0,1.0,1.0,0.0,0.0,0.0,0.0
imagenet_mnv2_050_exact_k3,imagenet,margin_drop,oat:ci_level=999,ci_level,999,160000,1.0,1.0,1.0,0.0,0.0,0.0,0.0
imagenet_mnv2_050_exact_k3,imagenet,margin_drop,oat:ddof=0,ddof,0,160000,1.0,1.0,1.0,0.0,0.0,0.0,0.0
imagenet_mnv2_050_exact_k3,imagenet,margin_drop,oat:ddof=1,ddof,1,160000,0.97861875,0.9546481805675326,0.97861875,0.0,0.02138125,0.0,0.02138125
imagenet_mnv2_050_exact_k3,imagenet,margin_drop,oat:std_floor_beta=0.0,std_floor_beta,0.0,160000,1.0,1.0,1.0,0.0,0.0,0.0,0.0
imagenet_mnv2_050_exact_k3,imagenet,margin_drop,oat:std_floor_beta=0.1,std_floor_beta,0.1,160000,0.998425,0.9967566549172343,0.998425,0.0,0.001575,6.25e-06,0.00156875
imagenet_mnv2_050_exact_k3,imagenet,margin_drop,oat:std_floor_beta=0.25,std_floor_beta,0.25,160000,0.98895625,0.9769367446409589,0.98895625,0.0,0.01104375,6.25e-06,0.0110375
imagenet_mnv2_050_exact_k3,imagenet,margin_drop,preset:lenient,preset,lenient,160000,0.97013125,0.9412103637030791,0.97013125,0.0,0.02986875,0.02986875,0.0
imagenet_mnv2_050_exact_k3,imagenet,margin_drop,preset:conservative,preset,conservative,160000,0.90496875,0.8051580038897157,0.90496875,0.02865625,0.066375,0.0002375,0.09479375
imagenet_mnv2_050_exact_k3,imagenet,margin_drop,alt:zero_abstain:sign_alpha=0.01,zero_abstain_alpha,0.01,160000,0.9922125,0.9883543282353402,0.9922125,0.0059625,0.001825,0.00773125,5.625e-05
imagenet_mnv2_050_exact_k3,imagenet,margin_drop,alt:zero_abstain:sign_alpha=0.05,zero_abstain_alpha,0.05,160000,0.9615875,0.945083260024976,0.9615875,0.030075,0.0083375,0.0377,0.0007125
imagenet_mnv2_050_exact_k3,imagenet,margin_drop,alt:zero_abstain:sign_alpha=0.1,zero_abstain_alpha,0.1,160000,0.92284375,0.8932573763465121,0.92284375,0.0612125,0.01594375,0.07535625,0.0018
imagenet_mnv2_050_exact_k3,imagenet,margin_drop,alt:zero_abstain:sign_alpha=0.25,zero_abstain_alpha,0.25,160000,0.82093125,0.7689466361815321,0.82093125,0.14600625,0.0330625,0.17273125,0.0063375
imagenet_mnv2_050_crop_free_k3,imagenet,margin_drop,default,default,,160000,1.0,1.0,1.0,0.0,0.0,0.0,0.0
imagenet_mnv2_050_crop_free_k3,imagenet,margin_drop,oat:z_threshold=1.0,z_threshold,1.0,160000,0.9385625,0.8837784174385035,0.9385625,0.0,0.0614375,0.0614375,0.0
imagenet_mnv2_050_crop_free_k3,imagenet,margin_drop,oat:z_threshold=1.5,z_threshold,1.5,160000,0.97196875,0.9444851596080859,0.97196875,0.0,0.02803125,0.02803125,0.0
imagenet_mnv2_050_crop_free_k3,imagenet,margin_drop,oat:z_threshold=2.0,z_threshold,2.0,160000,1.0,1.0,1.0,0.0,0.0,0.0,0.0
imagenet_mnv2_050_crop_free_k3,imagenet,margin_drop,oat:z_threshold=2.5,z_threshold,2.5,160000,0.97741875,0.9518563282075287,0.97741875,0.0,0.02258125,0.0,0.02258125
imagenet_mnv2_050_crop_free_k3,imagenet,margin_drop,oat:z_threshold=3.0,z_threshold,3.0,160000,0.95885,0.9097330525152681,0.95885,0.0,0.04115,0.0,0.04115
imagenet_mnv2_050_crop_free_k3,imagenet,margin_drop,oat:z_threshold=4.0,z_threshold,4.0,160000,0.93131875,0.8425988385027536,0.93131875,0.0,0.06868125,0.0,0.06868125
imagenet_mnv2_050_crop_free_k3,imagenet,margin_drop,oat:sign_alpha=0.0,sign_alpha,0.0,160000,1.0,1.0,1.0,0.0,0.0,0.0,0.0
imagenet_mnv2_050_crop_free_k3,imagenet,margin_drop,oat:sign_alpha=0.01,sign_alpha,0.01,160000,0.99265625,0.987820792140283,0.99265625,0.0051375,0.00220625,0.0,0.00734375
imagenet_mnv2_050_crop_free_k3,imagenet,margin_drop,oat:sign_alpha=0.05,sign_alpha,0.05,160000,0.96444375,0.9413834563185138,0.96444375,0.02555625,0.01,0.0001125,0.03544375
imagenet_mnv2_050_crop_free_k3,imagenet,margin_drop,oat:sign_alpha=0.1,sign_alpha,0.1,160000,0.93115625,0.8840305632519911,0.93115625,0.0495,0.01934375,0.0006125,0.06823125
imagenet_mnv2_050_crop_free_k3,imagenet,margin_drop,oat:sign_alpha=0.25,sign_alpha,0.25,160000,0.84823125,0.7268934716214718,0.84823125,0.10771875,0.04405,0.00595625,0.1458125
imagenet_mnv2_050_crop_free_k3,imagenet,margin_drop,oat:min_multi_strategy=2,min_multi_strategy,2,160000,1.0,1.0,1.0,0.0,0.0,0.0,0.0
imagenet_mnv2_050_crop_free_k3,imagenet,margin_drop,oat:min_multi_strategy=3,min_multi_strategy,3,160000,1.0,1.0,1.0,0.0,0.0,0.0,0.0
imagenet_mnv2_050_crop_free_k3,imagenet,margin_drop,oat:ci_level=90,ci_level,90,160000,1.0,1.0,1.0,0.0,0.0,0.0,0.0
imagenet_mnv2_050_crop_free_k3,imagenet,margin_drop,oat:ci_level=95,ci_level,95,160000,1.0,1.0,1.0,0.0,0.0,0.0,0.0
imagenet_mnv2_050_crop_free_k3,imagenet,margin_drop,oat:ci_level=99,ci_level,99,160000,1.0,1.0,1.0,0.0,0.0,0.0,0.0
imagenet_mnv2_050_crop_free_k3,imagenet,margin_drop,oat:ci_level=999,ci_level,999,160000,1.0,1.0,1.0,0.0,0.0,0.0,0.0
imagenet_mnv2_050_crop_free_k3,imagenet,margin_drop,oat:ddof=0,ddof,0,160000,1.0,1.0,1.0,0.0,0.0,0.0,0.0
imagenet_mnv2_050_crop_free_k3,imagenet,margin_drop,oat:ddof=1,ddof,1,160000,0.97939375,0.9561978693615365,0.97939375,0.0,0.02060625,0.0,0.02060625
imagenet_mnv2_050_crop_free_k3,imagenet,margin_drop,oat:std_floor_beta=0.0,std_floor_beta,0.0,160000,1.0,1.0,1.0,0.0,0.0,0.0,0.0
imagenet_mnv2_050_crop_free_k3,imagenet,margin_drop,oat:std_floor_beta=0.1,std_floor_beta,0.1,160000,0.9978375,0.9955275849172337,0.9978375,0.0,0.0021625,0.0,0.0021625
imagenet_mnv2_050_crop_free_k3,imagenet,margin_drop,oat:std_floor_beta=0.25,std_floor_beta,0.25,160000,0.98713125,0.9729606517872842,0.98713125,0.0,0.01286875,0.0,0.01286875
imagenet_mnv2_050_crop_free_k3,imagenet,margin_drop,preset:lenient,preset,lenient,160000,0.97196875,0.9444851596080859,0.97196875,0.0,0.02803125,0.02803125,0.0
imagenet_mnv2_050_crop_free_k3,imagenet,margin_drop,preset:conservative,preset,conservative,160000,0.90669375,0.8024853618522054,0.90669375,0.025575,0.06773125,0.0001125,0.09319375
imagenet_mnv2_050_crop_free_k3,imagenet,margin_drop,alt:zero_abstain:sign_alpha=0.01,zero_abstain_alpha,0.01,160000,0.992925,0.9885471419165004,0.992925,0.00503125,0.00204375,0.007075,0.0
imagenet_mnv2_050_crop_free_k3,imagenet,margin_drop,alt:zero_abstain:sign_alpha=0.05,zero_abstain_alpha,0.05,160000,0.9622625,0.9421880287289409,0.9622625,0.02776875,0.00996875,0.0374125,0.000325
imagenet_mnv2_050_crop_free_k3,imagenet,margin_drop,alt:zero_abstain:sign_alpha=0.1,zero_abstain_alpha,0.1,160000,0.9251,0.8901343451505644,0.9251,0.05631875,0.01858125,0.07388125,0.00101875
imagenet_mnv2_050_crop_free_k3,imagenet,margin_drop,alt:zero_abstain:sign_alpha=0.25,zero_abstain_alpha,0.25,160000,0.81953125,0.7569547327512808,0.81953125,0.1400625,0.04040625,0.175,0.00546875
imagenet_mnv2_100_exact_k3,imagenet,margin_drop,default,default,,160000,1.0,1.0,1.0,0.0,0.0,0.0,0.0
imagenet_mnv2_100_exact_k3,imagenet,margin_drop,oat:z_threshold=1.0,z_threshold,1.0,160000,0.92973125,0.867917411943742,0.92973125,0.0,0.07026875,0.07026875,0.0
imagenet_mnv2_100_exact_k3,imagenet,margin_drop,oat:z_threshold=1.5,z_threshold,1.5,160000,0.970225,0.9407808525191547,0.970225,0.0,0.029775,0.029775,0.0
imagenet_mnv2_100_exact_k3,imagenet,margin_drop,oat:z_threshold=2.0,z_threshold,2.0,160000,1.0,1.0,1.0,0.0,0.0,0.0,0.0
imagenet_mnv2_100_exact_k3,imagenet,margin_drop,oat:z_threshold=2.5,z_threshold,2.5,160000,0.977025,0.9505636443441828,0.977025,0.0,0.022975,0.0,0.022975
imagenet_mnv2_100_exact_k3,imagenet,margin_drop,oat:z_threshold=3.0,z_threshold,3.0,160000,0.95908125,0.9094305356531622,0.95908125,0.0,0.04091875,0.0,0.04091875
imagenet_mnv2_100_exact_k3,imagenet,margin_drop,oat:z_threshold=4.0,z_threshold,4.0,160000,0.933775,0.8472451744926234,0.933775,0.0,0.066225,0.0,0.066225
imagenet_mnv2_100_exact_k3,imagenet,margin_drop,oat:sign_alpha=0.0,sign_alpha,0.0,160000,1.0,1.0,1.0,0.0,0.0,0.0,0.0
imagenet_mnv2_100_exact_k3,imagenet,margin_drop,oat:sign_alpha=0.01,sign_alpha,0.01,160000,0.9919125,0.9878859785603107,0.9919125,0.006325,0.0017625,1.25e-05,0.008075
imagenet_mnv2_100_exact_k3,imagenet,margin_drop,oat:sign_alpha=0.05,sign_alpha,0.05,160000,0.96238125,0.9425390057823788,0.96238125,0.02930625,0.0083125,0.000375,0.03724375
imagenet_mnv2_100_exact_k3,imagenet,margin_drop,oat:sign_alpha=0.1,sign_alpha,0.1,160000,0.9290375,0.8886259560578447,0.9290375,0.054775,0.0161875,0.00203125,0.06893125
imagenet_mnv2_100_exact_k3,imagenet,margin_drop,oat:sign_alpha=0.25,sign_alpha,0.25,160000,0.84821875,0.7502055112196309,0.84821875,0.11583125,0.03595,0.015375,0.13640625
imagenet_mnv2_100_exact_k3,imagenet,margin_drop,oat:min_multi_strategy=2,min_multi_strategy,2,160000,1.0,1.0,1.0,0.0,0.0,0.0,0.0
imagenet_mnv2_100_exact_k3,imagenet,margin_drop,oat:min_multi_strategy=3,min_multi_strategy,3,160000,1.0,1.0,1.0,0.0,0.0,0.0,0.0
imagenet_mnv2_100_exact_k3,imagenet,margin_drop,oat:ci_level=90,ci_level,90,160000,1.0,1.0,1.0,0.0,0.0,0.0,0.0
imagenet_mnv2_100_exact_k3,imagenet,margin_drop,oat:ci_level=95,ci_level,95,160000,1.0,1.0,1.0,0.0,0.0,0.0,0.0
imagenet_mnv2_100_exact_k3,imagenet,margin_drop,oat:ci_level=99,ci_level,99,160000,1.0,1.0,1.0,0.0,0.0,0.0,0.0
imagenet_mnv2_100_exact_k3,imagenet,margin_drop,oat:ci_level=999,ci_level,999,160000,1.0,1.0,1.0,0.0,0.0,0.0,0.0
imagenet_mnv2_100_exact_k3,imagenet,margin_drop,oat:ddof=0,ddof,0,160000,1.0,1.0,1.0,0.0,0.0,0.0,0.0
imagenet_mnv2_100_exact_k3,imagenet,margin_drop,oat:ddof=1,ddof,1,160000,0.97903125,0.9550206628874116,0.97903125,0.0,0.02096875,0.0,0.02096875
imagenet_mnv2_100_exact_k3,imagenet,margin_drop,oat:std_floor_beta=0.0,std_floor_beta,0.0,160000,1.0,1.0,1.0,0.0,0.0,0.0,0.0
imagenet_mnv2_100_exact_k3,imagenet,margin_drop,oat:std_floor_beta=0.1,std_floor_beta,0.1,160000,0.9986,0.9970852306171644,0.9986,0.0,0.0014,6.25e-06,0.00139375
imagenet_mnv2_100_exact_k3,imagenet,margin_drop,oat:std_floor_beta=0.25,std_floor_beta,0.25,160000,0.98983125,0.9785463324449466,0.98983125,0.0,0.01016875,6.25e-06,0.0101625
imagenet_mnv2_100_exact_k3,imagenet,margin_drop,preset:lenient,preset,lenient,160000,0.970225,0.9407808525191547,0.970225,0.0,0.029775,0.029775,0.0
imagenet_mnv2_100_exact_k3,imagenet,margin_drop,preset:conservative,preset,conservative,160000,0.9066375,0.8081672946208285,0.9066375,0.02934375,0.06401875,0.00038125,0.09298125
imagenet_mnv2_100_exact_k3,imagenet,margin_drop,alt:zero_abstain:sign_alpha=0.01,zero_abstain_alpha,0.01,160000,0.99155,0.9876782499233246,0.99155,0.0066375,0.0018125,0.00828125,0.00016875
imagenet_mnv2_100_exact_k3,imagenet,margin_drop,alt:zero_abstain:sign_alpha=0.05,zero_abstain_alpha,0.05,160000,0.957725,0.939906790110742,0.957725,0.0335,0.008775,0.04135625,0.00091875
imagenet_mnv2_100_exact_k3,imagenet,margin_drop,alt:zero_abstain:sign_alpha=0.1,zero_abstain_alpha,0.1,160000,0.91870625,0.8888897962420805,0.91870625,0.06574375,0.01555,0.07935,0.00194375
imagenet_mnv2_100_exact_k3,imagenet,margin_drop,alt:zero_abstain:sign_alpha=0.25,zero_abstain_alpha,0.25,160000,0.81535,0.7641521177681873,0.81535,0.15318125,0.03146875,0.17801875,0.00663125
imagenet_mnv2_100_crop_free_k3,imagenet,margin_drop,default,default,,160000,1.0,1.0,1.0,0.0,0.0,0.0,0.0
imagenet_mnv2_100_crop_free_k3,imagenet,margin_drop,oat:z_threshold=1.0,z_threshold,1.0,160000,0.9380625,0.882423831023868,0.9380625,0.0,0.0619375,0.0619375,0.0
imagenet_mnv2_100_crop_free_k3,imagenet,margin_drop,oat:z_threshold=1.5,z_threshold,1.5,160000,0.97255,0.9453356722194708,0.97255,0.0,0.02745,0.02745,0.0
imagenet_mnv2_100_crop_free_k3,imagenet,margin_drop,oat:z_threshold=2.0,z_threshold,2.0,160000,1.0,1.0,1.0,0.0,0.0,0.0,0.0
imagenet_mnv2_100_crop_free_k3,imagenet,margin_drop,oat:z_threshold=2.5,z_threshold,2.5,160000,0.97736875,0.9514755119508939,0.97736875,0.0,0.02263125,0.0,0.02263125
imagenet_mnv2_100_crop_free_k3,imagenet,margin_drop,oat:z_threshold=3.0,z_threshold,3.0,160000,0.95948125,0.9106755489626979,0.95948125,0.0,0.04051875,0.0,0.04051875
imagenet_mnv2_100_crop_free_k3,imagenet,margin_drop,oat:z_threshold=4.0,z_threshold,4.0,160000,0.93293125,0.8456953519056906,0.93293125,0.0,0.06706875,0.0,0.06706875
imagenet_mnv2_100_crop_free_k3,imagenet,margin_drop,oat:sign_alpha=0.0,sign_alpha,0.0,160000,1.0,1.0,1.0,0.0,0.0,0.0,0.0
imagenet_mnv2_100_crop_free_k3,imagenet,margin_drop,oat:sign_alpha=0.01,sign_alpha,0.01,160000,0.99246875,0.9883102966799181,0.99246875,0.00568125,0.00185,0.0,0.00753125
imagenet_mnv2_100_crop_free_k3,imagenet,margin_drop,oat:sign_alpha=0.05,sign_alpha,0.05,160000,0.96336875,0.9413366081110459,0.96336875,0.02726875,0.0093625,9.375e-05,0.0365375
imagenet_mnv2_100_crop_free_k3,imagenet,margin_drop,oat:sign_alpha=0.1,sign_alpha,0.1,160000,0.93178125,0.8879028074771587,0.93178125,0.05046875,0.01775,0.00075625,0.0674625
imagenet_mnv2_100_crop_free_k3,imagenet,margin_drop,oat:sign_alpha=0.25,sign_alpha,0.25,160000,0.85135625,0.7402015734470325,0.85135625,0.10830625,0.0403375,0.008775,0.13986875
imagenet_mnv2_100_crop_free_k3,imagenet,margin_drop,oat:min_multi_strategy=2,min_multi_strategy,2,160000,1.0,1.0,1.0,0.0,0.0,0.0,0.0
imagenet_mnv2_100_crop_free_k3,imagenet,margin_drop,oat:min_multi_strategy=3,min_multi_strategy,3,160000,1.0,1.0,1.0,0.0,0.0,0.0,0.0
imagenet_mnv2_100_crop_free_k3,imagenet,margin_drop,oat:ci_level=90,ci_level,90,160000,1.0,1.0,1.0,0.0,0.0,0.0,0.0
imagenet_mnv2_100_crop_free_k3,imagenet,margin_drop,oat:ci_level=95,ci_level,95,160000,1.0,1.0,1.0,0.0,0.0,0.0,0.0
imagenet_mnv2_100_crop_free_k3,imagenet,margin_drop,oat:ci_level=99,ci_level,99,160000,1.0,1.0,1.0,0.0,0.0,0.0,0.0
imagenet_mnv2_100_crop_free_k3,imagenet,margin_drop,oat:ci_level=999,ci_level,999,160000,1.0,1.0,1.0,0.0,0.0,0.0,0.0
imagenet_mnv2_100_crop_free_k3,imagenet,margin_drop,oat:ddof=0,ddof,0,160000,1.0,1.0,1.0,0.0,0.0,0.0,0.0
imagenet_mnv2_100_crop_free_k3,imagenet,margin_drop,oat:ddof=1,ddof,1,160000,0.97951875,0.9562295121322512,0.97951875,0.0,0.02048125,0.0,0.02048125
imagenet_mnv2_100_crop_free_k3,imagenet,margin_drop,oat:std_floor_beta=0.0,std_floor_beta,0.0,160000,1.0,1.0,1.0,0.0,0.0,0.0,0.0
imagenet_mnv2_100_crop_free_k3,imagenet,margin_drop,oat:std_floor_beta=0.1,std_floor_beta,0.1,160000,0.99835625,0.9965853817215558,0.99835625,0.0,0.00164375,6.25e-06,0.0016375
imagenet_mnv2_100_crop_free_k3,imagenet,margin_drop,oat:std_floor_beta=0.25,std_floor_beta,0.25,160000,0.98898125,0.9767875145222278,0.98898125,0.0,0.01101875,6.25e-06,0.0110125
imagenet_mnv2_100_crop_free_k3,imagenet,margin_drop,preset:lenient,preset,lenient,160000,0.97255,0.9453356722194708,0.97255,0.0,0.02745,0.02745,0.0
imagenet_mnv2_100_crop_free_k3,imagenet,margin_drop,preset:conservative,preset,conservative,160000,0.90701875,0.8053122846130926,0.90701875,0.027275,0.06570625,0.0001,0.09288125
imagenet_mnv2_100_crop_free_k3,imagenet,margin_drop,alt:zero_abstain:sign_alpha=0.01,zero_abstain_alpha,0.01,160000,0.99228125,0.9882212381968248,0.99228125,0.0058625,0.00185625,0.00770625,1.25e-05
imagenet_mnv2_100_crop_free_k3,imagenet,margin_drop,alt:zero_abstain:sign_alpha=0.05,zero_abstain_alpha,0.05,160000,0.96161875,0.9431767878966767,0.96161875,0.0294375,0.00894375,0.03811875,0.0002625
imagenet_mnv2_100_crop_free_k3,imagenet,margin_drop,alt:zero_abstain:sign_alpha=0.1,zero_abstain_alpha,0.1,160000,0.9246,0.8917360471229603,0.9246,0.05826875,0.01713125,0.0743375,0.0010625
imagenet_mnv2_100_crop_free_k3,imagenet,margin_drop,alt:zero_abstain:sign_alpha=0.25,zero_abstain_alpha,0.25,160000,0.820375,0.7627312633916374,0.820375,0.143325,0.0363,0.17429375,0.00533125
ntu60_tsm_exact,ntu60,margin_drop,default,default,,12000,1.0,1.0,1.0,0.0,0.0,0.0,0.0
ntu60_tsm_exact,ntu60,margin_drop,oat:sign_alpha=0.0,sign_alpha,0.0,12000,1.0,1.0,1.0,0.0,0.0,0.0,0.0
ntu60_tsm_exact,ntu60,margin_drop,oat:sign_alpha=0.01,sign_alpha,0.01,12000,0.988,0.9746430127258768,0.988,0.0,0.012,8.333333333333333e-05,0.011916666666666667
ntu60_tsm_exact,ntu60,margin_drop,oat:sign_alpha=0.05,sign_alpha,0.05,12000,0.94775,0.8875876742185616,0.94775,0.0,0.05225,0.001,0.05125
ntu60_tsm_exact,ntu60,margin_drop,oat:sign_alpha=0.1,sign_alpha,0.1,12000,0.90775,0.7980966060623119,0.90775,0.0,0.09225,0.003,0.08925
ntu60_tsm_exact,ntu60,margin_drop,oat:sign_alpha=0.25,sign_alpha,0.25,12000,0.82975,0.6179249967256504,0.82975,0.0,0.17025,0.01625,0.154
ntu60_tsm_exact,ntu60,margin_drop,oat:min_multi_strategy=2,min_multi_strategy,2,12000,1.0,1.0,1.0,0.0,0.0,0.0,0.0
ntu60_tsm_exact,ntu60,margin_drop,oat:min_multi_strategy=3,min_multi_strategy,3,12000,1.0,1.0,1.0,0.0,0.0,0.0,0.0
ntu60_tsm_exact,ntu60,margin_drop,oat:ci_level=90,ci_level,90,12000,1.0,1.0,1.0,0.0,0.0,0.0,0.0
ntu60_tsm_exact,ntu60,margin_drop,oat:ci_level=95,ci_level,95,12000,1.0,1.0,1.0,0.0,0.0,0.0,0.0
ntu60_tsm_exact,ntu60,margin_drop,oat:ci_level=99,ci_level,99,12000,1.0,1.0,1.0,0.0,0.0,0.0,0.0
ntu60_tsm_exact,ntu60,margin_drop,oat:ci_level=999,ci_level,999,12000,1.0,1.0,1.0,0.0,0.0,0.0,0.0
ntu60_tsm_exact,ntu60,margin_drop,preset:lenient,preset,lenient,12000,1.0,1.0,1.0,0.0,0.0,0.0,0.0
ntu60_tsm_exact,ntu60,margin_drop,preset:conservative,preset,conservative,12000,0.94775,0.8875876742185616,0.94775,0.0,0.05225,0.001,0.05125
ntu60_tsm_exact,ntu60,margin_drop,alt:zero_abstain:sign_alpha=0.01,zero_abstain_alpha,0.01,12000,0.9858333333333333,0.9728359538439322,0.9858333333333333,0.0023333333333333335,0.011833333333333333,0.013666666666666667,0.0005
ntu60_tsm_exact,ntu60,margin_drop,alt:zero_abstain:sign_alpha=0.05,zero_abstain_alpha,0.05,12000,0.9328333333333333,0.8856079977019992,0.9328333333333333,0.023,0.04416666666666667,0.06116666666666667,0.006
ntu60_tsm_exact,ntu60,margin_drop,alt:zero_abstain:sign_alpha=0.1,zero_abstain_alpha,0.1,12000,0.8684166666666666,0.800190143090938,0.8684166666666666,0.066,0.06558333333333333,0.11441666666666667,0.017166666666666667
ntu60_tsm_exact,ntu60,margin_drop,alt:zero_abstain:sign_alpha=0.25,zero_abstain_alpha,0.25,12000,0.7248333333333333,0.6401447565197226,0.7248333333333333,0.18875,0.08641666666666667,0.21966666666666668,0.0555
ntu60_tsm_crop_free,ntu60,margin_drop,default,default,,12000,1.0,1.0,1.0,0.0,0.0,0.0,0.0
ntu60_tsm_crop_free,ntu60,margin_drop,oat:sign_alpha=0.0,sign_alpha,0.0,12000,1.0,1.0,1.0,0.0,0.0,0.0,0.0
ntu60_tsm_crop_free,ntu60,margin_drop,oat:sign_alpha=0.01,sign_alpha,0.01,12000,0.9866666666666667,0.9709673537116402,0.9866666666666667,0.0,0.013333333333333334,8.333333333333333e-05,0.01325
ntu60_tsm_crop_free,ntu60,margin_drop,oat:sign_alpha=0.05,sign_alpha,0.05,12000,0.9494166666666667,0.8874809973570699,0.9494166666666667,0.0,0.050583333333333334,0.0009166666666666666,0.049666666666666665
ntu60_tsm_crop_free,ntu60,margin_drop,oat:sign_alpha=0.1,sign_alpha,0.1,12000,0.9098333333333334,0.79549368185889,0.9098333333333334,0.0,0.09016666666666667,0.004833333333333334,0.08533333333333333
ntu60_tsm_crop_free,ntu60,margin_drop,oat:sign_alpha=0.25,sign_alpha,0.25,12000,0.8325,0.608392613875556,0.8325,0.0,0.1675,0.019333333333333334,0.14816666666666667
ntu60_tsm_crop_free,ntu60,margin_drop,oat:min_multi_strategy=2,min_multi_strategy,2,12000,1.0,1.0,1.0,0.0,0.0,0.0,0.0
ntu60_tsm_crop_free,ntu60,margin_drop,oat:min_multi_strategy=3,min_multi_strategy,3,12000,1.0,1.0,1.0,0.0,0.0,0.0,0.0
ntu60_tsm_crop_free,ntu60,margin_drop,oat:ci_level=90,ci_level,90,12000,1.0,1.0,1.0,0.0,0.0,0.0,0.0
ntu60_tsm_crop_free,ntu60,margin_drop,oat:ci_level=95,ci_level,95,12000,1.0,1.0,1.0,0.0,0.0,0.0,0.0
ntu60_tsm_crop_free,ntu60,margin_drop,oat:ci_level=99,ci_level,99,12000,1.0,1.0,1.0,0.0,0.0,0.0,0.0
ntu60_tsm_crop_free,ntu60,margin_drop,oat:ci_level=999,ci_level,999,12000,1.0,1.0,1.0,0.0,0.0,0.0,0.0
ntu60_tsm_crop_free,ntu60,margin_drop,preset:lenient,preset,lenient,12000,1.0,1.0,1.0,0.0,0.0,0.0,0.0
ntu60_tsm_crop_free,ntu60,margin_drop,preset:conservative,preset,conservative,12000,0.9494166666666667,0.8874809973570699,0.9494166666666667,0.0,0.050583333333333334,0.0009166666666666666,0.049666666666666665
ntu60_tsm_crop_free,ntu60,margin_drop,alt:zero_abstain:sign_alpha=0.01,zero_abstain_alpha,0.01,12000,0.9840833333333333,0.9696300592859949,0.9840833333333333,0.0035,0.012416666666666666,0.015083333333333334,0.0008333333333333334
ntu60_tsm_crop_free,ntu60,margin_drop,alt:zero_abstain:sign_alpha=0.05,zero_abstain_alpha,0.05,12000,0.92975,0.880302042799962,0.92975,0.026416666666666668,0.043833333333333335,0.06366666666666666,0.006583333333333333
ntu60_tsm_crop_free,ntu60,margin_drop,alt:zero_abstain:sign_alpha=0.1,zero_abstain_alpha,0.1,12000,0.8670833333333333,0.7962380908901919,0.8670833333333333,0.06833333333333333,0.06458333333333334,0.11458333333333333,0.018333333333333333
ntu60_tsm_crop_free,ntu60,margin_drop,alt:zero_abstain:sign_alpha=0.25,zero_abstain_alpha,0.25,12000,0.7223333333333334,0.6315526168961432,0.7223333333333334,0.18866666666666668,0.089,0.22308333333333333,0.05458333333333333
