run,dataset,metric,setting_id,param,value,grade,n,share
synthetic_shortcut,synthetic,margin_drop,default,default,,unreliable,2389,0.7465625
synthetic_shortcut,synthetic,margin_drop,default,default,,low,551,0.1721875
synthetic_shortcut,synthetic,margin_drop,default,default,,moderate,0,0.0
synthetic_shortcut,synthetic,margin_drop,default,default,,high,260,0.08125
synthetic_shortcut,synthetic,margin_drop,oat:z_threshold=1.0,z_threshold,1.0,unreliable,2389,0.7465625
synthetic_shortcut,synthetic,margin_drop,oat:z_threshold=1.0,z_threshold,1.0,low,493,0.1540625
synthetic_shortcut,synthetic,margin_drop,oat:z_threshold=1.0,z_threshold,1.0,moderate,0,0.0
synthetic_shortcut,synthetic,margin_drop,oat:z_threshold=1.0,z_threshold,1.0,high,318,0.099375
synthetic_shortcut,synthetic,margin_drop,oat:z_threshold=1.5,z_threshold,1.5,unreliable,2389,0.7465625
synthetic_shortcut,synthetic,margin_drop,oat:z_threshold=1.5,z_threshold,1.5,low,540,0.16875
synthetic_shortcut,synthetic,margin_drop,oat:z_threshold=1.5,z_threshold,1.5,moderate,0,0.0
synthetic_shortcut,synthetic,margin_drop,oat:z_threshold=1.5,z_threshold,1.5,high,271,0.0846875
synthetic_shortcut,synthetic,margin_drop,oat:z_threshold=2.0,z_threshold,2.0,unreliable,2389,0.7465625
synthetic_shortcut,synthetic,margin_drop,oat:z_threshold=2.0,z_threshold,2.0,low,551,0.1721875
synthetic_shortcut,synthetic,margin_drop,oat:z_threshold=2.0,z_threshold,2.0,moderate,0,0.0
synthetic_shortcut,synthetic,margin_drop,oat:z_threshold=2.0,z_threshold,2.0,high,260,0.08125
synthetic_shortcut,synthetic,margin_drop,oat:z_threshold=2.5,z_threshold,2.5,unreliable,2389,0.7465625
synthetic_shortcut,synthetic,margin_drop,oat:z_threshold=2.5,z_threshold,2.5,low,558,0.174375
synthetic_shortcut,synthetic,margin_drop,oat:z_threshold=2.5,z_threshold,2.5,moderate,0,0.0
synthetic_shortcut,synthetic,margin_drop,oat:z_threshold=2.5,z_threshold,2.5,high,253,0.0790625
synthetic_shortcut,synthetic,margin_drop,oat:z_threshold=3.0,z_threshold,3.0,unreliable,2389,0.7465625
synthetic_shortcut,synthetic,margin_drop,oat:z_threshold=3.0,z_threshold,3.0,low,561,0.1753125
synthetic_shortcut,synthetic,margin_drop,oat:z_threshold=3.0,z_threshold,3.0,moderate,0,0.0
synthetic_shortcut,synthetic,margin_drop,oat:z_threshold=3.0,z_threshold,3.0,high,250,0.078125
synthetic_shortcut,synthetic,margin_drop,oat:z_threshold=4.0,z_threshold,4.0,unreliable,2389,0.7465625
synthetic_shortcut,synthetic,margin_drop,oat:z_threshold=4.0,z_threshold,4.0,low,569,0.1778125
synthetic_shortcut,synthetic,margin_drop,oat:z_threshold=4.0,z_threshold,4.0,moderate,0,0.0
synthetic_shortcut,synthetic,margin_drop,oat:z_threshold=4.0,z_threshold,4.0,high,242,0.075625
synthetic_shortcut,synthetic,margin_drop,oat:sign_alpha=0.0,sign_alpha,0.0,unreliable,2389,0.7465625
synthetic_shortcut,synthetic,margin_drop,oat:sign_alpha=0.0,sign_alpha,0.0,low,551,0.1721875
synthetic_shortcut,synthetic,margin_drop,oat:sign_alpha=0.0,sign_alpha,0.0,moderate,0,0.0
synthetic_shortcut,synthetic,margin_drop,oat:sign_alpha=0.0,sign_alpha,0.0,high,260,0.08125
synthetic_shortcut,synthetic,margin_drop,oat:sign_alpha=0.01,sign_alpha,0.01,unreliable,2441,0.7628125
synthetic_shortcut,synthetic,margin_drop,oat:sign_alpha=0.01,sign_alpha,0.01,low,508,0.15875
synthetic_shortcut,synthetic,margin_drop,oat:sign_alpha=0.01,sign_alpha,0.01,moderate,0,0.0
synthetic_shortcut,synthetic,margin_drop,oat:sign_alpha=0.01,sign_alpha,0.01,high,251,0.0784375
synthetic_shortcut,synthetic,margin_drop,oat:sign_alpha=0.05,sign_alpha,0.05,unreliable,2479,0.7746875
synthetic_shortcut,synthetic,margin_drop,oat:sign_alpha=0.05,sign_alpha,0.05,low,479,0.1496875
synthetic_shortcut,synthetic,margin_drop,oat:sign_alpha=0.05,sign_alpha,0.05,moderate,0,0.0
synthetic_shortcut,synthetic,margin_drop,oat:sign_alpha=0.05,sign_alpha,0.05,high,242,0.075625
synthetic_shortcut,synthetic,margin_drop,oat:sign_alpha=0.1,sign_alpha,0.1,unreliable,2490,0.778125
synthetic_shortcut,synthetic,margin_drop,oat:sign_alpha=0.1,sign_alpha,0.1,low,472,0.1475
synthetic_shortcut,synthetic,margin_drop,oat:sign_alpha=0.1,sign_alpha,0.1,moderate,0,0.0
synthetic_shortcut,synthetic,margin_drop,oat:sign_alpha=0.1,sign_alpha,0.1,high,238,0.074375
synthetic_shortcut,synthetic,margin_drop,oat:sign_alpha=0.25,sign_alpha,0.25,unreliable,2465,0.7703125
synthetic_shortcut,synthetic,margin_drop,oat:sign_alpha=0.25,sign_alpha,0.25,low,494,0.154375
synthetic_shortcut,synthetic,margin_drop,oat:sign_alpha=0.25,sign_alpha,0.25,moderate,0,0.0
synthetic_shortcut,synthetic,margin_drop,oat:sign_alpha=0.25,sign_alpha,0.25,high,241,0.0753125
synthetic_shortcut,synthetic,margin_drop,oat:min_multi_strategy=2,min_multi_strategy,2,unreliable,2389,0.7465625
synthetic_shortcut,synthetic,margin_drop,oat:min_multi_strategy=2,min_multi_strategy,2,low,551,0.1721875
synthetic_shortcut,synthetic,margin_drop,oat:min_multi_strategy=2,min_multi_strategy,2,moderate,0,0.0
synthetic_shortcut,synthetic,margin_drop,oat:min_multi_strategy=2,min_multi_strategy,2,high,260,0.08125
synthetic_shortcut,synthetic,margin_drop,oat:min_multi_strategy=3,min_multi_strategy,3,unreliable,2389,0.7465625
synthetic_shortcut,synthetic,margin_drop,oat:min_multi_strategy=3,min_multi_strategy,3,low,551,0.1721875
synthetic_shortcut,synthetic,margin_drop,oat:min_multi_strategy=3,min_multi_strategy,3,moderate,0,0.0
synthetic_shortcut,synthetic,margin_drop,oat:min_multi_strategy=3,min_multi_strategy,3,high,260,0.08125
synthetic_shortcut,synthetic,margin_drop,oat:min_multi_strategy=4,min_multi_strategy,4,unreliable,2389,0.7465625
synthetic_shortcut,synthetic,margin_drop,oat:min_multi_strategy=4,min_multi_strategy,4,low,551,0.1721875
synthetic_shortcut,synthetic,margin_drop,oat:min_multi_strategy=4,min_multi_strategy,4,moderate,0,0.0
synthetic_shortcut,synthetic,margin_drop,oat:min_multi_strategy=4,min_multi_strategy,4,high,260,0.08125
synthetic_shortcut,synthetic,margin_drop,oat:min_multi_strategy=5,min_multi_strategy,5,unreliable,2389,0.7465625
synthetic_shortcut,synthetic,margin_drop,oat:min_multi_strategy=5,min_multi_strategy,5,low,551,0.1721875
synthetic_shortcut,synthetic,margin_drop,oat:min_multi_strategy=5,min_multi_strategy,5,moderate,0,0.0
synthetic_shortcut,synthetic,margin_drop,oat:min_multi_strategy=5,min_multi_strategy,5,high,260,0.08125
synthetic_shortcut,synthetic,margin_drop,oat:ci_level=90,ci_level,90,unreliable,2389,0.7465625
synthetic_shortcut,synthetic,margin_drop,oat:ci_level=90,ci_level,90,low,527,0.1646875
synthetic_shortcut,synthetic,margin_drop,oat:ci_level=90,ci_level,90,moderate,0,0.0
synthetic_shortcut,synthetic,margin_drop,oat:ci_level=90,ci_level,90,high,284,0.08875
synthetic_shortcut,synthetic,margin_drop,oat:ci_level=95,ci_level,95,unreliable,2389,0.7465625
synthetic_shortcut,synthetic,margin_drop,oat:ci_level=95,ci_level,95,low,551,0.1721875
synthetic_shortcut,synthetic,margin_drop,oat:ci_level=95,ci_level,95,moderate,0,0.0
synthetic_shortcut,synthetic,margin_drop,oat:ci_level=95,ci_level,95,high,260,0.08125
synthetic_shortcut,synthetic,margin_drop,oat:ci_level=99,ci_level,99,unreliable,2389,0.7465625
synthetic_shortcut,synthetic,margin_drop,oat:ci_level=99,ci_level,99,low,572,0.17875
synthetic_shortcut,synthetic,margin_drop,oat:ci_level=99,ci_level,99,moderate,0,0.0
synthetic_shortcut,synthetic,margin_drop,oat:ci_level=99,ci_level,99,high,239,0.0746875
synthetic_shortcut,synthetic,margin_drop,oat:ci_level=999,ci_level,999,unreliable,2389,0.7465625
synthetic_shortcut,synthetic,margin_drop,oat:ci_level=999,ci_level,999,low,572,0.17875
synthetic_shortcut,synthetic,margin_drop,oat:ci_level=999,ci_level,999,moderate,0,0.0
synthetic_shortcut,synthetic,margin_drop,oat:ci_level=999,ci_level,999,high,239,0.0746875
synthetic_shortcut,synthetic,margin_drop,oat:ddof=0,ddof,0,unreliable,2389,0.7465625
synthetic_shortcut,synthetic,margin_drop,oat:ddof=0,ddof,0,low,551,0.1721875
synthetic_shortcut,synthetic,margin_drop,oat:ddof=0,ddof,0,moderate,0,0.0
synthetic_shortcut,synthetic,margin_drop,oat:ddof=0,ddof,0,high,260,0.08125
synthetic_shortcut,synthetic,margin_drop,oat:ddof=1,ddof,1,unreliable,2389,0.7465625
synthetic_shortcut,synthetic,margin_drop,oat:ddof=1,ddof,1,low,561,0.1753125
synthetic_shortcut,synthetic,margin_drop,oat:ddof=1,ddof,1,moderate,0,0.0
synthetic_shortcut,synthetic,margin_drop,oat:ddof=1,ddof,1,high,250,0.078125
synthetic_shortcut,synthetic,margin_drop,oat:std_floor_beta=0.0,std_floor_beta,0.0,unreliable,2389,0.7465625
synthetic_shortcut,synthetic,margin_drop,oat:std_floor_beta=0.0,std_floor_beta,0.0,low,551,0.1721875
synthetic_shortcut,synthetic,margin_drop,oat:std_floor_beta=0.0,std_floor_beta,0.0,moderate,0,0.0
synthetic_shortcut,synthetic,margin_drop,oat:std_floor_beta=0.0,std_floor_beta,0.0,high,260,0.08125
synthetic_shortcut,synthetic,margin_drop,oat:std_floor_beta=0.1,std_floor_beta,0.1,unreliable,2389,0.7465625
synthetic_shortcut,synthetic,margin_drop,oat:std_floor_beta=0.1,std_floor_beta,0.1,low,573,0.1790625
synthetic_shortcut,synthetic,margin_drop,oat:std_floor_beta=0.1,std_floor_beta,0.1,moderate,0,0.0
synthetic_shortcut,synthetic,margin_drop,oat:std_floor_beta=0.1,std_floor_beta,0.1,high,238,0.074375
synthetic_shortcut,synthetic,margin_drop,oat:std_floor_beta=0.25,std_floor_beta,0.25,unreliable,2389,0.7465625
synthetic_shortcut,synthetic,margin_drop,oat:std_floor_beta=0.25,std_floor_beta,0.25,low,582,0.181875
synthetic_shortcut,synthetic,margin_drop,oat:std_floor_beta=0.25,std_floor_beta,0.25,moderate,0,0.0
synthetic_shortcut,synthetic,margin_drop,oat:std_floor_beta=0.25,std_floor_beta,0.25,high,229,0.0715625
synthetic_shortcut,synthetic,margin_drop,preset:lenient,preset,lenient,unreliable,2389,0.7465625
synthetic_shortcut,synthetic,margin_drop,preset:lenient,preset,lenient,low,510,0.159375
synthetic_shortcut,synthetic,margin_drop,preset:lenient,preset,lenient,moderate,0,0.0
synthetic_shortcut,synthetic,margin_drop,preset:lenient,preset,lenient,high,301,0.0940625
synthetic_shortcut,synthetic,margin_drop,preset:conservative,preset,conservative,unreliable,2479,0.7746875
synthetic_shortcut,synthetic,margin_drop,preset:conservative,preset,conservative,low,506,0.158125
synthetic_shortcut,synthetic,margin_drop,preset:conservative,preset,conservative,moderate,0,0.0
synthetic_shortcut,synthetic,margin_drop,preset:conservative,preset,conservative,high,215,0.0671875
synthetic_shortcut,synthetic,margin_drop,alt:zero_abstain:sign_alpha=0.01,zero_abstain_alpha,0.01,unreliable,1867,0.5834375
synthetic_shortcut,synthetic,margin_drop,alt:zero_abstain:sign_alpha=0.01,zero_abstain_alpha,0.01,low,1073,0.3353125
synthetic_shortcut,synthetic,margin_drop,alt:zero_abstain:sign_alpha=0.01,zero_abstain_alpha,0.01,moderate,0,0.0
synthetic_shortcut,synthetic,margin_drop,alt:zero_abstain:sign_alpha=0.01,zero_abstain_alpha,0.01,high,260,0.08125
synthetic_shortcut,synthetic,margin_drop,alt:zero_abstain:sign_alpha=0.05,zero_abstain_alpha,0.05,unreliable,1724,0.53875
synthetic_shortcut,synthetic,margin_drop,alt:zero_abstain:sign_alpha=0.05,zero_abstain_alpha,0.05,low,1206,0.376875
synthetic_shortcut,synthetic,margin_drop,alt:zero_abstain:sign_alpha=0.05,zero_abstain_alpha,0.05,moderate,0,0.0
synthetic_shortcut,synthetic,margin_drop,alt:zero_abstain:sign_alpha=0.05,zero_abstain_alpha,0.05,high,270,0.084375
synthetic_shortcut,synthetic,margin_drop,alt:zero_abstain:sign_alpha=0.1,zero_abstain_alpha,0.1,unreliable,1604,0.50125
synthetic_shortcut,synthetic,margin_drop,alt:zero_abstain:sign_alpha=0.1,zero_abstain_alpha,0.1,low,1322,0.413125
synthetic_shortcut,synthetic,margin_drop,alt:zero_abstain:sign_alpha=0.1,zero_abstain_alpha,0.1,moderate,0,0.0
synthetic_shortcut,synthetic,margin_drop,alt:zero_abstain:sign_alpha=0.1,zero_abstain_alpha,0.1,high,274,0.085625
synthetic_shortcut,synthetic,margin_drop,alt:zero_abstain:sign_alpha=0.25,zero_abstain_alpha,0.25,unreliable,1421,0.4440625
synthetic_shortcut,synthetic,margin_drop,alt:zero_abstain:sign_alpha=0.25,zero_abstain_alpha,0.25,low,1494,0.466875
synthetic_shortcut,synthetic,margin_drop,alt:zero_abstain:sign_alpha=0.25,zero_abstain_alpha,0.25,moderate,0,0.0
synthetic_shortcut,synthetic,margin_drop,alt:zero_abstain:sign_alpha=0.25,zero_abstain_alpha,0.25,high,285,0.0890625
synthetic_normal,synthetic,margin_drop,default,default,,unreliable,2019,0.6309375
synthetic_normal,synthetic,margin_drop,default,default,,low,418,0.130625
synthetic_normal,synthetic,margin_drop,default,default,,moderate,0,0.0
synthetic_normal,synthetic,margin_drop,default,default,,high,763,0.2384375
synthetic_normal,synthetic,margin_drop,oat:z_threshold=1.0,z_threshold,1.0,unreliable,2019,0.6309375
synthetic_normal,synthetic,margin_drop,oat:z_threshold=1.0,z_threshold,1.0,low,336,0.105
synthetic_normal,synthetic,margin_drop,oat:z_threshold=1.0,z_threshold,1.0,moderate,0,0.0
synthetic_normal,synthetic,margin_drop,oat:z_threshold=1.0,z_threshold,1.0,high,845,0.2640625
synthetic_normal,synthetic,margin_drop,oat:z_threshold=1.5,z_threshold,1.5,unreliable,2019,0.6309375
synthetic_normal,synthetic,margin_drop,oat:z_threshold=1.5,z_threshold,1.5,low,376,0.1175
synthetic_normal,synthetic,margin_drop,oat:z_threshold=1.5,z_threshold,1.5,moderate,0,0.0
synthetic_normal,synthetic,margin_drop,oat:z_threshold=1.5,z_threshold,1.5,high,805,0.2515625
synthetic_normal,synthetic,margin_drop,oat:z_threshold=2.0,z_threshold,2.0,unreliable,2019,0.6309375
synthetic_normal,synthetic,margin_drop,oat:z_threshold=2.0,z_threshold,2.0,low,418,0.130625
synthetic_normal,synthetic,margin_drop,oat:z_threshold=2.0,z_threshold,2.0,moderate,0,0.0
synthetic_normal,synthetic,margin_drop,oat:z_threshold=2.0,z_threshold,2.0,high,763,0.2384375
synthetic_normal,synthetic,margin_drop,oat:z_threshold=2.5,z_threshold,2.5,unreliable,2019,0.6309375
synthetic_normal,synthetic,margin_drop,oat:z_threshold=2.5,z_threshold,2.5,low,459,0.1434375
synthetic_normal,synthetic,margin_drop,oat:z_threshold=2.5,z_threshold,2.5,moderate,0,0.0
synthetic_normal,synthetic,margin_drop,oat:z_threshold=2.5,z_threshold,2.5,high,722,0.225625
synthetic_normal,synthetic,margin_drop,oat:z_threshold=3.0,z_threshold,3.0,unreliable,2019,0.6309375
synthetic_normal,synthetic,margin_drop,oat:z_threshold=3.0,z_threshold,3.0,low,502,0.156875
synthetic_normal,synthetic,margin_drop,oat:z_threshold=3.0,z_threshold,3.0,moderate,0,0.0
synthetic_normal,synthetic,margin_drop,oat:z_threshold=3.0,z_threshold,3.0,high,679,0.2121875
synthetic_normal,synthetic,margin_drop,oat:z_threshold=4.0,z_threshold,4.0,unreliable,2019,0.6309375
synthetic_normal,synthetic,margin_drop,oat:z_threshold=4.0,z_threshold,4.0,low,558,0.174375
synthetic_normal,synthetic,margin_drop,oat:z_threshold=4.0,z_threshold,4.0,moderate,0,0.0
synthetic_normal,synthetic,margin_drop,oat:z_threshold=4.0,z_threshold,4.0,high,623,0.1946875
synthetic_normal,synthetic,margin_drop,oat:sign_alpha=0.0,sign_alpha,0.0,unreliable,2019,0.6309375
synthetic_normal,synthetic,margin_drop,oat:sign_alpha=0.0,sign_alpha,0.0,low,418,0.130625
synthetic_normal,synthetic,margin_drop,oat:sign_alpha=0.0,sign_alpha,0.0,moderate,0,0.0
synthetic_normal,synthetic,margin_drop,oat:sign_alpha=0.0,sign_alpha,0.0,high,763,0.2384375
synthetic_normal,synthetic,margin_drop,oat:sign_alpha=0.01,sign_alpha,0.01,unreliable,2042,0.638125
synthetic_normal,synthetic,margin_drop,oat:sign_alpha=0.01,sign_alpha,0.01,low,409,0.1278125
synthetic_normal,synthetic,margin_drop,oat:sign_alpha=0.01,sign_alpha,0.01,moderate,0,0.0
synthetic_normal,synthetic,margin_drop,oat:sign_alpha=0.01,sign_alpha,0.01,high,749,0.2340625
synthetic_normal,synthetic,margin_drop,oat:sign_alpha=0.05,sign_alpha,0.05,unreliable,2101,0.6565625
synthetic_normal,synthetic,margin_drop,oat:sign_alpha=0.05,sign_alpha,0.05,low,382,0.119375
synthetic_normal,synthetic,margin_drop,oat:sign_alpha=0.05,sign_alpha,0.05,moderate,0,0.0
synthetic_normal,synthetic,margin_drop,oat:sign_alpha=0.05,sign_alpha,0.05,high,717,0.2240625
synthetic_normal,synthetic,margin_drop,oat:sign_alpha=0.1,sign_alpha,0.1,unreliable,2166,0.676875
synthetic_normal,synthetic,margin_drop,oat:sign_alpha=0.1,sign_alpha,0.1,low,357,0.1115625
synthetic_normal,synthetic,margin_drop,oat:sign_alpha=0.1,sign_alpha,0.1,moderate,0,0.0
synthetic_normal,synthetic,margin_drop,oat:sign_alpha=0.1,sign_alpha,0.1,high,677,0.2115625
synthetic_normal,synthetic,margin_drop,oat:sign_alpha=0.25,sign_alpha,0.25,unreliable,2383,0.7446875
synthetic_normal,synthetic,margin_drop,oat:sign_alpha=0.25,sign_alpha,0.25,low,269,0.0840625
synthetic_normal,synthetic,margin_drop,oat:sign_alpha=0.25,sign_alpha,0.25,moderate,0,0.0
synthetic_normal,synthetic,margin_drop,oat:sign_alpha=0.25,sign_alpha,0.25,high,548,0.17125
synthetic_normal,synthetic,margin_drop,oat:min_multi_strategy=2,min_multi_strategy,2,unreliable,2019,0.6309375
synthetic_normal,synthetic,margin_drop,oat:min_multi_strategy=2,min_multi_strategy,2,low,418,0.130625
synthetic_normal,synthetic,margin_drop,oat:min_multi_strategy=2,min_multi_strategy,2,moderate,0,0.0
synthetic_normal,synthetic,margin_drop,oat:min_multi_strategy=2,min_multi_strategy,2,high,763,0.2384375
synthetic_normal,synthetic,margin_drop,oat:min_multi_strategy=3,min_multi_strategy,3,unreliable,2019,0.6309375
synthetic_normal,synthetic,margin_drop,oat:min_multi_strategy=3,min_multi_strategy,3,low,418,0.130625
synthetic_normal,synthetic,margin_drop,oat:min_multi_strategy=3,min_multi_strategy,3,moderate,0,0.0
synthetic_normal,synthetic,margin_drop,oat:min_multi_strategy=3,min_multi_strategy,3,high,763,0.2384375
synthetic_normal,synthetic,margin_drop,oat:min_multi_strategy=4,min_multi_strategy,4,unreliable,2019,0.6309375
synthetic_normal,synthetic,margin_drop,oat:min_multi_strategy=4,min_multi_strategy,4,low,418,0.130625
synthetic_normal,synthetic,margin_drop,oat:min_multi_strategy=4,min_multi_strategy,4,moderate,0,0.0
synthetic_normal,synthetic,margin_drop,oat:min_multi_strategy=4,min_multi_strategy,4,high,763,0.2384375
synthetic_normal,synthetic,margin_drop,oat:min_multi_strategy=5,min_multi_strategy,5,unreliable,2019,0.6309375
synthetic_normal,synthetic,margin_drop,oat:min_multi_strategy=5,min_multi_strategy,5,low,418,0.130625
synthetic_normal,synthetic,margin_drop,oat:min_multi_strategy=5,min_multi_strategy,5,moderate,0,0.0
synthetic_normal,synthetic,margin_drop,oat:min_multi_strategy=5,min_multi_strategy,5,high,763,0.2384375
synthetic_normal,synthetic,margin_drop,oat:ci_level=90,ci_level,90,unreliable,2019,0.6309375
synthetic_normal,synthetic,margin_drop,oat:ci_level=90,ci_level,90,low,418,0.130625
synthetic_normal,synthetic,margin_drop,oat:ci_level=90,ci_level,90,moderate,0,0.0
synthetic_normal,synthetic,margin_drop,oat:ci_level=90,ci_level,90,high,763,0.2384375
synthetic_normal,synthetic,margin_drop,oat:ci_level=95,ci_level,95,unreliable,2019,0.6309375
synthetic_normal,synthetic,margin_drop,oat:ci_level=95,ci_level,95,low,418,0.130625
synthetic_normal,synthetic,margin_drop,oat:ci_level=95,ci_level,95,moderate,0,0.0
synthetic_normal,synthetic,margin_drop,oat:ci_level=95,ci_level,95,high,763,0.2384375
synthetic_normal,synthetic,margin_drop,oat:ci_level=99,ci_level,99,unreliable,2019,0.6309375
synthetic_normal,synthetic,margin_drop,oat:ci_level=99,ci_level,99,low,418,0.130625
synthetic_normal,synthetic,margin_drop,oat:ci_level=99,ci_level,99,moderate,0,0.0
synthetic_normal,synthetic,margin_drop,oat:ci_level=99,ci_level,99,high,763,0.2384375
synthetic_normal,synthetic,margin_drop,oat:ci_level=999,ci_level,999,unreliable,2019,0.6309375
synthetic_normal,synthetic,margin_drop,oat:ci_level=999,ci_level,999,low,418,0.130625
synthetic_normal,synthetic,margin_drop,oat:ci_level=999,ci_level,999,moderate,0,0.0
synthetic_normal,synthetic,margin_drop,oat:ci_level=999,ci_level,999,high,763,0.2384375
synthetic_normal,synthetic,margin_drop,oat:ddof=0,ddof,0,unreliable,2019,0.6309375
synthetic_normal,synthetic,margin_drop,oat:ddof=0,ddof,0,low,418,0.130625
synthetic_normal,synthetic,margin_drop,oat:ddof=0,ddof,0,moderate,0,0.0
synthetic_normal,synthetic,margin_drop,oat:ddof=0,ddof,0,high,763,0.2384375
synthetic_normal,synthetic,margin_drop,oat:ddof=1,ddof,1,unreliable,2019,0.6309375
synthetic_normal,synthetic,margin_drop,oat:ddof=1,ddof,1,low,489,0.1528125
synthetic_normal,synthetic,margin_drop,oat:ddof=1,ddof,1,moderate,0,0.0
synthetic_normal,synthetic,margin_drop,oat:ddof=1,ddof,1,high,692,0.21625
synthetic_normal,synthetic,margin_drop,oat:std_floor_beta=0.0,std_floor_beta,0.0,unreliable,2019,0.6309375
synthetic_normal,synthetic,margin_drop,oat:std_floor_beta=0.0,std_floor_beta,0.0,low,418,0.130625
synthetic_normal,synthetic,margin_drop,oat:std_floor_beta=0.0,std_floor_beta,0.0,moderate,0,0.0
synthetic_normal,synthetic,margin_drop,oat:std_floor_beta=0.0,std_floor_beta,0.0,high,763,0.2384375
synthetic_normal,synthetic,margin_drop,oat:std_floor_beta=0.1,std_floor_beta,0.1,unreliable,2019,0.6309375
synthetic_normal,synthetic,margin_drop,oat:std_floor_beta=0.1,std_floor_beta,0.1,low,420,0.13125
synthetic_normal,synthetic,margin_drop,oat:std_floor_beta=0.1,std_floor_beta,0.1,moderate,0,0.0
synthetic_normal,synthetic,margin_drop,oat:std_floor_beta=0.1,std_floor_beta,0.1,high,761,0.2378125
synthetic_normal,synthetic,margin_drop,oat:std_floor_beta=0.25,std_floor_beta,0.25,unreliable,2019,0.6309375
synthetic_normal,synthetic,margin_drop,oat:std_floor_beta=0.25,std_floor_beta,0.25,low,425,0.1328125
synthetic_normal,synthetic,margin_drop,oat:std_floor_beta=0.25,std_floor_beta,0.25,moderate,0,0.0
synthetic_normal,synthetic,margin_drop,oat:std_floor_beta=0.25,std_floor_beta,0.25,high,756,0.23625
synthetic_normal,synthetic,margin_drop,preset:lenient,preset,lenient,unreliable,2019,0.6309375
synthetic_normal,synthetic,margin_drop,preset:lenient,preset,lenient,low,376,0.1175
synthetic_normal,synthetic,margin_drop,preset:lenient,preset,lenient,moderate,0,0.0
synthetic_normal,synthetic,margin_drop,preset:lenient,preset,lenient,high,805,0.2515625
synthetic_normal,synthetic,margin_drop,preset:conservative,preset,conservative,unreliable,2101,0.6565625
synthetic_normal,synthetic,margin_drop,preset:conservative,preset,conservative,low,527,0.1646875
synthetic_normal,synthetic,margin_drop,preset:conservative,preset,conservative,moderate,0,0.0
synthetic_normal,synthetic,margin_drop,preset:conservative,preset,conservative,high,572,0.17875
synthetic_normal,synthetic,margin_drop,alt:zero_abstain:sign_alpha=0.01,zero_abstain_alpha,0.01,unreliable,1998,0.624375
synthetic_normal,synthetic,margin_drop,alt:zero_abstain:sign_alpha=0.01,zero_abstain_alpha,0.01,low,421,0.1315625
synthetic_normal,synthetic,margin_drop,alt:zero_abstain:sign_alpha=0.01,zero_abstain_alpha,0.01,moderate,0,0.0
synthetic_normal,synthetic,margin_drop,alt:zero_abstain:sign_alpha=0.01,zero_abstain_alpha,0.01,high,781,0.2440625
synthetic_normal,synthetic,margin_drop,alt:zero_abstain:sign_alpha=0.05,zero_abstain_alpha,0.05,unreliable,1938,0.605625
synthetic_normal,synthetic,margin_drop,alt:zero_abstain:sign_alpha=0.05,zero_abstain_alpha,0.05,low,446,0.139375
synthetic_normal,synthetic,margin_drop,alt:zero_abstain:sign_alpha=0.05,zero_abstain_alpha,0.05,moderate,0,0.0
synthetic_normal,synthetic,margin_drop,alt:zero_abstain:sign_alpha=0.05,zero_abstain_alpha,0.05,high,816,0.255
synthetic_normal,synthetic,margin_drop,alt:zero_abstain:sign_alpha=0.1,zero_abstain_alpha,0.1,unreliable,1850,0.578125
synthetic_normal,synthetic,margin_drop,alt:zero_abstain:sign_alpha=0.1,zero_abstain_alpha,0.1,low,484,0.15125
synthetic_normal,synthetic,margin_drop,alt:zero_abstain:sign_alpha=0.1,zero_abstain_alpha,0.1,moderate,0,0.0
synthetic_normal,synthetic,margin_drop,alt:zero_abstain:sign_alpha=0.1,zero_abstain_alpha,0.1,high,866,0.270625
synthetic_normal,synthetic,margin_drop,alt:zero_abstain:sign_alpha=0.25,zero_abstain_alpha,0.25,unreliable,1611,0.5034375
synthetic_normal,synthetic,margin_drop,alt:zero_abstain:sign_alpha=0.25,zero_abstain_alpha,0.25,low,600,0.1875
synthetic_normal,synthetic,margin_drop,alt:zero_abstain:sign_alpha=0.25,zero_abstain_alpha,0.25,moderate,0,0.0
synthetic_normal,synthetic,margin_drop,alt:zero_abstain:sign_alpha=0.25,zero_abstain_alpha,0.25,high,989,0.3090625
imagenet_mnv2_050_exact_k3,imagenet,margin_drop,default,default,,unreliable,94447,0.59029375
imagenet_mnv2_050_exact_k3,imagenet,margin_drop,default,default,,low,42698,0.2668625
imagenet_mnv2_050_exact_k3,imagenet,margin_drop,default,default,,moderate,0,0.0
imagenet_mnv2_050_exact_k3,imagenet,margin_drop,default,default,,high,22855,0.14284375
imagenet_mnv2_050_exact_k3,imagenet,margin_drop,oat:z_threshold=1.0,z_threshold,1.0,unreliable,94447,0.59029375
imagenet_mnv2_050_exact_k3,imagenet,margin_drop,oat:z_threshold=1.0,z_threshold,1.0,low,31752,0.19845
imagenet_mnv2_050_exact_k3,imagenet,margin_drop,oat:z_threshold=1.0,z_threshold,1.0,moderate,0,0.0
imagenet_mnv2_050_exact_k3,imagenet,margin_drop,oat:z_threshold=1.0,z_threshold,1.0,high,33801,0.21125625
imagenet_mnv2_050_exact_k3,imagenet,margin_drop,oat:z_threshold=1.5,z_threshold,1.5,unreliable,94447,0.59029375
imagenet_mnv2_050_exact_k3,imagenet,margin_drop,oat:z_threshold=1.5,z_threshold,1.5,low,37919,0.23699375
imagenet_mnv2_050_exact_k3,imagenet,margin_drop,oat:z_threshold=1.5,z_threshold,1.5,moderate,0,0.0
imagenet_mnv2_050_exact_k3,imagenet,margin_drop,oat:z_threshold=1.5,z_threshold,1.5,high,27634,0.1727125
imagenet_mnv2_050_exact_k3,imagenet,margin_drop,oat:z_threshold=2.0,z_threshold,2.0,unreliable,94447,0.59029375
imagenet_mnv2_050_exact_k3,imagenet,margin_drop,oat:z_threshold=2.0,z_threshold,2.0,low,42698,0.2668625
imagenet_mnv2_050_exact_k3,imagenet,margin_drop,oat:z_threshold=2.0,z_threshold,2.0,moderate,0,0.0
imagenet_mnv2_050_exact_k3,imagenet,margin_drop,oat:z_threshold=2.0,z_threshold,2.0,high,22855,0.14284375
imagenet_mnv2_050_exact_k3,imagenet,margin_drop,oat:z_threshold=2.5,z_threshold,2.5,unreliable,94447,0.59029375
imagenet_mnv2_050_exact_k3,imagenet,margin_drop,oat:z_threshold=2.5,z_threshold,2.5,low,46470,0.2904375
imagenet_mnv2_050_exact_k3,imagenet,margin_drop,oat:z_threshold=2.5,z_threshold,2.5,moderate,0,0.0
imagenet_mnv2_050_exact_k3,imagenet,margin_drop,oat:z_threshold=2.5,z_threshold,2.5,high,19083,0.11926875
imagenet_mnv2_050_exact_k3,imagenet,margin_drop,oat:z_threshold=3.0,z_threshold,3.0,unreliable,94447,0.59029375
imagenet_mnv2_050_exact_k3,imagenet,margin_drop,oat:z_threshold=3.0,z_threshold,3.0,low,49461,0.30913125
imagenet_mnv2_050_exact_k3,imagenet,margin_drop,oat:z_threshold=3.0,z_threshold,3.0,moderate,0,0.0
imagenet_mnv2_050_exact_k3,imagenet,margin_drop,oat:z_threshold=3.0,z_threshold,3.0,high,16092,0.100575
imagenet_mnv2_050_exact_k3,imagenet,margin_drop,oat:z_threshold=4.0,z_threshold,4.0,unreliable,94447,0.59029375
imagenet_mnv2_050_exact_k3,imagenet,margin_drop,oat:z_threshold=4.0,z_threshold,4.0,low,53717,0.33573125
imagenet_mnv2_050_exact_k3,imagenet,margin_drop,oat:z_threshold=4.0,z_threshold,4.0,moderate,0,0.0
imagenet_mnv2_050_exact_k3,imagenet,margin_drop,oat:z_threshold=4.0,z_threshold,4.0,high,11836,0.073975
imagenet_mnv2_050_exact_k3,imagenet,margin_drop,oat:sign_alpha=0.0,sign_alpha,0.0,unreliable,94447,0.59029375
imagenet_mnv2_050_exact_k3,imagenet,margin_drop,oat:sign_alpha=0.0,sign_alpha,0.0,low,42698,0.2668625
imagenet_mnv2_050_exact_k3,imagenet,margin_drop,oat:sign_alpha=0.0,sign_alpha,0.0,moderate,0,0.0
imagenet_mnv2_050_exact_k3,imagenet,margin_drop,oat:sign_alpha=0.0,sign_alpha,0.0,high,22855,0.14284375
imagenet_mnv2_050_exact_k3,imagenet,margin_drop,oat:sign_alpha=0.01,sign_alpha,0.01,unreliable,95624,0.59765
imagenet_mnv2_050_exact_k3,imagenet,margin_drop,oat:sign_alpha=0.01,sign_alpha,0.01,low,41758,0.2609875
imagenet_mnv2_050_exact_k3,imagenet,margin_drop,oat:sign_alpha=0.01,sign_alpha,0.01,moderate,0,0.0
imagenet_mnv2_050_exact_k3,imagenet,margin_drop,oat:sign_alpha=0.01,sign_alpha,0.01,high,22618,0.1413625
imagenet_mnv2_050_exact_k3,imagenet,margin_drop,oat:sign_alpha=0.05,sign_alpha,0.05,unreliable,100319,0.62699375
imagenet_mnv2_050_exact_k3,imagenet,margin_drop,oat:sign_alpha=0.05,sign_alpha,0.05,low,38178,0.2386125
imagenet_mnv2_050_exact_k3,imagenet,margin_drop,oat:sign_alpha=0.05,sign_alpha,0.05,moderate,0,0.0
imagenet_mnv2_050_exact_k3,imagenet,margin_drop,oat:sign_alpha=0.05,sign_alpha,0.05,high,21503,0.13439375
imagenet_mnv2_050_exact_k3,imagenet,margin_drop,oat:sign_alpha=0.1,sign_alpha,0.1,unreliable,105285,0.65803125
imagenet_mnv2_050_exact_k3,imagenet,margin_drop,oat:sign_alpha=0.1,sign_alpha,0.1,low,34501,0.21563125
imagenet_mnv2_050_exact_k3,imagenet,margin_drop,oat:sign_alpha=0.1,sign_alpha,0.1,moderate,0,0.0
imagenet_mnv2_050_exact_k3,imagenet,margin_drop,oat:sign_alpha=0.1,sign_alpha,0.1,high,20214,0.1263375
imagenet_mnv2_050_exact_k3,imagenet,margin_drop,oat:sign_alpha=0.25,sign_alpha,0.25,unreliable,115017,0.71885625
imagenet_mnv2_050_exact_k3,imagenet,margin_drop,oat:sign_alpha=0.25,sign_alpha,0.25,low,27507,0.17191875
imagenet_mnv2_050_exact_k3,imagenet,margin_drop,oat:sign_alpha=0.25,sign_alpha,0.25,moderate,0,0.0
imagenet_mnv2_050_exact_k3,imagenet,margin_drop,oat:sign_alpha=0.25,sign_alpha,0.25,high,17476,0.109225
imagenet_mnv2_050_exact_k3,imagenet,margin_drop,oat:min_multi_strategy=2,min_multi_strategy,2,unreliable,94447,0.59029375
imagenet_mnv2_050_exact_k3,imagenet,margin_drop,oat:min_multi_strategy=2,min_multi_strategy,2,low,42698,0.2668625
imagenet_mnv2_050_exact_k3,imagenet,margin_drop,oat:min_multi_strategy=2,min_multi_strategy,2,moderate,0,0.0
imagenet_mnv2_050_exact_k3,imagenet,margin_drop,oat:min_multi_strategy=2,min_multi_strategy,2,high,22855,0.14284375
imagenet_mnv2_050_exact_k3,imagenet,margin_drop,oat:min_multi_strategy=3,min_multi_strategy,3,unreliable,94447,0.59029375
imagenet_mnv2_050_exact_k3,imagenet,margin_drop,oat:min_multi_strategy=3,min_multi_strategy,3,low,42698,0.2668625
imagenet_mnv2_050_exact_k3,imagenet,margin_drop,oat:min_multi_strategy=3,min_multi_strategy,3,moderate,0,0.0
imagenet_mnv2_050_exact_k3,imagenet,margin_drop,oat:min_multi_strategy=3,min_multi_strategy,3,high,22855,0.14284375
imagenet_mnv2_050_exact_k3,imagenet,margin_drop,oat:ci_level=90,ci_level,90,unreliable,94447,0.59029375
imagenet_mnv2_050_exact_k3,imagenet,margin_drop,oat:ci_level=90,ci_level,90,low,42698,0.2668625
imagenet_mnv2_050_exact_k3,imagenet,margin_drop,oat:ci_level=90,ci_level,90,moderate,0,0.0
imagenet_mnv2_050_exact_k3,imagenet,margin_drop,oat:ci_level=90,ci_level,90,high,22855,0.14284375
imagenet_mnv2_050_exact_k3,imagenet,margin_drop,oat:ci_level=95,ci_level,95,unreliable,94447,0.59029375
imagenet_mnv2_050_exact_k3,imagenet,margin_drop,oat:ci_level=95,ci_level,95,low,42698,0.2668625
imagenet_mnv2_050_exact_k3,imagenet,margin_drop,oat:ci_level=95,ci_level,95,moderate,0,0.0
imagenet_mnv2_050_exact_k3,imagenet,margin_drop,oat:ci_level=95,ci_level,95,high,22855,0.14284375
imagenet_mnv2_050_exact_k3,imagenet,margin_drop,oat:ci_level=99,ci_level,99,unreliable,94447,0.59029375
imagenet_mnv2_050_exact_k3,imagenet,margin_drop,oat:ci_level=99,ci_level,99,low,42698,0.2668625
imagenet_mnv2_050_exact_k3,imagenet,margin_drop,oat:ci_level=99,ci_level,99,moderate,0,0.0
imagenet_mnv2_050_exact_k3,imagenet,margin_drop,oat:ci_level=99,ci_level,99,high,22855,0.14284375
imagenet_mnv2_050_exact_k3,imagenet,margin_drop,oat:ci_level=999,ci_level,999,unreliable,94447,0.59029375
imagenet_mnv2_050_exact_k3,imagenet,margin_drop,oat:ci_level=999,ci_level,999,low,42698,0.2668625
imagenet_mnv2_050_exact_k3,imagenet,margin_drop,oat:ci_level=999,ci_level,999,moderate,0,0.0
imagenet_mnv2_050_exact_k3,imagenet,margin_drop,oat:ci_level=999,ci_level,999,high,22855,0.14284375
imagenet_mnv2_050_exact_k3,imagenet,margin_drop,oat:ddof=0,ddof,0,unreliable,94447,0.59029375
imagenet_mnv2_050_exact_k3,imagenet,margin_drop,oat:ddof=0,ddof,0,low,42698,0.2668625
imagenet_mnv2_050_exact_k3,imagenet,margin_drop,oat:ddof=0,ddof,0,moderate,0,0.0
imagenet_mnv2_050_exact_k3,imagenet,margin_drop,oat:ddof=0,ddof,0,high,22855,0.14284375
imagenet_mnv2_050_exact_k3,imagenet,margin_drop,oat:ddof=1,ddof,1,unreliable,94447,0.59029375
imagenet_mnv2_050_exact_k3,imagenet,margin_drop,oat:ddof=1,ddof,1,low,46119,0.28824375
imagenet_mnv2_050_exact_k3,imagenet,margin_drop,oat:ddof=1,ddof,1,moderate,0,0.0
imagenet_mnv2_050_exact_k3,imagenet,margin_drop,oat:ddof=1,ddof,1,high,19434,0.1214625
imagenet_mnv2_050_exact_k3,imagenet,margin_drop,oat:std_floor_beta=0.0,std_floor_beta,0.0,unreliable,94447,0.59029375
imagenet_mnv2_050_exact_k3,imagenet,margin_drop,oat:std_floor_beta=0.0,std_floor_beta,0.0,low,42698,0.2668625
imagenet_mnv2_050_exact_k3,imagenet,margin_drop,oat:std_floor_beta=0.0,std_floor_beta,0.0,moderate,0,0.0
imagenet_mnv2_050_exact_k3,imagenet,margin_drop,oat:std_floor_beta=0.0,std_floor_beta,0.0,high,22855,0.14284375
imagenet_mnv2_050_exact_k3,imagenet,margin_drop,oat:std_floor_beta=0.1,std_floor_beta,0.1,unreliable,94447,0.59029375
imagenet_mnv2_050_exact_k3,imagenet,margin_drop,oat:std_floor_beta=0.1,std_floor_beta,0.1,low,42948,0.268425
imagenet_mnv2_050_exact_k3,imagenet,margin_drop,oat:std_floor_beta=0.1,std_floor_beta,0.1,moderate,0,0.0
imagenet_mnv2_050_exact_k3,imagenet,margin_drop,oat:std_floor_beta=0.1,std_floor_beta,0.1,high,22605,0.14128125
imagenet_mnv2_050_exact_k3,imagenet,margin_drop,oat:std_floor_beta=0.25,std_floor_beta,0.25,unreliable,94447,0.59029375
imagenet_mnv2_050_exact_k3,imagenet,margin_drop,oat:std_floor_beta=0.25,std_floor_beta,0.25,low,44463,0.27789375
imagenet_mnv2_050_exact_k3,imagenet,margin_drop,oat:std_floor_beta=0.25,std_floor_beta,0.25,moderate,0,0.0
imagenet_mnv2_050_exact_k3,imagenet,margin_drop,oat:std_floor_beta=0.25,std_floor_beta,0.25,high,21090,0.1318125
imagenet_mnv2_050_exact_k3,imagenet,margin_drop,preset:lenient,preset,lenient,unreliable,94447,0.59029375
imagenet_mnv2_050_exact_k3,imagenet,margin_drop,preset:lenient,preset,lenient,low,37919,0.23699375
imagenet_mnv2_050_exact_k3,imagenet,margin_drop,preset:lenient,preset,lenient,moderate,0,0.0
imagenet_mnv2_050_exact_k3,imagenet,margin_drop,preset:lenient,preset,lenient,high,27634,0.1727125
imagenet_mnv2_050_exact_k3,imagenet,margin_drop,preset:conservative,preset,conservative,unreliable,100319,0.62699375
imagenet_mnv2_050_exact_k3,imagenet,margin_drop,preset:conservative,preset,conservative,low,47440,0.2965
imagenet_mnv2_050_exact_k3,imagenet,margin_drop,preset:conservative,preset,conservative,moderate,0,0.0
imagenet_mnv2_050_exact_k3,imagenet,margin_drop,preset:conservative,preset,conservative,high,12241,0.07650625
imagenet_mnv2_050_exact_k3,imagenet,margin_drop,alt:zero_abstain:sign_alpha=0.01,zero_abstain_alpha,0.01,unreliable,93210,0.5825625
imagenet_mnv2_050_exact_k3,imagenet,margin_drop,alt:zero_abstain:sign_alpha=0.01,zero_abstain_alpha,0.01,low,43661,0.27288125
imagenet_mnv2_050_exact_k3,imagenet,margin_drop,alt:zero_abstain:sign_alpha=0.01,zero_abstain_alpha,0.01,moderate,0,0.0
imagenet_mnv2_050_exact_k3,imagenet,margin_drop,alt:zero_abstain:sign_alpha=0.01,zero_abstain_alpha,0.01,high,23129,0.14455625
imagenet_mnv2_050_exact_k3,imagenet,margin_drop,alt:zero_abstain:sign_alpha=0.05,zero_abstain_alpha,0.05,unreliable,88415,0.55259375
imagenet_mnv2_050_exact_k3,imagenet,margin_drop,alt:zero_abstain:sign_alpha=0.05,zero_abstain_alpha,0.05,low,47624,0.29765
imagenet_mnv2_050_exact_k3,imagenet,margin_drop,alt:zero_abstain:sign_alpha=0.05,zero_abstain_alpha,0.05,moderate,0,0.0
imagenet_mnv2_050_exact_k3,imagenet,margin_drop,alt:zero_abstain:sign_alpha=0.05,zero_abstain_alpha,0.05,high,23961,0.14975625
imagenet_mnv2_050_exact_k3,imagenet,margin_drop,alt:zero_abstain:sign_alpha=0.1,zero_abstain_alpha,0.1,unreliable,82390,0.5149375
imagenet_mnv2_050_exact_k3,imagenet,margin_drop,alt:zero_abstain:sign_alpha=0.1,zero_abstain_alpha,0.1,low,52780,0.329875
imagenet_mnv2_050_exact_k3,imagenet,margin_drop,alt:zero_abstain:sign_alpha=0.1,zero_abstain_alpha,0.1,moderate,0,0.0
imagenet_mnv2_050_exact_k3,imagenet,margin_drop,alt:zero_abstain:sign_alpha=0.1,zero_abstain_alpha,0.1,high,24830,0.1551875
imagenet_mnv2_050_exact_k3,imagenet,margin_drop,alt:zero_abstain:sign_alpha=0.25,zero_abstain_alpha,0.25,unreliable,66810,0.4175625
imagenet_mnv2_050_exact_k3,imagenet,margin_drop,alt:zero_abstain:sign_alpha=0.25,zero_abstain_alpha,0.25,low,67073,0.41920625
imagenet_mnv2_050_exact_k3,imagenet,margin_drop,alt:zero_abstain:sign_alpha=0.25,zero_abstain_alpha,0.25,moderate,0,0.0
imagenet_mnv2_050_exact_k3,imagenet,margin_drop,alt:zero_abstain:sign_alpha=0.25,zero_abstain_alpha,0.25,high,26117,0.16323125
imagenet_mnv2_050_crop_free_k3,imagenet,margin_drop,default,default,,unreliable,98572,0.616075
imagenet_mnv2_050_crop_free_k3,imagenet,margin_drop,default,default,,low,38163,0.23851875
imagenet_mnv2_050_crop_free_k3,imagenet,margin_drop,default,default,,moderate,0,0.0
imagenet_mnv2_050_crop_free_k3,imagenet,margin_drop,default,default,,high,23265,0.14540625
imagenet_mnv2_050_crop_free_k3,imagenet,margin_drop,oat:z_threshold=1.0,z_threshold,1.0,unreliable,98572,0.616075
imagenet_mnv2_050_crop_free_k3,imagenet,margin_drop,oat:z_threshold=1.0,z_threshold,1.0,low,28333,0.17708125
imagenet_mnv2_050_crop_free_k3,imagenet,margin_drop,oat:z_threshold=1.0,z_threshold,1.0,moderate,0,0.0
imagenet_mnv2_050_crop_free_k3,imagenet,margin_drop,oat:z_threshold=1.0,z_threshold,1.0,high,33095,0.20684375
imagenet_mnv2_050_crop_free_k3,imagenet,margin_drop,oat:z_threshold=1.5,z_threshold,1.5,unreliable,98572,0.616075
imagenet_mnv2_050_crop_free_k3,imagenet,margin_drop,oat:z_threshold=1.5,z_threshold,1.5,low,33678,0.2104875
imagenet_mnv2_050_crop_free_k3,imagenet,margin_drop,oat:z_threshold=1.5,z_threshold,1.5,moderate,0,0.0
imagenet_mnv2_050_crop_free_k3,imagenet,margin_drop,oat:z_threshold=1.5,z_threshold,1.5,high,27750,0.1734375
imagenet_mnv2_050_crop_free_k3,imagenet,margin_drop,oat:z_threshold=2.0,z_threshold,2.0,unreliable,98572,0.616075
imagenet_mnv2_050_crop_free_k3,imagenet,margin_drop,oat:z_threshold=2.0,z_threshold,2.0,low,38163,0.23851875
imagenet_mnv2_050_crop_free_k3,imagenet,margin_drop,oat:z_threshold=2.0,z_threshold,2.0,moderate,0,0.0
imagenet_mnv2_050_crop_free_k3,imagenet,margin_drop,oat:z_threshold=2.0,z_threshold,2.0,high,23265,0.14540625
imagenet_mnv2_050_crop_free_k3,imagenet,margin_drop,oat:z_threshold=2.5,z_threshold,2.5,unreliable,98572,0.616075
imagenet_mnv2_050_crop_free_k3,imagenet,margin_drop,oat:z_threshold=2.5,z_threshold,2.5,low,41776,0.2611
imagenet_mnv2_050_crop_free_k3,imagenet,margin_drop,oat:z_threshold=2.5,z_threshold,2.5,moderate,0,0.0
imagenet_mnv2_050_crop_free_k3,imagenet,margin_drop,oat:z_threshold=2.5,z_threshold,2.5,high,19652,0.122825
imagenet_mnv2_050_crop_free_k3,imagenet,margin_drop,oat:z_threshold=3.0,z_threshold,3.0,unreliable,98572,0.616075
imagenet_mnv2_050_crop_free_k3,imagenet,margin_drop,oat:z_threshold=3.0,z_threshold,3.0,low,44747,0.27966875
imagenet_mnv2_050_crop_free_k3,imagenet,margin_drop,oat:z_threshold=3.0,z_threshold,3.0,moderate,0,0.0
imagenet_mnv2_050_crop_free_k3,imagenet,margin_drop,oat:z_threshold=3.0,z_threshold,3.0,high,16681,0.10425625
imagenet_mnv2_050_crop_free_k3,imagenet,margin_drop,oat:z_threshold=4.0,z_threshold,4.0,unreliable,98572,0.616075
imagenet_mnv2_050_crop_free_k3,imagenet,margin_drop,oat:z_threshold=4.0,z_threshold,4.0,low,49152,0.3072
imagenet_mnv2_050_crop_free_k3,imagenet,margin_drop,oat:z_threshold=4.0,z_threshold,4.0,moderate,0,0.0
imagenet_mnv2_050_crop_free_k3,imagenet,margin_drop,oat:z_threshold=4.0,z_threshold,4.0,high,12276,0.076725
imagenet_mnv2_050_crop_free_k3,imagenet,margin_drop,oat:sign_alpha=0.0,sign_alpha,0.0,unreliable,98572,0.616075
imagenet_mnv2_050_crop_free_k3,imagenet,margin_drop,oat:sign_alpha=0.0,sign_alpha,0.0,low,38163,0.23851875
imagenet_mnv2_050_crop_free_k3,imagenet,margin_drop,oat:sign_alpha=0.0,sign_alpha,0.0,moderate,0,0.0
imagenet_mnv2_050_crop_free_k3,imagenet,margin_drop,oat:sign_alpha=0.0,sign_alpha,0.0,high,23265,0.14540625
imagenet_mnv2_050_crop_free_k3,imagenet,margin_drop,oat:sign_alpha=0.01,sign_alpha,0.01,unreliable,99747,0.62341875
imagenet_mnv2_050_crop_free_k3,imagenet,margin_drop,oat:sign_alpha=0.01,sign_alpha,0.01,low,37341,0.23338125
imagenet_mnv2_050_crop_free_k3,imagenet,margin_drop,oat:sign_alpha=0.01,sign_alpha,0.01,moderate,0,0.0
imagenet_mnv2_050_crop_free_k3,imagenet,margin_drop,oat:sign_alpha=0.01,sign_alpha,0.01,high,22912,0.1432
imagenet_mnv2_050_crop_free_k3,imagenet,margin_drop,oat:sign_alpha=0.05,sign_alpha,0.05,unreliable,104225,0.65140625
imagenet_mnv2_050_crop_free_k3,imagenet,margin_drop,oat:sign_alpha=0.05,sign_alpha,0.05,low,34102,0.2131375
imagenet_mnv2_050_crop_free_k3,imagenet,margin_drop,oat:sign_alpha=0.05,sign_alpha,0.05,moderate,0,0.0
imagenet_mnv2_050_crop_free_k3,imagenet,margin_drop,oat:sign_alpha=0.05,sign_alpha,0.05,high,21673,0.13545625
imagenet_mnv2_050_crop_free_k3,imagenet,margin_drop,oat:sign_alpha=0.1,sign_alpha,0.1,unreliable,109391,0.68369375
imagenet_mnv2_050_crop_free_k3,imagenet,margin_drop,oat:sign_alpha=0.1,sign_alpha,0.1,low,30409,0.19005625
imagenet_mnv2_050_crop_free_k3,imagenet,margin_drop,oat:sign_alpha=0.1,sign_alpha,0.1,moderate,0,0.0
imagenet_mnv2_050_crop_free_k3,imagenet,margin_drop,oat:sign_alpha=0.1,sign_alpha,0.1,high,20200,0.12625
imagenet_mnv2_050_crop_free_k3,imagenet,margin_drop,oat:sign_alpha=0.25,sign_alpha,0.25,unreliable,120949,0.75593125
imagenet_mnv2_050_crop_free_k3,imagenet,margin_drop,oat:sign_alpha=0.25,sign_alpha,0.25,low,22480,0.1405
imagenet_mnv2_050_crop_free_k3,imagenet,margin_drop,oat:sign_alpha=0.25,sign_alpha,0.25,moderate,0,0.0
imagenet_mnv2_050_crop_free_k3,imagenet,margin_drop,oat:sign_alpha=0.25,sign_alpha,0.25,high,16571,0.10356875
imagenet_mnv2_050_crop_free_k3,imagenet,margin_drop,oat:min_multi_strategy=2,min_multi_strategy,2,unreliable,98572,0.616075
imagenet_mnv2_050_crop_free_k3,imagenet,margin_drop,oat:min_multi_strategy=2,min_multi_strategy,2,low,38163,0.23851875
imagenet_mnv2_050_crop_free_k3,imagenet,margin_drop,oat:min_multi_strategy=2,min_multi_strategy,2,moderate,0,0.0
imagenet_mnv2_050_crop_free_k3,imagenet,margin_drop,oat:min_multi_strategy=2,min_multi_strategy,2,high,23265,0.14540625
imagenet_mnv2_050_crop_free_k3,imagenet,margin_drop,oat:min_multi_strategy=3,min_multi_strategy,3,unreliable,98572,0.616075
imagenet_mnv2_050_crop_free_k3,imagenet,margin_drop,oat:min_multi_strategy=3,min_multi_strategy,3,low,38163,0.23851875
imagenet_mnv2_050_crop_free_k3,imagenet,margin_drop,oat:min_multi_strategy=3,min_multi_strategy,3,moderate,0,0.0
imagenet_mnv2_050_crop_free_k3,imagenet,margin_drop,oat:min_multi_strategy=3,min_multi_strategy,3,high,23265,0.14540625
imagenet_mnv2_050_crop_free_k3,imagenet,margin_drop,oat:ci_level=90,ci_level,90,unreliable,98572,0.616075
imagenet_mnv2_050_crop_free_k3,imagenet,margin_drop,oat:ci_level=90,ci_level,90,low,38163,0.23851875
imagenet_mnv2_050_crop_free_k3,imagenet,margin_drop,oat:ci_level=90,ci_level,90,moderate,0,0.0
imagenet_mnv2_050_crop_free_k3,imagenet,margin_drop,oat:ci_level=90,ci_level,90,high,23265,0.14540625
imagenet_mnv2_050_crop_free_k3,imagenet,margin_drop,oat:ci_level=95,ci_level,95,unreliable,98572,0.616075
imagenet_mnv2_050_crop_free_k3,imagenet,margin_drop,oat:ci_level=95,ci_level,95,low,38163,0.23851875
imagenet_mnv2_050_crop_free_k3,imagenet,margin_drop,oat:ci_level=95,ci_level,95,moderate,0,0.0
imagenet_mnv2_050_crop_free_k3,imagenet,margin_drop,oat:ci_level=95,ci_level,95,high,23265,0.14540625
imagenet_mnv2_050_crop_free_k3,imagenet,margin_drop,oat:ci_level=99,ci_level,99,unreliable,98572,0.616075
imagenet_mnv2_050_crop_free_k3,imagenet,margin_drop,oat:ci_level=99,ci_level,99,low,38163,0.23851875
imagenet_mnv2_050_crop_free_k3,imagenet,margin_drop,oat:ci_level=99,ci_level,99,moderate,0,0.0
imagenet_mnv2_050_crop_free_k3,imagenet,margin_drop,oat:ci_level=99,ci_level,99,high,23265,0.14540625
imagenet_mnv2_050_crop_free_k3,imagenet,margin_drop,oat:ci_level=999,ci_level,999,unreliable,98572,0.616075
imagenet_mnv2_050_crop_free_k3,imagenet,margin_drop,oat:ci_level=999,ci_level,999,low,38163,0.23851875
imagenet_mnv2_050_crop_free_k3,imagenet,margin_drop,oat:ci_level=999,ci_level,999,moderate,0,0.0
imagenet_mnv2_050_crop_free_k3,imagenet,margin_drop,oat:ci_level=999,ci_level,999,high,23265,0.14540625
imagenet_mnv2_050_crop_free_k3,imagenet,margin_drop,oat:ddof=0,ddof,0,unreliable,98572,0.616075
imagenet_mnv2_050_crop_free_k3,imagenet,margin_drop,oat:ddof=0,ddof,0,low,38163,0.23851875
imagenet_mnv2_050_crop_free_k3,imagenet,margin_drop,oat:ddof=0,ddof,0,moderate,0,0.0
imagenet_mnv2_050_crop_free_k3,imagenet,margin_drop,oat:ddof=0,ddof,0,high,23265,0.14540625
imagenet_mnv2_050_crop_free_k3,imagenet,margin_drop,oat:ddof=1,ddof,1,unreliable,98572,0.616075
imagenet_mnv2_050_crop_free_k3,imagenet,margin_drop,oat:ddof=1,ddof,1,low,41460,0.259125
imagenet_mnv2_050_crop_free_k3,imagenet,margin_drop,oat:ddof=1,ddof,1,moderate,0,0.0
imagenet_mnv2_050_crop_free_k3,imagenet,margin_drop,oat:ddof=1,ddof,1,high,19968,0.1248
imagenet_mnv2_050_crop_free_k3,imagenet,margin_drop,oat:std_floor_beta=0.0,std_floor_beta,0.0,unreliable,98572,0.616075
imagenet_mnv2_050_crop_free_k3,imagenet,margin_drop,oat:std_floor_beta=0.0,std_floor_beta,0.0,low,38163,0.23851875
imagenet_mnv2_050_crop_free_k3,imagenet,margin_drop,oat:std_floor_beta=0.0,std_floor_beta,0.0,moderate,0,0.0
imagenet_mnv2_050_crop_free_k3,imagenet,margin_drop,oat:std_floor_beta=0.0,std_floor_beta,0.0,high,23265,0.14540625
imagenet_mnv2_050_crop_free_k3,imagenet,margin_drop,oat:std_floor_beta=0.1,std_floor_beta,0.1,unreliable,98572,0.616075
imagenet_mnv2_050_crop_free_k3,imagenet,margin_drop,oat:std_floor_beta=0.1,std_floor_beta,0.1,low,38509,0.24068125
imagenet_mnv2_050_crop_free_k3,imagenet,margin_drop,oat:std_floor_beta=0.1,std_floor_beta,0.1,moderate,0,0.0
imagenet_mnv2_050_crop_free_k3,imagenet,margin_drop,oat:std_floor_beta=0.1,std_floor_beta,0.1,high,22919,0.14324375
imagenet_mnv2_050_crop_free_k3,imagenet,margin_drop,oat:std_floor_beta=0.25,std_floor_beta,0.25,unreliable,98572,0.616075
imagenet_mnv2_050_crop_free_k3,imagenet,margin_drop,oat:std_floor_beta=0.25,std_floor_beta,0.25,low,40222,0.2513875
imagenet_mnv2_050_crop_free_k3,imagenet,margin_drop,oat:std_floor_beta=0.25,std_floor_beta,0.25,moderate,0,0.0
imagenet_mnv2_050_crop_free_k3,imagenet,margin_drop,oat:std_floor_beta=0.25,std_floor_beta,0.25,high,21206,0.1325375
imagenet_mnv2_050_crop_free_k3,imagenet,margin_drop,preset:lenient,preset,lenient,unreliable,98572,0.616075
imagenet_mnv2_050_crop_free_k3,imagenet,margin_drop,preset:lenient,preset,lenient,low,33678,0.2104875
imagenet_mnv2_050_crop_free_k3,imagenet,margin_drop,preset:lenient,preset,lenient,moderate,0,0.0
imagenet_mnv2_050_crop_free_k3,imagenet,margin_drop,preset:lenient,preset,lenient,high,27750,0.1734375
imagenet_mnv2_050_crop_free_k3,imagenet,margin_drop,preset:conservative,preset,conservative,unreliable,104225,0.65140625
imagenet_mnv2_050_crop_free_k3,imagenet,margin_drop,preset:conservative,preset,conservative,low,43345,0.27090625
imagenet_mnv2_050_crop_free_k3,imagenet,margin_drop,preset:conservative,preset,conservative,moderate,0,0.0
imagenet_mnv2_050_crop_free_k3,imagenet,margin_drop,preset:conservative,preset,conservative,high,12430,0.0776875
imagenet_mnv2_050_crop_free_k3,imagenet,margin_drop,alt:zero_abstain:sign_alpha=0.01,zero_abstain_alpha,0.01,unreliable,97440,0.609
imagenet_mnv2_050_crop_free_k3,imagenet,margin_drop,alt:zero_abstain:sign_alpha=0.01,zero_abstain_alpha,0.01,low,38968,0.24355
imagenet_mnv2_050_crop_free_k3,imagenet,margin_drop,alt:zero_abstain:sign_alpha=0.01,zero_abstain_alpha,0.01,moderate,0,0.0
imagenet_mnv2_050_crop_free_k3,imagenet,margin_drop,alt:zero_abstain:sign_alpha=0.01,zero_abstain_alpha,0.01,high,23592,0.14745
imagenet_mnv2_050_crop_free_k3,imagenet,margin_drop,alt:zero_abstain:sign_alpha=0.05,zero_abstain_alpha,0.05,unreliable,92586,0.5786625
imagenet_mnv2_050_crop_free_k3,imagenet,margin_drop,alt:zero_abstain:sign_alpha=0.05,zero_abstain_alpha,0.05,low,42658,0.2666125
imagenet_mnv2_050_crop_free_k3,imagenet,margin_drop,alt:zero_abstain:sign_alpha=0.05,zero_abstain_alpha,0.05,moderate,0,0.0
imagenet_mnv2_050_crop_free_k3,imagenet,margin_drop,alt:zero_abstain:sign_alpha=0.05,zero_abstain_alpha,0.05,high,24756,0.154725
imagenet_mnv2_050_crop_free_k3,imagenet,margin_drop,alt:zero_abstain:sign_alpha=0.1,zero_abstain_alpha,0.1,unreliable,86751,0.54219375
imagenet_mnv2_050_crop_free_k3,imagenet,margin_drop,alt:zero_abstain:sign_alpha=0.1,zero_abstain_alpha,0.1,low,47337,0.29585625
imagenet_mnv2_050_crop_free_k3,imagenet,margin_drop,alt:zero_abstain:sign_alpha=0.1,zero_abstain_alpha,0.1,moderate,0,0.0
imagenet_mnv2_050_crop_free_k3,imagenet,margin_drop,alt:zero_abstain:sign_alpha=0.1,zero_abstain_alpha,0.1,high,25912,0.16195
imagenet_mnv2_050_crop_free_k3,imagenet,margin_drop,alt:zero_abstain:sign_alpha=0.25,zero_abstain_alpha,0.25,unreliable,70572,0.441075
imagenet_mnv2_050_crop_free_k3,imagenet,margin_drop,alt:zero_abstain:sign_alpha=0.25,zero_abstain_alpha,0.25,low,61448,0.38405
imagenet_mnv2_050_crop_free_k3,imagenet,margin_drop,alt:zero_abstain:sign_alpha=0.25,zero_abstain_alpha,0.25,moderate,0,0.0
imagenet_mnv2_050_crop_free_k3,imagenet,margin_drop,alt:zero_abstain:sign_alpha=0.25,zero_abstain_alpha,0.25,high,27980,0.174875
imagenet_mnv2_100_exact_k3,imagenet,margin_drop,default,default,,unreliable,94724,0.592025
imagenet_mnv2_100_exact_k3,imagenet,margin_drop,default,default,,low,42989,0.26868125
imagenet_mnv2_100_exact_k3,imagenet,margin_drop,default,default,,moderate,0,0.0
imagenet_mnv2_100_exact_k3,imagenet,margin_drop,default,default,,high,22287,0.13929375
imagenet_mnv2_100_exact_k3,imagenet,margin_drop,oat:z_threshold=1.0,z_threshold,1.0,unreliable,94724,0.592025
imagenet_mnv2_100_exact_k3,imagenet,margin_drop,oat:z_threshold=1.0,z_threshold,1.0,low,31746,0.1984125
imagenet_mnv2_100_exact_k3,imagenet,margin_drop,oat:z_threshold=1.0,z_threshold,1.0,moderate,0,0.0
imagenet_mnv2_100_exact_k3,imagenet,margin_drop,oat:z_threshold=1.0,z_threshold,1.0,high,33530,0.2095625
imagenet_mnv2_100_exact_k3,imagenet,margin_drop,oat:z_threshold=1.5,z_threshold,1.5,unreliable,94724,0.592025
imagenet_mnv2_100_exact_k3,imagenet,margin_drop,oat:z_threshold=1.5,z_threshold,1.5,low,38225,0.23890625
imagenet_mnv2_100_exact_k3,imagenet,margin_drop,oat:z_threshold=1.5,z_threshold,1.5,moderate,0,0.0
imagenet_mnv2_100_exact_k3,imagenet,margin_drop,oat:z_threshold=1.5,z_threshold,1.5,high,27051,0.16906875
imagenet_mnv2_100_exact_k3,imagenet,margin_drop,oat:z_threshold=2.0,z_threshold,2.0,unreliable,94724,0.592025
imagenet_mnv2_100_exact_k3,imagenet,margin_drop,oat:z_threshold=2.0,z_threshold,2.0,low,42989,0.26868125
imagenet_mnv2_100_exact_k3,imagenet,margin_drop,oat:z_threshold=2.0,z_threshold,2.0,moderate,0,0.0
imagenet_mnv2_100_exact_k3,imagenet,margin_drop,oat:z_threshold=2.0,z_threshold,2.0,high,22287,0.13929375
imagenet_mnv2_100_exact_k3,imagenet,margin_drop,oat:z_threshold=2.5,z_threshold,2.5,unreliable,94724,0.592025
imagenet_mnv2_100_exact_k3,imagenet,margin_drop,oat:z_threshold=2.5,z_threshold,2.5,low,46665,0.29165625
imagenet_mnv2_100_exact_k3,imagenet,margin_drop,oat:z_threshold=2.5,z_threshold,2.5,moderate,0,0.0
imagenet_mnv2_100_exact_k3,imagenet,margin_drop,oat:z_threshold=2.5,z_threshold,2.5,high,18611,0.11631875
imagenet_mnv2_100_exact_k3,imagenet,margin_drop,oat:z_threshold=3.0,z_threshold,3.0,unreliable,94724,0.592025
imagenet_mnv2_100_exact_k3,imagenet,margin_drop,oat:z_threshold=3.0,z_threshold,3.0,low,49536,0.3096
imagenet_mnv2_100_exact_k3,imagenet,margin_drop,oat:z_threshold=3.0,z_threshold,3.0,moderate,0,0.0
imagenet_mnv2_100_exact_k3,imagenet,margin_drop,oat:z_threshold=3.0,z_threshold,3.0,high,15740,0.098375
imagenet_mnv2_100_exact_k3,imagenet,margin_drop,oat:z_threshold=4.0,z_threshold,4.0,unreliable,94724,0.592025
imagenet_mnv2_100_exact_k3,imagenet,margin_drop,oat:z_threshold=4.0,z_threshold,4.0,low,53585,0.33490625
imagenet_mnv2_100_exact_k3,imagenet,margin_drop,oat:z_threshold=4.0,z_threshold,4.0,moderate,0,0.0
imagenet_mnv2_100_exact_k3,imagenet,margin_drop,oat:z_threshold=4.0,z_threshold,4.0,high,11691,0.07306875
imagenet_mnv2_100_exact_k3,imagenet,margin_drop,oat:sign_alpha=0.0,sign_alpha,0.0,unreliable,94724,0.592025
imagenet_mnv2_100_exact_k3,imagenet,margin_drop,oat:sign_alpha=0.0,sign_alpha,0.0,low,42989,0.26868125
imagenet_mnv2_100_exact_k3,imagenet,margin_drop,oat:sign_alpha=0.0,sign_alpha,0.0,moderate,0,0.0
imagenet_mnv2_100_exact_k3,imagenet,margin_drop,oat:sign_alpha=0.0,sign_alpha,0.0,high,22287,0.13929375
imagenet_mnv2_100_exact_k3,imagenet,margin_drop,oat:sign_alpha=0.01,sign_alpha,0.01,unreliable,96014,0.6000875
imagenet_mnv2_100_exact_k3,imagenet,margin_drop,oat:sign_alpha=0.01,sign_alpha,0.01,low,41981,0.26238125
imagenet_mnv2_100_exact_k3,imagenet,margin_drop,oat:sign_alpha=0.01,sign_alpha,0.01,moderate,0,0.0
imagenet_mnv2_100_exact_k3,imagenet,margin_drop,oat:sign_alpha=0.01,sign_alpha,0.01,high,22005,0.13753125
imagenet_mnv2_100_exact_k3,imagenet,margin_drop,oat:sign_alpha=0.05,sign_alpha,0.05,unreliable,100623,0.62889375
imagenet_mnv2_100_exact_k3,imagenet,margin_drop,oat:sign_alpha=0.05,sign_alpha,0.05,low,38402,0.2400125
imagenet_mnv2_100_exact_k3,imagenet,margin_drop,oat:sign_alpha=0.05,sign_alpha,0.05,moderate,0,0.0
imagenet_mnv2_100_exact_k3,imagenet,margin_drop,oat:sign_alpha=0.05,sign_alpha,0.05,high,20975,0.13109375
imagenet_mnv2_100_exact_k3,imagenet,margin_drop,oat:sign_alpha=0.1,sign_alpha,0.1,unreliable,105428,0.658925
imagenet_mnv2_100_exact_k3,imagenet,margin_drop,oat:sign_alpha=0.1,sign_alpha,0.1,low,34777,0.21735625
imagenet_mnv2_100_exact_k3,imagenet,margin_drop,oat:sign_alpha=0.1,sign_alpha,0.1,moderate,0,0.0
imagenet_mnv2_100_exact_k3,imagenet,margin_drop,oat:sign_alpha=0.1,sign_alpha,0.1,high,19795,0.12371875
imagenet_mnv2_100_exact_k3,imagenet,margin_drop,oat:sign_alpha=0.25,sign_alpha,0.25,unreliable,114089,0.71305625
imagenet_mnv2_100_exact_k3,imagenet,margin_drop,oat:sign_alpha=0.25,sign_alpha,0.25,low,28602,0.1787625
imagenet_mnv2_100_exact_k3,imagenet,margin_drop,oat:sign_alpha=0.25,sign_alpha,0.25,moderate,0,0.0
imagenet_mnv2_100_exact_k3,imagenet,margin_drop,oat:sign_alpha=0.25,sign_alpha,0.25,high,17309,0.10818125
imagenet_mnv2_100_exact_k3,imagenet,margin_drop,oat:min_multi_strategy=2,min_multi_strategy,2,unreliable,94724,0.592025
imagenet_mnv2_100_exact_k3,imagenet,margin_drop,oat:min_multi_strategy=2,min_multi_strategy,2,low,42989,0.26868125
imagenet_mnv2_100_exact_k3,imagenet,margin_drop,oat:min_multi_strategy=2,min_multi_strategy,2,moderate,0,0.0
imagenet_mnv2_100_exact_k3,imagenet,margin_drop,oat:min_multi_strategy=2,min_multi_strategy,2,high,22287,0.13929375
imagenet_mnv2_100_exact_k3,imagenet,margin_drop,oat:min_multi_strategy=3,min_multi_strategy,3,unreliable,94724,0.592025
imagenet_mnv2_100_exact_k3,imagenet,margin_drop,oat:min_multi_strategy=3,min_multi_strategy,3,low,42989,0.26868125
imagenet_mnv2_100_exact_k3,imagenet,margin_drop,oat:min_multi_strategy=3,min_multi_strategy,3,moderate,0,0.0
imagenet_mnv2_100_exact_k3,imagenet,margin_drop,oat:min_multi_strategy=3,min_multi_strategy,3,high,22287,0.13929375
imagenet_mnv2_100_exact_k3,imagenet,margin_drop,oat:ci_level=90,ci_level,90,unreliable,94724,0.592025
imagenet_mnv2_100_exact_k3,imagenet,margin_drop,oat:ci_level=90,ci_level,90,low,42989,0.26868125
imagenet_mnv2_100_exact_k3,imagenet,margin_drop,oat:ci_level=90,ci_level,90,moderate,0,0.0
imagenet_mnv2_100_exact_k3,imagenet,margin_drop,oat:ci_level=90,ci_level,90,high,22287,0.13929375
imagenet_mnv2_100_exact_k3,imagenet,margin_drop,oat:ci_level=95,ci_level,95,unreliable,94724,0.592025
imagenet_mnv2_100_exact_k3,imagenet,margin_drop,oat:ci_level=95,ci_level,95,low,42989,0.26868125
imagenet_mnv2_100_exact_k3,imagenet,margin_drop,oat:ci_level=95,ci_level,95,moderate,0,0.0
imagenet_mnv2_100_exact_k3,imagenet,margin_drop,oat:ci_level=95,ci_level,95,high,22287,0.13929375
imagenet_mnv2_100_exact_k3,imagenet,margin_drop,oat:ci_level=99,ci_level,99,unreliable,94724,0.592025
imagenet_mnv2_100_exact_k3,imagenet,margin_drop,oat:ci_level=99,ci_level,99,low,42989,0.26868125
imagenet_mnv2_100_exact_k3,imagenet,margin_drop,oat:ci_level=99,ci_level,99,moderate,0,0.0
imagenet_mnv2_100_exact_k3,imagenet,margin_drop,oat:ci_level=99,ci_level,99,high,22287,0.13929375
imagenet_mnv2_100_exact_k3,imagenet,margin_drop,oat:ci_level=999,ci_level,999,unreliable,94724,0.592025
imagenet_mnv2_100_exact_k3,imagenet,margin_drop,oat:ci_level=999,ci_level,999,low,42989,0.26868125
imagenet_mnv2_100_exact_k3,imagenet,margin_drop,oat:ci_level=999,ci_level,999,moderate,0,0.0
imagenet_mnv2_100_exact_k3,imagenet,margin_drop,oat:ci_level=999,ci_level,999,high,22287,0.13929375
imagenet_mnv2_100_exact_k3,imagenet,margin_drop,oat:ddof=0,ddof,0,unreliable,94724,0.592025
imagenet_mnv2_100_exact_k3,imagenet,margin_drop,oat:ddof=0,ddof,0,low,42989,0.26868125
imagenet_mnv2_100_exact_k3,imagenet,margin_drop,oat:ddof=0,ddof,0,moderate,0,0.0
imagenet_mnv2_100_exact_k3,imagenet,margin_drop,oat:ddof=0,ddof,0,high,22287,0.13929375
imagenet_mnv2_100_exact_k3,imagenet,margin_drop,oat:ddof=1,ddof,1,unreliable,94724,0.592025
imagenet_mnv2_100_exact_k3,imagenet,margin_drop,oat:ddof=1,ddof,1,low,46344,0.28965
imagenet_mnv2_100_exact_k3,imagenet,margin_drop,oat:ddof=1,ddof,1,moderate,0,0.0
imagenet_mnv2_100_exact_k3,imagenet,margin_drop,oat:ddof=1,ddof,1,high,18932,0.118325
imagenet_mnv2_100_exact_k3,imagenet,margin_drop,oat:std_floor_beta=0.0,std_floor_beta,0.0,unreliable,94724,0.592025
imagenet_mnv2_100_exact_k3,imagenet,margin_drop,oat:std_floor_beta=0.0,std_floor_beta,0.0,low,42989,0.26868125
imagenet_mnv2_100_exact_k3,imagenet,margin_drop,oat:std_floor_beta=0.0,std_floor_beta,0.0,moderate,0,0.0
imagenet_mnv2_100_exact_k3,imagenet,margin_drop,oat:std_floor_beta=0.0,std_floor_beta,0.0,high,22287,0.13929375
imagenet_mnv2_100_exact_k3,imagenet,margin_drop,oat:std_floor_beta=0.1,std_floor_beta,0.1,unreliable,94724,0.592025
imagenet_mnv2_100_exact_k3,imagenet,margin_drop,oat:std_floor_beta=0.1,std_floor_beta,0.1,low,43211,0.27006875
imagenet_mnv2_100_exact_k3,imagenet,margin_drop,oat:std_floor_beta=0.1,std_floor_beta,0.1,moderate,0,0.0
imagenet_mnv2_100_exact_k3,imagenet,margin_drop,oat:std_floor_beta=0.1,std_floor_beta,0.1,high,22065,0.13790625
imagenet_mnv2_100_exact_k3,imagenet,margin_drop,oat:std_floor_beta=0.25,std_floor_beta,0.25,unreliable,94724,0.592025
imagenet_mnv2_100_exact_k3,imagenet,margin_drop,oat:std_floor_beta=0.25,std_floor_beta,0.25,low,44614,0.2788375
imagenet_mnv2_100_exact_k3,imagenet,margin_drop,oat:std_floor_beta=0.25,std_floor_beta,0.25,moderate,0,0.0
imagenet_mnv2_100_exact_k3,imagenet,margin_drop,oat:std_floor_beta=0.25,std_floor_beta,0.25,high,20662,0.1291375
imagenet_mnv2_100_exact_k3,imagenet,margin_drop,preset:lenient,preset,lenient,unreliable,94724,0.592025
imagenet_mnv2_100_exact_k3,imagenet,margin_drop,preset:lenient,preset,lenient,low,38225,0.23890625
imagenet_mnv2_100_exact_k3,imagenet,margin_drop,preset:lenient,preset,lenient,moderate,0,0.0
imagenet_mnv2_100_exact_k3,imagenet,margin_drop,preset:lenient,preset,lenient,high,27051,0.16906875
imagenet_mnv2_100_exact_k3,imagenet,margin_drop,preset:conservative,preset,conservative,unreliable,100623,0.62889375
imagenet_mnv2_100_exact_k3,imagenet,margin_drop,preset:conservative,preset,conservative,low,47325,0.29578125
imagenet_mnv2_100_exact_k3,imagenet,margin_drop,preset:conservative,preset,conservative,moderate,0,0.0
imagenet_mnv2_100_exact_k3,imagenet,margin_drop,preset:conservative,preset,conservative,high,12052,0.075325
imagenet_mnv2_100_exact_k3,imagenet,margin_drop,alt:zero_abstain:sign_alpha=0.01,zero_abstain_alpha,0.01,unreliable,93399,0.58374375
imagenet_mnv2_100_exact_k3,imagenet,margin_drop,alt:zero_abstain:sign_alpha=0.01,zero_abstain_alpha,0.01,low,44078,0.2754875
imagenet_mnv2_100_exact_k3,imagenet,margin_drop,alt:zero_abstain:sign_alpha=0.01,zero_abstain_alpha,0.01,moderate,0,0.0
imagenet_mnv2_100_exact_k3,imagenet,margin_drop,alt:zero_abstain:sign_alpha=0.01,zero_abstain_alpha,0.01,high,22523,0.14076875
imagenet_mnv2_100_exact_k3,imagenet,margin_drop,alt:zero_abstain:sign_alpha=0.05,zero_abstain_alpha,0.05,unreliable,88107,0.55066875
imagenet_mnv2_100_exact_k3,imagenet,margin_drop,alt:zero_abstain:sign_alpha=0.05,zero_abstain_alpha,0.05,low,48496,0.3031
imagenet_mnv2_100_exact_k3,imagenet,margin_drop,alt:zero_abstain:sign_alpha=0.05,zero_abstain_alpha,0.05,moderate,0,0.0
imagenet_mnv2_100_exact_k3,imagenet,margin_drop,alt:zero_abstain:sign_alpha=0.05,zero_abstain_alpha,0.05,high,23397,0.14623125
imagenet_mnv2_100_exact_k3,imagenet,margin_drop,alt:zero_abstain:sign_alpha=0.1,zero_abstain_alpha,0.1,unreliable,82028,0.512675
imagenet_mnv2_100_exact_k3,imagenet,margin_drop,alt:zero_abstain:sign_alpha=0.1,zero_abstain_alpha,0.1,low,53819,0.33636875
imagenet_mnv2_100_exact_k3,imagenet,margin_drop,alt:zero_abstain:sign_alpha=0.1,zero_abstain_alpha,0.1,moderate,0,0.0
imagenet_mnv2_100_exact_k3,imagenet,margin_drop,alt:zero_abstain:sign_alpha=0.1,zero_abstain_alpha,0.1,high,24153,0.15095625
imagenet_mnv2_100_exact_k3,imagenet,margin_drop,alt:zero_abstain:sign_alpha=0.25,zero_abstain_alpha,0.25,unreliable,66241,0.41400625
imagenet_mnv2_100_exact_k3,imagenet,margin_drop,alt:zero_abstain:sign_alpha=0.25,zero_abstain_alpha,0.25,low,68559,0.42849375
imagenet_mnv2_100_exact_k3,imagenet,margin_drop,alt:zero_abstain:sign_alpha=0.25,zero_abstain_alpha,0.25,moderate,0,0.0
imagenet_mnv2_100_exact_k3,imagenet,margin_drop,alt:zero_abstain:sign_alpha=0.25,zero_abstain_alpha,0.25,high,25200,0.1575
imagenet_mnv2_100_crop_free_k3,imagenet,margin_drop,default,default,,unreliable,97829,0.61143125
imagenet_mnv2_100_crop_free_k3,imagenet,margin_drop,default,default,,low,39306,0.2456625
imagenet_mnv2_100_crop_free_k3,imagenet,margin_drop,default,default,,moderate,0,0.0
imagenet_mnv2_100_crop_free_k3,imagenet,margin_drop,default,default,,high,22865,0.14290625
imagenet_mnv2_100_crop_free_k3,imagenet,margin_drop,oat:z_threshold=1.0,z_threshold,1.0,unreliable,97829,0.61143125
imagenet_mnv2_100_crop_free_k3,imagenet,margin_drop,oat:z_threshold=1.0,z_threshold,1.0,low,29396,0.183725
imagenet_mnv2_100_crop_free_k3,imagenet,margin_drop,oat:z_threshold=1.0,z_threshold,1.0,moderate,0,0.0
imagenet_mnv2_100_crop_free_k3,imagenet,margin_drop,oat:z_threshold=1.0,z_threshold,1.0,high,32775,0.20484375
imagenet_mnv2_100_crop_free_k3,imagenet,margin_drop,oat:z_threshold=1.5,z_threshold,1.5,unreliable,97829,0.61143125
imagenet_mnv2_100_crop_free_k3,imagenet,margin_drop,oat:z_threshold=1.5,z_threshold,1.5,low,34914,0.2182125
imagenet_mnv2_100_crop_free_k3,imagenet,margin_drop,oat:z_threshold=1.5,z_threshold,1.5,moderate,0,0.0
imagenet_mnv2_100_crop_free_k3,imagenet,margin_drop,oat:z_threshold=1.5,z_threshold,1.5,high,27257,0.17035625
imagenet_mnv2_100_crop_free_k3,imagenet,margin_drop,oat:z_threshold=2.0,z_threshold,2.0,unreliable,97829,0.61143125
imagenet_mnv2_100_crop_free_k3,imagenet,margin_drop,oat:z_threshold=2.0,z_threshold,2.0,low,39306,0.2456625
imagenet_mnv2_100_crop_free_k3,imagenet,margin_drop,oat:z_threshold=2.0,z_threshold,2.0,moderate,0,0.0
imagenet_mnv2_100_crop_free_k3,imagenet,margin_drop,oat:z_threshold=2.0,z_threshold,2.0,high,22865,0.14290625
imagenet_mnv2_100_crop_free_k3,imagenet,margin_drop,oat:z_threshold=2.5,z_threshold,2.5,unreliable,97829,0.61143125
imagenet_mnv2_100_crop_free_k3,imagenet,margin_drop,oat:z_threshold=2.5,z_threshold,2.5,low,42927,0.26829375
imagenet_mnv2_100_crop_free_k3,imagenet,margin_drop,oat:z_threshold=2.5,z_threshold,2.5,moderate,0,0.0
imagenet_mnv2_100_crop_free_k3,imagenet,margin_drop,oat:z_threshold=2.5,z_threshold,2.5,high,19244,0.120275
imagenet_mnv2_100_crop_free_k3,imagenet,margin_drop,oat:z_threshold=3.0,z_threshold,3.0,unreliable,97829,0.61143125
imagenet_mnv2_100_crop_free_k3,imagenet,margin_drop,oat:z_threshold=3.0,z_threshold,3.0,low,45789,0.28618125
imagenet_mnv2_100_crop_free_k3,imagenet,margin_drop,oat:z_threshold=3.0,z_threshold,3.0,moderate,0,0.0
imagenet_mnv2_100_crop_free_k3,imagenet,margin_drop,oat:z_threshold=3.0,z_threshold,3.0,high,16382,0.1023875
imagenet_mnv2_100_crop_free_k3,imagenet,margin_drop,oat:z_threshold=4.0,z_threshold,4.0,unreliable,97829,0.61143125
imagenet_mnv2_100_crop_free_k3,imagenet,margin_drop,oat:z_threshold=4.0,z_threshold,4.0,low,50037,0.31273125
imagenet_mnv2_100_crop_free_k3,imagenet,margin_drop,oat:z_threshold=4.0,z_threshold,4.0,moderate,0,0.0
imagenet_mnv2_100_crop_free_k3,imagenet,margin_drop,oat:z_threshold=4.0,z_threshold,4.0,high,12134,0.0758375
imagenet_mnv2_100_crop_free_k3,imagenet,margin_drop,oat:sign_alpha=0.0,sign_alpha,0.0,unreliable,97829,0.61143125
imagenet_mnv2_100_crop_free_k3,imagenet,margin_drop,oat:sign_alpha=0.0,sign_alpha,0.0,low,39306,0.2456625
imagenet_mnv2_100_crop_free_k3,imagenet,margin_drop,oat:sign_alpha=0.0,sign_alpha,0.0,moderate,0,0.0
imagenet_mnv2_100_crop_free_k3,imagenet,margin_drop,oat:sign_alpha=0.0,sign_alpha,0.0,high,22865,0.14290625
imagenet_mnv2_100_crop_free_k3,imagenet,margin_drop,oat:sign_alpha=0.01,sign_alpha,0.01,unreliable,99034,0.6189625
imagenet_mnv2_100_crop_free_k3,imagenet,margin_drop,oat:sign_alpha=0.01,sign_alpha,0.01,low,38397,0.23998125
imagenet_mnv2_100_crop_free_k3,imagenet,margin_drop,oat:sign_alpha=0.01,sign_alpha,0.01,moderate,0,0.0
imagenet_mnv2_100_crop_free_k3,imagenet,margin_drop,oat:sign_alpha=0.01,sign_alpha,0.01,high,22569,0.14105625
imagenet_mnv2_100_crop_free_k3,imagenet,margin_drop,oat:sign_alpha=0.05,sign_alpha,0.05,unreliable,103660,0.647875
imagenet_mnv2_100_crop_free_k3,imagenet,margin_drop,oat:sign_alpha=0.05,sign_alpha,0.05,low,34971,0.21856875
imagenet_mnv2_100_crop_free_k3,imagenet,margin_drop,oat:sign_alpha=0.05,sign_alpha,0.05,moderate,0,0.0
imagenet_mnv2_100_crop_free_k3,imagenet,margin_drop,oat:sign_alpha=0.05,sign_alpha,0.05,high,21369,0.13355625
imagenet_mnv2_100_crop_free_k3,imagenet,margin_drop,oat:sign_alpha=0.1,sign_alpha,0.1,unreliable,108502,0.6781375
imagenet_mnv2_100_crop_free_k3,imagenet,margin_drop,oat:sign_alpha=0.1,sign_alpha,0.1,low,31431,0.19644375
imagenet_mnv2_100_crop_free_k3,imagenet,margin_drop,oat:sign_alpha=0.1,sign_alpha,0.1,moderate,0,0.0
imagenet_mnv2_100_crop_free_k3,imagenet,margin_drop,oat:sign_alpha=0.1,sign_alpha,0.1,high,20067,0.12541875
imagenet_mnv2_100_crop_free_k3,imagenet,margin_drop,oat:sign_alpha=0.25,sign_alpha,0.25,unreliable,118804,0.742525
imagenet_mnv2_100_crop_free_k3,imagenet,margin_drop,oat:sign_alpha=0.25,sign_alpha,0.25,low,24291,0.15181875
imagenet_mnv2_100_crop_free_k3,imagenet,margin_drop,oat:sign_alpha=0.25,sign_alpha,0.25,moderate,0,0.0
imagenet_mnv2_100_crop_free_k3,imagenet,margin_drop,oat:sign_alpha=0.25,sign_alpha,0.25,high,16905,0.10565625
imagenet_mnv2_100_crop_free_k3,imagenet,margin_drop,oat:min_multi_strategy=2,min_multi_strategy,2,unreliable,97829,0.61143125
imagenet_mnv2_100_crop_free_k3,imagenet,margin_drop,oat:min_multi_strategy=2,min_multi_strategy,2,low,39306,0.2456625
imagenet_mnv2_100_crop_free_k3,imagenet,margin_drop,oat:min_multi_strategy=2,min_multi_strategy,2,moderate,0,0.0
imagenet_mnv2_100_crop_free_k3,imagenet,margin_drop,oat:min_multi_strategy=2,min_multi_strategy,2,high,22865,0.14290625
imagenet_mnv2_100_crop_free_k3,imagenet,margin_drop,oat:min_multi_strategy=3,min_multi_strategy,3,unreliable,97829,0.61143125
imagenet_mnv2_100_crop_free_k3,imagenet,margin_drop,oat:min_multi_strategy=3,min_multi_strategy,3,low,39306,0.2456625
imagenet_mnv2_100_crop_free_k3,imagenet,margin_drop,oat:min_multi_strategy=3,min_multi_strategy,3,moderate,0,0.0
imagenet_mnv2_100_crop_free_k3,imagenet,margin_drop,oat:min_multi_strategy=3,min_multi_strategy,3,high,22865,0.14290625
imagenet_mnv2_100_crop_free_k3,imagenet,margin_drop,oat:ci_level=90,ci_level,90,unreliable,97829,0.61143125
imagenet_mnv2_100_crop_free_k3,imagenet,margin_drop,oat:ci_level=90,ci_level,90,low,39306,0.2456625
imagenet_mnv2_100_crop_free_k3,imagenet,margin_drop,oat:ci_level=90,ci_level,90,moderate,0,0.0
imagenet_mnv2_100_crop_free_k3,imagenet,margin_drop,oat:ci_level=90,ci_level,90,high,22865,0.14290625
imagenet_mnv2_100_crop_free_k3,imagenet,margin_drop,oat:ci_level=95,ci_level,95,unreliable,97829,0.61143125
imagenet_mnv2_100_crop_free_k3,imagenet,margin_drop,oat:ci_level=95,ci_level,95,low,39306,0.2456625
imagenet_mnv2_100_crop_free_k3,imagenet,margin_drop,oat:ci_level=95,ci_level,95,moderate,0,0.0
imagenet_mnv2_100_crop_free_k3,imagenet,margin_drop,oat:ci_level=95,ci_level,95,high,22865,0.14290625
imagenet_mnv2_100_crop_free_k3,imagenet,margin_drop,oat:ci_level=99,ci_level,99,unreliable,97829,0.61143125
imagenet_mnv2_100_crop_free_k3,imagenet,margin_drop,oat:ci_level=99,ci_level,99,low,39306,0.2456625
imagenet_mnv2_100_crop_free_k3,imagenet,margin_drop,oat:ci_level=99,ci_level,99,moderate,0,0.0
imagenet_mnv2_100_crop_free_k3,imagenet,margin_drop,oat:ci_level=99,ci_level,99,high,22865,0.14290625
imagenet_mnv2_100_crop_free_k3,imagenet,margin_drop,oat:ci_level=999,ci_level,999,unreliable,97829,0.61143125
imagenet_mnv2_100_crop_free_k3,imagenet,margin_drop,oat:ci_level=999,ci_level,999,low,39306,0.2456625
imagenet_mnv2_100_crop_free_k3,imagenet,margin_drop,oat:ci_level=999,ci_level,999,moderate,0,0.0
imagenet_mnv2_100_crop_free_k3,imagenet,margin_drop,oat:ci_level=999,ci_level,999,high,22865,0.14290625
imagenet_mnv2_100_crop_free_k3,imagenet,margin_drop,oat:ddof=0,ddof,0,unreliable,97829,0.61143125
imagenet_mnv2_100_crop_free_k3,imagenet,margin_drop,oat:ddof=0,ddof,0,low,39306,0.2456625
imagenet_mnv2_100_crop_free_k3,imagenet,margin_drop,oat:ddof=0,ddof,0,moderate,0,0.0
imagenet_mnv2_100_crop_free_k3,imagenet,margin_drop,oat:ddof=0,ddof,0,high,22865,0.14290625
imagenet_mnv2_100_crop_free_k3,imagenet,margin_drop,oat:ddof=1,ddof,1,unreliable,97829,0.61143125
imagenet_mnv2_100_crop_free_k3,imagenet,margin_drop,oat:ddof=1,ddof,1,low,42583,0.26614375
imagenet_mnv2_100_crop_free_k3,imagenet,margin_drop,oat:ddof=1,ddof,1,moderate,0,0.0
imagenet_mnv2_100_crop_free_k3,imagenet,margin_drop,oat:ddof=1,ddof,1,high,19588,0.122425
imagenet_mnv2_100_crop_free_k3,imagenet,margin_drop,oat:std_floor_beta=0.0,std_floor_beta,0.0,unreliable,97829,0.61143125
imagenet_mnv2_100_crop_free_k3,imagenet,margin_drop,oat:std_floor_beta=0.0,std_floor_beta,0.0,low,39306,0.2456625
imagenet_mnv2_100_crop_free_k3,imagenet,margin_drop,oat:std_floor_beta=0.0,std_floor_beta,0.0,moderate,0,0.0
imagenet_mnv2_100_crop_free_k3,imagenet,margin_drop,oat:std_floor_beta=0.0,std_floor_beta,0.0,high,22865,0.14290625
imagenet_mnv2_100_crop_free_k3,imagenet,margin_drop,oat:std_floor_beta=0.1,std_floor_beta,0.1,unreliable,97829,0.61143125
imagenet_mnv2_100_crop_free_k3,imagenet,margin_drop,oat:std_floor_beta=0.1,std_floor_beta,0.1,low,39567,0.24729375
imagenet_mnv2_100_crop_free_k3,imagenet,margin_drop,oat:std_floor_beta=0.1,std_floor_beta,0.1,moderate,0,0.0
imagenet_mnv2_100_crop_free_k3,imagenet,margin_drop,oat:std_floor_beta=0.1,std_floor_beta,0.1,high,22604,0.141275
imagenet_mnv2_100_crop_free_k3,imagenet,margin_drop,oat:std_floor_beta=0.25,std_floor_beta,0.25,unreliable,97829,0.61143125
imagenet_mnv2_100_crop_free_k3,imagenet,margin_drop,oat:std_floor_beta=0.25,std_floor_beta,0.25,low,41067,0.25666875
imagenet_mnv2_100_crop_free_k3,imagenet,margin_drop,oat:std_floor_beta=0.25,std_floor_beta,0.25,moderate,0,0.0
imagenet_mnv2_100_crop_free_k3,imagenet,margin_drop,oat:std_floor_beta=0.25,std_floor_beta,0.25,high,21104,0.1319
imagenet_mnv2_100_crop_free_k3,imagenet,margin_drop,preset:lenient,preset,lenient,unreliable,97829,0.61143125
imagenet_mnv2_100_crop_free_k3,imagenet,margin_drop,preset:lenient,preset,lenient,low,34914,0.2182125
imagenet_mnv2_100_crop_free_k3,imagenet,margin_drop,preset:lenient,preset,lenient,moderate,0,0.0
imagenet_mnv2_100_crop_free_k3,imagenet,margin_drop,preset:lenient,preset,lenient,high,27257,0.17035625
imagenet_mnv2_100_crop_free_k3,imagenet,margin_drop,preset:conservative,preset,conservative,unreliable,103660,0.647875
imagenet_mnv2_100_crop_free_k3,imagenet,margin_drop,preset:conservative,preset,conservative,low,43986,0.2749125
imagenet_mnv2_100_crop_free_k3,imagenet,margin_drop,preset:conservative,preset,conservative,moderate,0,0.0
imagenet_mnv2_100_crop_free_k3,imagenet,margin_drop,preset:conservative,preset,conservative,high,12354,0.0772125
imagenet_mnv2_100_crop_free_k3,imagenet,margin_drop,alt:zero_abstain:sign_alpha=0.01,zero_abstain_alpha,0.01,unreliable,96596,0.603725
imagenet_mnv2_100_crop_free_k3,imagenet,margin_drop,alt:zero_abstain:sign_alpha=0.01,zero_abstain_alpha,0.01,low,40246,0.2515375
imagenet_mnv2_100_crop_free_k3,imagenet,margin_drop,alt:zero_abstain:sign_alpha=0.01,zero_abstain_alpha,0.01,moderate,0,0.0
imagenet_mnv2_100_crop_free_k3,imagenet,margin_drop,alt:zero_abstain:sign_alpha=0.01,zero_abstain_alpha,0.01,high,23158,0.1447375
imagenet_mnv2_100_crop_free_k3,imagenet,margin_drop,alt:zero_abstain:sign_alpha=0.05,zero_abstain_alpha,0.05,unreliable,91730,0.5733125
imagenet_mnv2_100_crop_free_k3,imagenet,margin_drop,alt:zero_abstain:sign_alpha=0.05,zero_abstain_alpha,0.05,low,44058,0.2753625
imagenet_mnv2_100_crop_free_k3,imagenet,margin_drop,alt:zero_abstain:sign_alpha=0.05,zero_abstain_alpha,0.05,moderate,0,0.0
imagenet_mnv2_100_crop_free_k3,imagenet,margin_drop,alt:zero_abstain:sign_alpha=0.05,zero_abstain_alpha,0.05,high,24212,0.151325
imagenet_mnv2_100_crop_free_k3,imagenet,margin_drop,alt:zero_abstain:sign_alpha=0.1,zero_abstain_alpha,0.1,unreliable,85935,0.53709375
imagenet_mnv2_100_crop_free_k3,imagenet,margin_drop,alt:zero_abstain:sign_alpha=0.1,zero_abstain_alpha,0.1,low,48799,0.30499375
imagenet_mnv2_100_crop_free_k3,imagenet,margin_drop,alt:zero_abstain:sign_alpha=0.1,zero_abstain_alpha,0.1,moderate,0,0.0
imagenet_mnv2_100_crop_free_k3,imagenet,margin_drop,alt:zero_abstain:sign_alpha=0.1,zero_abstain_alpha,0.1,high,25266,0.1579125
imagenet_mnv2_100_crop_free_k3,imagenet,margin_drop,alt:zero_abstain:sign_alpha=0.25,zero_abstain_alpha,0.25,unreliable,69942,0.4371375
imagenet_mnv2_100_crop_free_k3,imagenet,margin_drop,alt:zero_abstain:sign_alpha=0.25,zero_abstain_alpha,0.25,low,63091,0.39431875
imagenet_mnv2_100_crop_free_k3,imagenet,margin_drop,alt:zero_abstain:sign_alpha=0.25,zero_abstain_alpha,0.25,moderate,0,0.0
imagenet_mnv2_100_crop_free_k3,imagenet,margin_drop,alt:zero_abstain:sign_alpha=0.25,zero_abstain_alpha,0.25,high,26967,0.16854375
ntu60_tsm_exact,ntu60,margin_drop,default,default,,unreliable,7257,0.60475
ntu60_tsm_exact,ntu60,margin_drop,default,default,,low,121,0.010083333333333333
ntu60_tsm_exact,ntu60,margin_drop,default,default,,moderate,4622,0.38516666666666666
ntu60_tsm_exact,ntu60,margin_drop,default,default,,high,0,0.0
ntu60_tsm_exact,ntu60,margin_drop,oat:sign_alpha=0.0,sign_alpha,0.0,unreliable,7257,0.60475
ntu60_tsm_exact,ntu60,margin_drop,oat:sign_alpha=0.0,sign_alpha,0.0,low,121,0.010083333333333333
ntu60_tsm_exact,ntu60,margin_drop,oat:sign_alpha=0.0,sign_alpha,0.0,moderate,4622,0.38516666666666666
ntu60_tsm_exact,ntu60,margin_drop,oat:sign_alpha=0.0,sign_alpha,0.0,high,0,0.0
ntu60_tsm_exact,ntu60,margin_drop,oat:sign_alpha=0.01,sign_alpha,0.01,unreliable,7399,0.6165833333333334
ntu60_tsm_exact,ntu60,margin_drop,oat:sign_alpha=0.01,sign_alpha,0.01,low,121,0.010083333333333333
ntu60_tsm_exact,ntu60,margin_drop,oat:sign_alpha=0.01,sign_alpha,0.01,moderate,4480,0.37333333333333335
ntu60_tsm_exact,ntu60,margin_drop,oat:sign_alpha=0.01,sign_alpha,0.01,high,0,0.0
ntu60_tsm_exact,ntu60,margin_drop,oat:sign_alpha=0.05,sign_alpha,0.05,unreliable,7860,0.655
ntu60_tsm_exact,ntu60,margin_drop,oat:sign_alpha=0.05,sign_alpha,0.05,low,121,0.010083333333333333
ntu60_tsm_exact,ntu60,margin_drop,oat:sign_alpha=0.05,sign_alpha,0.05,moderate,4019,0.33491666666666664
ntu60_tsm_exact,ntu60,margin_drop,oat:sign_alpha=0.05,sign_alpha,0.05,high,0,0.0
ntu60_tsm_exact,ntu60,margin_drop,oat:sign_alpha=0.1,sign_alpha,0.1,unreliable,8292,0.691
ntu60_tsm_exact,ntu60,margin_drop,oat:sign_alpha=0.1,sign_alpha,0.1,low,121,0.010083333333333333
ntu60_tsm_exact,ntu60,margin_drop,oat:sign_alpha=0.1,sign_alpha,0.1,moderate,3587,0.29891666666666666
ntu60_tsm_exact,ntu60,margin_drop,oat:sign_alpha=0.1,sign_alpha,0.1,high,0,0.0
ntu60_tsm_exact,ntu60,margin_drop,oat:sign_alpha=0.25,sign_alpha,0.25,unreliable,8910,0.7425
ntu60_tsm_exact,ntu60,margin_drop,oat:sign_alpha=0.25,sign_alpha,0.25,low,121,0.010083333333333333
ntu60_tsm_exact,ntu60,margin_drop,oat:sign_alpha=0.25,sign_alpha,0.25,moderate,2969,0.24741666666666667
ntu60_tsm_exact,ntu60,margin_drop,oat:sign_alpha=0.25,sign_alpha,0.25,high,0,0.0
ntu60_tsm_exact,ntu60,margin_drop,oat:min_multi_strategy=2,min_multi_strategy,2,unreliable,7257,0.60475
ntu60_tsm_exact,ntu60,margin_drop,oat:min_multi_strategy=2,min_multi_strategy,2,low,121,0.010083333333333333
ntu60_tsm_exact,ntu60,margin_drop,oat:min_multi_strategy=2,min_multi_strategy,2,moderate,4622,0.38516666666666666
ntu60_tsm_exact,ntu60,margin_drop,oat:min_multi_strategy=2,min_multi_strategy,2,high,0,0.0
ntu60_tsm_exact,ntu60,margin_drop,oat:min_multi_strategy=3,min_multi_strategy,3,unreliable,7257,0.60475
ntu60_tsm_exact,ntu60,margin_drop,oat:min_multi_strategy=3,min_multi_strategy,3,low,121,0.010083333333333333
ntu60_tsm_exact,ntu60,margin_drop,oat:min_multi_strategy=3,min_multi_strategy,3,moderate,4622,0.38516666666666666
ntu60_tsm_exact,ntu60,margin_drop,oat:min_multi_strategy=3,min_multi_strategy,3,high,0,0.0
ntu60_tsm_exact,ntu60,margin_drop,oat:ci_level=90,ci_level,90,unreliable,7257,0.60475
ntu60_tsm_exact,ntu60,margin_drop,oat:ci_level=90,ci_level,90,low,121,0.010083333333333333
ntu60_tsm_exact,ntu60,margin_drop,oat:ci_level=90,ci_level,90,moderate,4622,0.38516666666666666
ntu60_tsm_exact,ntu60,margin_drop,oat:ci_level=90,ci_level,90,high,0,0.0
ntu60_tsm_exact,ntu60,margin_drop,oat:ci_level=95,ci_level,95,unreliable,7257,0.60475
ntu60_tsm_exact,ntu60,margin_drop,oat:ci_level=95,ci_level,95,low,121,0.010083333333333333
ntu60_tsm_exact,ntu60,margin_drop,oat:ci_level=95,ci_level,95,moderate,4622,0.38516666666666666
ntu60_tsm_exact,ntu60,margin_drop,oat:ci_level=95,ci_level,95,high,0,0.0
ntu60_tsm_exact,ntu60,margin_drop,oat:ci_level=99,ci_level,99,unreliable,7257,0.60475
ntu60_tsm_exact,ntu60,margin_drop,oat:ci_level=99,ci_level,99,low,121,0.010083333333333333
ntu60_tsm_exact,ntu60,margin_drop,oat:ci_level=99,ci_level,99,moderate,4622,0.38516666666666666
ntu60_tsm_exact,ntu60,margin_drop,oat:ci_level=99,ci_level,99,high,0,0.0
ntu60_tsm_exact,ntu60,margin_drop,oat:ci_level=999,ci_level,999,unreliable,7257,0.60475
ntu60_tsm_exact,ntu60,margin_drop,oat:ci_level=999,ci_level,999,low,121,0.010083333333333333
ntu60_tsm_exact,ntu60,margin_drop,oat:ci_level=999,ci_level,999,moderate,4622,0.38516666666666666
ntu60_tsm_exact,ntu60,margin_drop,oat:ci_level=999,ci_level,999,high,0,0.0
ntu60_tsm_exact,ntu60,margin_drop,preset:lenient,preset,lenient,unreliable,7257,0.60475
ntu60_tsm_exact,ntu60,margin_drop,preset:lenient,preset,lenient,low,121,0.010083333333333333
ntu60_tsm_exact,ntu60,margin_drop,preset:lenient,preset,lenient,moderate,4622,0.38516666666666666
ntu60_tsm_exact,ntu60,margin_drop,preset:lenient,preset,lenient,high,0,0.0
ntu60_tsm_exact,ntu60,margin_drop,preset:conservative,preset,conservative,unreliable,7860,0.655
ntu60_tsm_exact,ntu60,margin_drop,preset:conservative,preset,conservative,low,121,0.010083333333333333
ntu60_tsm_exact,ntu60,margin_drop,preset:conservative,preset,conservative,moderate,4019,0.33491666666666664
ntu60_tsm_exact,ntu60,margin_drop,preset:conservative,preset,conservative,high,0,0.0
ntu60_tsm_exact,ntu60,margin_drop,alt:zero_abstain:sign_alpha=0.01,zero_abstain_alpha,0.01,unreliable,7093,0.5910833333333333
ntu60_tsm_exact,ntu60,margin_drop,alt:zero_abstain:sign_alpha=0.01,zero_abstain_alpha,0.01,low,149,0.012416666666666666
ntu60_tsm_exact,ntu60,margin_drop,alt:zero_abstain:sign_alpha=0.01,zero_abstain_alpha,0.01,moderate,4758,0.3965
ntu60_tsm_exact,ntu60,margin_drop,alt:zero_abstain:sign_alpha=0.01,zero_abstain_alpha,0.01,high,0,0.0
ntu60_tsm_exact,ntu60,margin_drop,alt:zero_abstain:sign_alpha=0.05,zero_abstain_alpha,0.05,unreliable,6523,0.5435833333333333
ntu60_tsm_exact,ntu60,margin_drop,alt:zero_abstain:sign_alpha=0.05,zero_abstain_alpha,0.05,low,397,0.03308333333333333
ntu60_tsm_exact,ntu60,margin_drop,alt:zero_abstain:sign_alpha=0.05,zero_abstain_alpha,0.05,moderate,5080,0.42333333333333334
ntu60_tsm_exact,ntu60,margin_drop,alt:zero_abstain:sign_alpha=0.05,zero_abstain_alpha,0.05,high,0,0.0
ntu60_tsm_exact,ntu60,margin_drop,alt:zero_abstain:sign_alpha=0.1,zero_abstain_alpha,0.1,unreliable,5884,0.49033333333333334
ntu60_tsm_exact,ntu60,margin_drop,alt:zero_abstain:sign_alpha=0.1,zero_abstain_alpha,0.1,low,913,0.07608333333333334
ntu60_tsm_exact,ntu60,margin_drop,alt:zero_abstain:sign_alpha=0.1,zero_abstain_alpha,0.1,moderate,5203,0.4335833333333333
ntu60_tsm_exact,ntu60,margin_drop,alt:zero_abstain:sign_alpha=0.1,zero_abstain_alpha,0.1,high,0,0.0
ntu60_tsm_exact,ntu60,margin_drop,alt:zero_abstain:sign_alpha=0.25,zero_abstain_alpha,0.25,unreliable,4621,0.38508333333333333
ntu60_tsm_exact,ntu60,margin_drop,alt:zero_abstain:sign_alpha=0.25,zero_abstain_alpha,0.25,low,2386,0.19883333333333333
ntu60_tsm_exact,ntu60,margin_drop,alt:zero_abstain:sign_alpha=0.25,zero_abstain_alpha,0.25,moderate,4993,0.41608333333333336
ntu60_tsm_exact,ntu60,margin_drop,alt:zero_abstain:sign_alpha=0.25,zero_abstain_alpha,0.25,high,0,0.0
ntu60_tsm_crop_free,ntu60,margin_drop,default,default,,unreliable,7613,0.6344166666666666
ntu60_tsm_crop_free,ntu60,margin_drop,default,default,,low,45,0.00375
ntu60_tsm_crop_free,ntu60,margin_drop,default,default,,moderate,4342,0.36183333333333334
ntu60_tsm_crop_free,ntu60,margin_drop,default,default,,high,0,0.0
ntu60_tsm_crop_free,ntu60,margin_drop,oat:sign_alpha=0.0,sign_alpha,0.0,unreliable,7613,0.6344166666666666
ntu60_tsm_crop_free,ntu60,margin_drop,oat:sign_alpha=0.0,sign_alpha,0.0,low,45,0.00375
ntu60_tsm_crop_free,ntu60,margin_drop,oat:sign_alpha=0.0,sign_alpha,0.0,moderate,4342,0.36183333333333334
ntu60_tsm_crop_free,ntu60,margin_drop,oat:sign_alpha=0.0,sign_alpha,0.0,high,0,0.0
ntu60_tsm_crop_free,ntu60,margin_drop,oat:sign_alpha=0.01,sign_alpha,0.01,unreliable,7771,0.6475833333333333
ntu60_tsm_crop_free,ntu60,margin_drop,oat:sign_alpha=0.01,sign_alpha,0.01,low,45,0.00375
ntu60_tsm_crop_free,ntu60,margin_drop,oat:sign_alpha=0.01,sign_alpha,0.01,moderate,4184,0.3486666666666667
ntu60_tsm_crop_free,ntu60,margin_drop,oat:sign_alpha=0.01,sign_alpha,0.01,high,0,0.0
ntu60_tsm_crop_free,ntu60,margin_drop,oat:sign_alpha=0.05,sign_alpha,0.05,unreliable,8198,0.6831666666666667
ntu60_tsm_crop_free,ntu60,margin_drop,oat:sign_alpha=0.05,sign_alpha,0.05,low,45,0.00375
ntu60_tsm_crop_free,ntu60,margin_drop,oat:sign_alpha=0.05,sign_alpha,0.05,moderate,3757,0.3130833333333333
ntu60_tsm_crop_free,ntu60,margin_drop,oat:sign_alpha=0.05,sign_alpha,0.05,high,0,0.0
ntu60_tsm_crop_free,ntu60,margin_drop,oat:sign_alpha=0.1,sign_alpha,0.1,unreliable,8579,0.7149166666666666
ntu60_tsm_crop_free,ntu60,margin_drop,oat:sign_alpha=0.1,sign_alpha,0.1,low,45,0.00375
ntu60_tsm_crop_free,ntu60,margin_drop,oat:sign_alpha=0.1,sign_alpha,0.1,moderate,3376,0.2813333333333333
ntu60_tsm_crop_free,ntu60,margin_drop,oat:sign_alpha=0.1,sign_alpha,0.1,high,0,0.0
ntu60_tsm_crop_free,ntu60,margin_drop,oat:sign_alpha=0.25,sign_alpha,0.25,unreliable,9159,0.76325
ntu60_tsm_crop_free,ntu60,margin_drop,oat:sign_alpha=0.25,sign_alpha,0.25,low,45,0.00375
ntu60_tsm_crop_free,ntu60,margin_drop,oat:sign_alpha=0.25,sign_alpha,0.25,moderate,2796,0.233
ntu60_tsm_crop_free,ntu60,margin_drop,oat:sign_alpha=0.25,sign_alpha,0.25,high,0,0.0
ntu60_tsm_crop_free,ntu60,margin_drop,oat:min_multi_strategy=2,min_multi_strategy,2,unreliable,7613,0.6344166666666666
ntu60_tsm_crop_free,ntu60,margin_drop,oat:min_multi_strategy=2,min_multi_strategy,2,low,45,0.00375
ntu60_tsm_crop_free,ntu60,margin_drop,oat:min_multi_strategy=2,min_multi_strategy,2,moderate,4342,0.36183333333333334
ntu60_tsm_crop_free,ntu60,margin_drop,oat:min_multi_strategy=2,min_multi_strategy,2,high,0,0.0
ntu60_tsm_crop_free,ntu60,margin_drop,oat:min_multi_strategy=3,min_multi_strategy,3,unreliable,7613,0.6344166666666666
ntu60_tsm_crop_free,ntu60,margin_drop,oat:min_multi_strategy=3,min_multi_strategy,3,low,45,0.00375
ntu60_tsm_crop_free,ntu60,margin_drop,oat:min_multi_strategy=3,min_multi_strategy,3,moderate,4342,0.36183333333333334
ntu60_tsm_crop_free,ntu60,margin_drop,oat:min_multi_strategy=3,min_multi_strategy,3,high,0,0.0
ntu60_tsm_crop_free,ntu60,margin_drop,oat:ci_level=90,ci_level,90,unreliable,7613,0.6344166666666666
ntu60_tsm_crop_free,ntu60,margin_drop,oat:ci_level=90,ci_level,90,low,45,0.00375
ntu60_tsm_crop_free,ntu60,margin_drop,oat:ci_level=90,ci_level,90,moderate,4342,0.36183333333333334
ntu60_tsm_crop_free,ntu60,margin_drop,oat:ci_level=90,ci_level,90,high,0,0.0
ntu60_tsm_crop_free,ntu60,margin_drop,oat:ci_level=95,ci_level,95,unreliable,7613,0.6344166666666666
ntu60_tsm_crop_free,ntu60,margin_drop,oat:ci_level=95,ci_level,95,low,45,0.00375
ntu60_tsm_crop_free,ntu60,margin_drop,oat:ci_level=95,ci_level,95,moderate,4342,0.36183333333333334
ntu60_tsm_crop_free,ntu60,margin_drop,oat:ci_level=95,ci_level,95,high,0,0.0
ntu60_tsm_crop_free,ntu60,margin_drop,oat:ci_level=99,ci_level,99,unreliable,7613,0.6344166666666666
ntu60_tsm_crop_free,ntu60,margin_drop,oat:ci_level=99,ci_level,99,low,45,0.00375
ntu60_tsm_crop_free,ntu60,margin_drop,oat:ci_level=99,ci_level,99,moderate,4342,0.36183333333333334
ntu60_tsm_crop_free,ntu60,margin_drop,oat:ci_level=99,ci_level,99,high,0,0.0
ntu60_tsm_crop_free,ntu60,margin_drop,oat:ci_level=999,ci_level,999,unreliable,7613,0.6344166666666666
ntu60_tsm_crop_free,ntu60,margin_drop,oat:ci_level=999,ci_level,999,low,45,0.00375
ntu60_tsm_crop_free,ntu60,margin_drop,oat:ci_level=999,ci_level,999,moderate,4342,0.36183333333333334
ntu60_tsm_crop_free,ntu60,margin_drop,oat:ci_level=999,ci_level,999,high,0,0.0
ntu60_tsm_crop_free,ntu60,margin_drop,preset:lenient,preset,lenient,unreliable,7613,0.6344166666666666
ntu60_tsm_crop_free,ntu60,margin_drop,preset:lenient,preset,lenient,low,45,0.00375
ntu60_tsm_crop_free,ntu60,margin_drop,preset:lenient,preset,lenient,moderate,4342,0.36183333333333334
ntu60_tsm_crop_free,ntu60,margin_drop,preset:lenient,preset,lenient,high,0,0.0
ntu60_tsm_crop_free,ntu60,margin_drop,preset:conservative,preset,conservative,unreliable,8198,0.6831666666666667
ntu60_tsm_crop_free,ntu60,margin_drop,preset:conservative,preset,conservative,low,45,0.00375
ntu60_tsm_crop_free,ntu60,margin_drop,preset:conservative,preset,conservative,moderate,3757,0.3130833333333333
ntu60_tsm_crop_free,ntu60,margin_drop,preset:conservative,preset,conservative,high,0,0.0
ntu60_tsm_crop_free,ntu60,margin_drop,alt:zero_abstain:sign_alpha=0.01,zero_abstain_alpha,0.01,unreliable,7432,0.6193333333333333
ntu60_tsm_crop_free,ntu60,margin_drop,alt:zero_abstain:sign_alpha=0.01,zero_abstain_alpha,0.01,low,87,0.00725
ntu60_tsm_crop_free,ntu60,margin_drop,alt:zero_abstain:sign_alpha=0.01,zero_abstain_alpha,0.01,moderate,4481,0.3734166666666667
ntu60_tsm_crop_free,ntu60,margin_drop,alt:zero_abstain:sign_alpha=0.01,zero_abstain_alpha,0.01,high,0,0.0
ntu60_tsm_crop_free,ntu60,margin_drop,alt:zero_abstain:sign_alpha=0.05,zero_abstain_alpha,0.05,unreliable,6849,0.57075
ntu60_tsm_crop_free,ntu60,margin_drop,alt:zero_abstain:sign_alpha=0.05,zero_abstain_alpha,0.05,low,362,0.030166666666666668
ntu60_tsm_crop_free,ntu60,margin_drop,alt:zero_abstain:sign_alpha=0.05,zero_abstain_alpha,0.05,moderate,4789,0.39908333333333335
ntu60_tsm_crop_free,ntu60,margin_drop,alt:zero_abstain:sign_alpha=0.05,zero_abstain_alpha,0.05,high,0,0.0
ntu60_tsm_crop_free,ntu60,margin_drop,alt:zero_abstain:sign_alpha=0.1,zero_abstain_alpha,0.1,unreliable,6238,0.5198333333333334
ntu60_tsm_crop_free,ntu60,margin_drop,alt:zero_abstain:sign_alpha=0.1,zero_abstain_alpha,0.1,low,865,0.07208333333333333
ntu60_tsm_crop_free,ntu60,margin_drop,alt:zero_abstain:sign_alpha=0.1,zero_abstain_alpha,0.1,moderate,4897,0.40808333333333335
ntu60_tsm_crop_free,ntu60,margin_drop,alt:zero_abstain:sign_alpha=0.1,zero_abstain_alpha,0.1,high,0,0.0
ntu60_tsm_crop_free,ntu60,margin_drop,alt:zero_abstain:sign_alpha=0.25,zero_abstain_alpha,0.25,unreliable,4936,0.41133333333333333
ntu60_tsm_crop_free,ntu60,margin_drop,alt:zero_abstain:sign_alpha=0.25,zero_abstain_alpha,0.25,low,2309,0.19241666666666668
ntu60_tsm_crop_free,ntu60,margin_drop,alt:zero_abstain:sign_alpha=0.25,zero_abstain_alpha,0.25,moderate,4755,0.39625
ntu60_tsm_crop_free,ntu60,margin_drop,alt:zero_abstain:sign_alpha=0.25,zero_abstain_alpha,0.25,high,0,0.0
