run,dataset,metric,bin_left,bin_right,count
synthetic_shortcut,synthetic,margin_drop,-3.0,-2.9,5
synthetic_shortcut,synthetic,margin_drop,-2.9,-2.8,0
synthetic_shortcut,synthetic,margin_drop,-2.8,-2.7,0
synthetic_shortcut,synthetic,margin_drop,-2.7,-2.6,1
synthetic_shortcut,synthetic,margin_drop,-2.6,-2.5,0
synthetic_shortcut,synthetic,margin_drop,-2.5,-2.4,0
synthetic_shortcut,synthetic,margin_drop,-2.4,-2.3,0
synthetic_shortcut,synthetic,margin_drop,-2.3,-2.2,0
synthetic_shortcut,synthetic,margin_drop,-2.2,-2.1,0
synthetic_shortcut,synthetic,margin_drop,-2.1,-2.0,0
synthetic_shortcut,synthetic,margin_drop,-2.0,-1.9,0
synthetic_shortcut,synthetic,margin_drop,-1.9,-1.8,0
synthetic_shortcut,synthetic,margin_drop,-1.8,-1.7,0
synthetic_shortcut,synthetic,margin_drop,-1.7,-1.6,1
synthetic_shortcut,synthetic,margin_drop,-1.6,-1.5,0
synthetic_shortcut,synthetic,margin_drop,-1.5,-1.4,3
synthetic_shortcut,synthetic,margin_drop,-1.4,-1.3,1
synthetic_shortcut,synthetic,margin_drop,-1.3,-1.2,5
synthetic_shortcut,synthetic,margin_drop,-1.2,-1.1,8
synthetic_shortcut,synthetic,margin_drop,-1.1,-1.0,58
synthetic_shortcut,synthetic,margin_drop,-1.0,-0.9,151
synthetic_shortcut,synthetic,margin_drop,-0.9,-0.8,63
synthetic_shortcut,synthetic,margin_drop,-0.8,-0.7,39
synthetic_shortcut,synthetic,margin_drop,-0.7,-0.6,31
synthetic_shortcut,synthetic,margin_drop,-0.6,-0.5,27
synthetic_shortcut,synthetic,margin_drop,-0.5,-0.4,34
synthetic_shortcut,synthetic,margin_drop,-0.4,-0.3,30
synthetic_shortcut,synthetic,margin_drop,-0.3,-0.2,29
synthetic_shortcut,synthetic,margin_drop,-0.2,-0.1,33
synthetic_shortcut,synthetic,margin_drop,-0.1,0.0,32
synthetic_shortcut,synthetic,margin_drop,0.0,0.1,20
synthetic_shortcut,synthetic,margin_drop,0.1,0.2,19
synthetic_shortcut,synthetic,margin_drop,0.2,0.3,35
synthetic_shortcut,synthetic,margin_drop,0.3,0.4,34
synthetic_shortcut,synthetic,margin_drop,0.4,0.5,35
synthetic_shortcut,synthetic,margin_drop,0.5,0.6,33
synthetic_shortcut,synthetic,margin_drop,0.6,0.7,36
synthetic_shortcut,synthetic,margin_drop,0.7,0.8,43
synthetic_shortcut,synthetic,margin_drop,0.8,0.9,68
synthetic_shortcut,synthetic,margin_drop,0.9,1.0,188
synthetic_shortcut,synthetic,margin_drop,1.0,1.1,222
synthetic_shortcut,synthetic,margin_drop,1.1,1.2,84
synthetic_shortcut,synthetic,margin_drop,1.2,1.3,67
synthetic_shortcut,synthetic,margin_drop,1.3,1.4,55
synthetic_shortcut,synthetic,margin_drop,1.4,1.5,48
synthetic_shortcut,synthetic,margin_drop,1.5,1.6,42
synthetic_shortcut,synthetic,margin_drop,1.6,1.7,48
synthetic_shortcut,synthetic,margin_drop,1.7,1.8,38
synthetic_shortcut,synthetic,margin_drop,1.8,1.9,28
synthetic_shortcut,synthetic,margin_drop,1.9,2.0,35
synthetic_shortcut,synthetic,margin_drop,2.0,2.1,28
synthetic_shortcut,synthetic,margin_drop,2.1,2.2,29
synthetic_shortcut,synthetic,margin_drop,2.2,2.3,31
synthetic_shortcut,synthetic,margin_drop,2.3,2.4,19
synthetic_shortcut,synthetic,margin_drop,2.4,2.5,28
synthetic_shortcut,synthetic,margin_drop,2.5,2.6,25
synthetic_shortcut,synthetic,margin_drop,2.6,2.7,14
synthetic_shortcut,synthetic,margin_drop,2.7,2.8,14
synthetic_shortcut,synthetic,margin_drop,2.8,2.9,16
synthetic_shortcut,synthetic,margin_drop,2.9,3.0,16
synthetic_shortcut,synthetic,margin_drop,3.0,3.1,20
synthetic_shortcut,synthetic,margin_drop,3.1,3.2,15
synthetic_shortcut,synthetic,margin_drop,3.2,3.3,13
synthetic_shortcut,synthetic,margin_drop,3.3,3.4,11
synthetic_shortcut,synthetic,margin_drop,3.4,3.5,20
synthetic_shortcut,synthetic,margin_drop,3.5,3.6,15
synthetic_shortcut,synthetic,margin_drop,3.6,3.7,12
synthetic_shortcut,synthetic,margin_drop,3.7,3.8,8
synthetic_shortcut,synthetic,margin_drop,3.8,3.9,10
synthetic_shortcut,synthetic,margin_drop,3.9,4.0,12
synthetic_shortcut,synthetic,margin_drop,4.0,4.1,14
synthetic_shortcut,synthetic,margin_drop,4.1,4.2,10
synthetic_shortcut,synthetic,margin_drop,4.2,4.3,12
synthetic_shortcut,synthetic,margin_drop,4.3,4.4,12
synthetic_shortcut,synthetic,margin_drop,4.4,4.5,13
synthetic_shortcut,synthetic,margin_drop,4.5,4.6,6
synthetic_shortcut,synthetic,margin_drop,4.6,4.7,4
synthetic_shortcut,synthetic,margin_drop,4.7,4.8,8
synthetic_shortcut,synthetic,margin_drop,4.8,4.9,9
synthetic_shortcut,synthetic,margin_drop,4.9,5.0,8
synthetic_shortcut,synthetic,margin_drop,5.0,5.1,7
synthetic_shortcut,synthetic,margin_drop,5.1,5.2,7
synthetic_shortcut,synthetic,margin_drop,5.2,5.3,5
synthetic_shortcut,synthetic,margin_drop,5.3,5.4,4
synthetic_shortcut,synthetic,margin_drop,5.4,5.5,3
synthetic_shortcut,synthetic,margin_drop,5.5,5.6,13
synthetic_shortcut,synthetic,margin_drop,5.6,5.7,8
synthetic_shortcut,synthetic,margin_drop,5.7,5.8,8
synthetic_shortcut,synthetic,margin_drop,5.8,5.9,6
synthetic_shortcut,synthetic,margin_drop,5.9,6.0,5
synthetic_shortcut,synthetic,margin_drop,6.0,6.1,6
synthetic_shortcut,synthetic,margin_drop,6.1,6.2,5
synthetic_shortcut,synthetic,margin_drop,6.2,6.3,4
synthetic_shortcut,synthetic,margin_drop,6.3,6.4,7
synthetic_shortcut,synthetic,margin_drop,6.4,6.5,5
synthetic_shortcut,synthetic,margin_drop,6.5,6.6,5
synthetic_shortcut,synthetic,margin_drop,6.6,6.7,3
synthetic_shortcut,synthetic,margin_drop,6.7,6.8,7
synthetic_shortcut,synthetic,margin_drop,6.8,6.9,6
synthetic_shortcut,synthetic,margin_drop,6.9,7.0,3
synthetic_shortcut,synthetic,margin_drop,7.0,7.1,11
synthetic_shortcut,synthetic,margin_drop,7.1,7.2,3
synthetic_shortcut,synthetic,margin_drop,7.2,7.3,5
synthetic_shortcut,synthetic,margin_drop,7.3,7.4,7
synthetic_shortcut,synthetic,margin_drop,7.4,7.5,4
synthetic_shortcut,synthetic,margin_drop,7.5,7.6,8
synthetic_shortcut,synthetic,margin_drop,7.6,7.7,6
synthetic_shortcut,synthetic,margin_drop,7.7,7.8,5
synthetic_shortcut,synthetic,margin_drop,7.8,7.9,7
synthetic_shortcut,synthetic,margin_drop,7.9,8.0,2
synthetic_shortcut,synthetic,margin_drop,8.0,8.1,6
synthetic_shortcut,synthetic,margin_drop,8.1,8.2,3
synthetic_shortcut,synthetic,margin_drop,8.2,8.3,2
synthetic_shortcut,synthetic,margin_drop,8.3,8.4,5
synthetic_shortcut,synthetic,margin_drop,8.4,8.5,2
synthetic_shortcut,synthetic,margin_drop,8.5,8.6,3
synthetic_shortcut,synthetic,margin_drop,8.6,8.7,3
synthetic_shortcut,synthetic,margin_drop,8.7,8.8,1
synthetic_shortcut,synthetic,margin_drop,8.8,8.9,6
synthetic_shortcut,synthetic,margin_drop,8.9,9.0,1
synthetic_shortcut,synthetic,margin_drop,9.0,9.1,3
synthetic_shortcut,synthetic,margin_drop,9.1,9.2,9
synthetic_shortcut,synthetic,margin_drop,9.2,9.3,2
synthetic_shortcut,synthetic,margin_drop,9.3,9.4,4
synthetic_shortcut,synthetic,margin_drop,9.4,9.5,5
synthetic_shortcut,synthetic,margin_drop,9.5,9.6,1
synthetic_shortcut,synthetic,margin_drop,9.6,9.7,3
synthetic_shortcut,synthetic,margin_drop,9.7,9.8,3
synthetic_shortcut,synthetic,margin_drop,9.8,9.9,2
synthetic_shortcut,synthetic,margin_drop,9.9,10.0,780
synthetic_normal,synthetic,margin_drop,-3.0,-2.9,43
synthetic_normal,synthetic,margin_drop,-2.9,-2.8,3
synthetic_normal,synthetic,margin_drop,-2.8,-2.7,5
synthetic_normal,synthetic,margin_drop,-2.7,-2.6,4
synthetic_normal,synthetic,margin_drop,-2.6,-2.5,8
synthetic_normal,synthetic,margin_drop,-2.5,-2.4,6
synthetic_normal,synthetic,margin_drop,-2.4,-2.3,7
synthetic_normal,synthetic,margin_drop,-2.3,-2.2,5
synthetic_normal,synthetic,margin_drop,-2.2,-2.1,7
synthetic_normal,synthetic,margin_drop,-2.1,-2.0,7
synthetic_normal,synthetic,margin_drop,-2.0,-1.9,6
synthetic_normal,synthetic,margin_drop,-1.9,-1.8,10
synthetic_normal,synthetic,margin_drop,-1.8,-1.7,16
synthetic_normal,synthetic,margin_drop,-1.7,-1.6,16
synthetic_normal,synthetic,margin_drop,-1.6,-1.5,19
synthetic_normal,synthetic,margin_drop,-1.5,-1.4,18
synthetic_normal,synthetic,margin_drop,-1.4,-1.3,21
synthetic_normal,synthetic,margin_drop,-1.3,-1.2,23
synthetic_normal,synthetic,margin_drop,-1.2,-1.1,15
synthetic_normal,synthetic,margin_drop,-1.1,-1.0,23
synthetic_normal,synthetic,margin_drop,-1.0,-0.9,25
synthetic_normal,synthetic,margin_drop,-0.9,-0.8,19
synthetic_normal,synthetic,margin_drop,-0.8,-0.7,22
synthetic_normal,synthetic,margin_drop,-0.7,-0.6,32
synthetic_normal,synthetic,margin_drop,-0.6,-0.5,26
synthetic_normal,synthetic,margin_drop,-0.5,-0.4,34
synthetic_normal,synthetic,margin_drop,-0.4,-0.3,27
synthetic_normal,synthetic,margin_drop,-0.3,-0.2,28
synthetic_normal,synthetic,margin_drop,-0.2,-0.1,39
synthetic_normal,synthetic,margin_drop,-0.1,0.0,33
synthetic_normal,synthetic,margin_drop,0.0,0.1,35
synthetic_normal,synthetic,margin_drop,0.1,0.2,37
synthetic_normal,synthetic,margin_drop,0.2,0.3,28
synthetic_normal,synthetic,margin_drop,0.3,0.4,27
synthetic_normal,synthetic,margin_drop,0.4,0.5,37
synthetic_normal,synthetic,margin_drop,0.5,0.6,30
synthetic_normal,synthetic,margin_drop,0.6,0.7,42
synthetic_normal,synthetic,margin_drop,0.7,0.8,45
synthetic_normal,synthetic,margin_drop,0.8,0.9,36
synthetic_normal,synthetic,margin_drop,0.9,1.0,30
synthetic_normal,synthetic,margin_drop,1.0,1.1,32
synthetic_normal,synthetic,margin_drop,1.1,1.2,33
synthetic_normal,synthetic,margin_drop,1.2,1.3,24
synthetic_normal,synthetic,margin_drop,1.3,1.4,38
synthetic_normal,synthetic,margin_drop,1.4,1.5,25
synthetic_normal,synthetic,margin_drop,1.5,1.6,26
synthetic_normal,synthetic,margin_drop,1.6,1.7,29
synthetic_normal,synthetic,margin_drop,1.7,1.8,28
synthetic_normal,synthetic,margin_drop,1.8,1.9,36
synthetic_normal,synthetic,margin_drop,1.9,2.0,28
synthetic_normal,synthetic,margin_drop,2.0,2.1,25
synthetic_normal,synthetic,margin_drop,2.1,2.2,31
synthetic_normal,synthetic,margin_drop,2.2,2.3,22
synthetic_normal,synthetic,margin_drop,2.3,2.4,35
synthetic_normal,synthetic,margin_drop,2.4,2.5,30
synthetic_normal,synthetic,margin_drop,2.5,2.6,20
synthetic_normal,synthetic,margin_drop,2.6,2.7,29
synthetic_normal,synthetic,margin_drop,2.7,2.8,27
synthetic_normal,synthetic,margin_drop,2.8,2.9,33
synthetic_normal,synthetic,margin_drop,2.9,3.0,25
synthetic_normal,synthetic,margin_drop,3.0,3.1,17
synthetic_normal,synthetic,margin_drop,3.1,3.2,28
synthetic_normal,synthetic,margin_drop,3.2,3.3,14
synthetic_normal,synthetic,margin_drop,3.3,3.4,22
synthetic_normal,synthetic,margin_drop,3.4,3.5,16
synthetic_normal,synthetic,margin_drop,3.5,3.6,17
synthetic_normal,synthetic,margin_drop,3.6,3.7,19
synthetic_normal,synthetic,margin_drop,3.7,3.8,18
synthetic_normal,synthetic,margin_drop,3.8,3.9,13
synthetic_normal,synthetic,margin_drop,3.9,4.0,24
synthetic_normal,synthetic,margin_drop,4.0,4.1,28
synthetic_normal,synthetic,margin_drop,4.1,4.2,16
synthetic_normal,synthetic,margin_drop,4.2,4.3,16
synthetic_normal,synthetic,margin_drop,4.3,4.4,14
synthetic_normal,synthetic,margin_drop,4.4,4.5,23
synthetic_normal,synthetic,margin_drop,4.5,4.6,16
synthetic_normal,synthetic,margin_drop,4.6,4.7,20
synthetic_normal,synthetic,margin_drop,4.7,4.8,27
synthetic_normal,synthetic,margin_drop,4.8,4.9,13
synthetic_normal,synthetic,margin_drop,4.9,5.0,17
synthetic_normal,synthetic,margin_drop,5.0,5.1,16
synthetic_normal,synthetic,margin_drop,5.1,5.2,12
synthetic_normal,synthetic,margin_drop,5.2,5.3,12
synthetic_normal,synthetic,margin_drop,5.3,5.4,14
synthetic_normal,synthetic,margin_drop,5.4,5.5,13
synthetic_normal,synthetic,margin_drop,5.5,5.6,20
synthetic_normal,synthetic,margin_drop,5.6,5.7,15
synthetic_normal,synthetic,margin_drop,5.7,5.8,12
synthetic_normal,synthetic,margin_drop,5.8,5.9,13
synthetic_normal,synthetic,margin_drop,5.9,6.0,19
synthetic_normal,synthetic,margin_drop,6.0,6.1,15
synthetic_normal,synthetic,margin_drop,6.1,6.2,15
synthetic_normal,synthetic,margin_drop,6.2,6.3,11
synthetic_normal,synthetic,margin_drop,6.3,6.4,5
synthetic_normal,synthetic,margin_drop,6.4,6.5,11
synthetic_normal,synthetic,margin_drop,6.5,6.6,9
synthetic_normal,synthetic,margin_drop,6.6,6.7,8
synthetic_normal,synthetic,margin_drop,6.7,6.8,7
synthetic_normal,synthetic,margin_drop,6.8,6.9,15
synthetic_normal,synthetic,margin_drop,6.9,7.0,3
synthetic_normal,synthetic,margin_drop,7.0,7.1,5
synthetic_normal,synthetic,margin_drop,7.1,7.2,11
synthetic_normal,synthetic,margin_drop,7.2,7.3,10
synthetic_normal,synthetic,margin_drop,7.3,7.4,8
synthetic_normal,synthetic,margin_drop,7.4,7.5,15
synthetic_normal,synthetic,margin_drop,7.5,7.6,12
synthetic_normal,synthetic,margin_drop,7.6,7.7,9
synthetic_normal,synthetic,margin_drop,7.7,7.8,10
synthetic_normal,synthetic,margin_drop,7.8,7.9,6
synthetic_normal,synthetic,margin_drop,7.9,8.0,10
synthetic_normal,synthetic,margin_drop,8.0,8.1,7
synthetic_normal,synthetic,margin_drop,8.1,8.2,10
synthetic_normal,synthetic,margin_drop,8.2,8.3,5
synthetic_normal,synthetic,margin_drop,8.3,8.4,6
synthetic_normal,synthetic,margin_drop,8.4,8.5,11
synthetic_normal,synthetic,margin_drop,8.5,8.6,5
synthetic_normal,synthetic,margin_drop,8.6,8.7,6
synthetic_normal,synthetic,margin_drop,8.7,8.8,9
synthetic_normal,synthetic,margin_drop,8.8,8.9,8
synthetic_normal,synthetic,margin_drop,8.9,9.0,12
synthetic_normal,synthetic,margin_drop,9.0,9.1,6
synthetic_normal,synthetic,margin_drop,9.1,9.2,7
synthetic_normal,synthetic,margin_drop,9.2,9.3,16
synthetic_normal,synthetic,margin_drop,9.3,9.4,7
synthetic_normal,synthetic,margin_drop,9.4,9.5,8
synthetic_normal,synthetic,margin_drop,9.5,9.6,7
synthetic_normal,synthetic,margin_drop,9.6,9.7,6
synthetic_normal,synthetic,margin_drop,9.7,9.8,8
synthetic_normal,synthetic,margin_drop,9.8,9.9,8
synthetic_normal,synthetic,margin_drop,9.9,10.0,859
imagenet_mnv2_050_exact_k3,imagenet,margin_drop,-3.0,-2.9,390
imagenet_mnv2_050_exact_k3,imagenet,margin_drop,-2.9,-2.8,39
imagenet_mnv2_050_exact_k3,imagenet,margin_drop,-2.8,-2.7,60
imagenet_mnv2_050_exact_k3,imagenet,margin_drop,-2.7,-2.6,74
imagenet_mnv2_050_exact_k3,imagenet,margin_drop,-2.6,-2.5,80
imagenet_mnv2_050_exact_k3,imagenet,margin_drop,-2.5,-2.4,100
imagenet_mnv2_050_exact_k3,imagenet,margin_drop,-2.4,-2.3,106
imagenet_mnv2_050_exact_k3,imagenet,margin_drop,-2.3,-2.2,131
imagenet_mnv2_050_exact_k3,imagenet,margin_drop,-2.2,-2.1,144
imagenet_mnv2_050_exact_k3,imagenet,margin_drop,-2.1,-2.0,184
imagenet_mnv2_050_exact_k3,imagenet,margin_drop,-2.0,-1.9,212
imagenet_mnv2_050_exact_k3,imagenet,margin_drop,-1.9,-1.8,235
imagenet_mnv2_050_exact_k3,imagenet,margin_drop,-1.8,-1.7,325
imagenet_mnv2_050_exact_k3,imagenet,margin_drop,-1.7,-1.6,353
imagenet_mnv2_050_exact_k3,imagenet,margin_drop,-1.6,-1.5,476
imagenet_mnv2_050_exact_k3,imagenet,margin_drop,-1.5,-1.4,581
imagenet_mnv2_050_exact_k3,imagenet,margin_drop,-1.4,-1.3,702
imagenet_mnv2_050_exact_k3,imagenet,margin_drop,-1.3,-1.2,847
imagenet_mnv2_050_exact_k3,imagenet,margin_drop,-1.2,-1.1,1107
imagenet_mnv2_050_exact_k3,imagenet,margin_drop,-1.1,-1.0,1229
imagenet_mnv2_050_exact_k3,imagenet,margin_drop,-1.0,-0.9,1552
imagenet_mnv2_050_exact_k3,imagenet,margin_drop,-0.9,-0.8,1896
imagenet_mnv2_050_exact_k3,imagenet,margin_drop,-0.8,-0.7,2211
imagenet_mnv2_050_exact_k3,imagenet,margin_drop,-0.7,-0.6,2493
imagenet_mnv2_050_exact_k3,imagenet,margin_drop,-0.6,-0.5,2604
imagenet_mnv2_050_exact_k3,imagenet,margin_drop,-0.5,-0.4,2914
imagenet_mnv2_050_exact_k3,imagenet,margin_drop,-0.4,-0.3,3049
imagenet_mnv2_050_exact_k3,imagenet,margin_drop,-0.3,-0.2,3305
imagenet_mnv2_050_exact_k3,imagenet,margin_drop,-0.2,-0.1,3383
imagenet_mnv2_050_exact_k3,imagenet,margin_drop,-0.1,0.0,3601
imagenet_mnv2_050_exact_k3,imagenet,margin_drop,0.0,0.1,3794
imagenet_mnv2_050_exact_k3,imagenet,margin_drop,0.1,0.2,3997
imagenet_mnv2_050_exact_k3,imagenet,margin_drop,0.2,0.3,4096
imagenet_mnv2_050_exact_k3,imagenet,margin_drop,0.3,0.4,4008
imagenet_mnv2_050_exact_k3,imagenet,margin_drop,0.4,0.5,4305
imagenet_mnv2_050_exact_k3,imagenet,margin_drop,0.5,0.6,4247
imagenet_mnv2_050_exact_k3,imagenet,margin_drop,0.6,0.7,4384
imagenet_mnv2_050_exact_k3,imagenet,margin_drop,0.7,0.8,4372
imagenet_mnv2_050_exact_k3,imagenet,margin_drop,0.8,0.9,4175
imagenet_mnv2_050_exact_k3,imagenet,margin_drop,0.9,1.0,4262
imagenet_mnv2_050_exact_k3,imagenet,margin_drop,1.0,1.1,4038
imagenet_mnv2_050_exact_k3,imagenet,margin_drop,1.1,1.2,3764
imagenet_mnv2_050_exact_k3,imagenet,margin_drop,1.2,1.3,3693
imagenet_mnv2_050_exact_k3,imagenet,margin_drop,1.3,1.4,3505
imagenet_mnv2_050_exact_k3,imagenet,margin_drop,1.4,1.5,3264
imagenet_mnv2_050_exact_k3,imagenet,margin_drop,1.5,1.6,3110
imagenet_mnv2_050_exact_k3,imagenet,margin_drop,1.6,1.7,2882
imagenet_mnv2_050_exact_k3,imagenet,margin_drop,1.7,1.8,2612
imagenet_mnv2_050_exact_k3,imagenet,margin_drop,1.8,1.9,2580
imagenet_mnv2_050_exact_k3,imagenet,margin_drop,1.9,2.0,2348
imagenet_mnv2_050_exact_k3,imagenet,margin_drop,2.0,2.1,2280
imagenet_mnv2_050_exact_k3,imagenet,margin_drop,2.1,2.2,2189
imagenet_mnv2_050_exact_k3,imagenet,margin_drop,2.2,2.3,1901
imagenet_mnv2_050_exact_k3,imagenet,margin_drop,2.3,2.4,1906
imagenet_mnv2_050_exact_k3,imagenet,margin_drop,2.4,2.5,1799
imagenet_mnv2_050_exact_k3,imagenet,margin_drop,2.5,2.6,1692
imagenet_mnv2_050_exact_k3,imagenet,margin_drop,2.6,2.7,1531
imagenet_mnv2_050_exact_k3,imagenet,margin_drop,2.7,2.8,1505
imagenet_mnv2_050_exact_k3,imagenet,margin_drop,2.8,2.9,1458
imagenet_mnv2_050_exact_k3,imagenet,margin_drop,2.9,3.0,1330
imagenet_mnv2_050_exact_k3,imagenet,margin_drop,3.0,3.1,1267
imagenet_mnv2_050_exact_k3,imagenet,margin_drop,3.1,3.2,1183
imagenet_mnv2_050_exact_k3,imagenet,margin_drop,3.2,3.3,1111
imagenet_mnv2_050_exact_k3,imagenet,margin_drop,3.3,3.4,1094
imagenet_mnv2_050_exact_k3,imagenet,margin_drop,3.4,3.5,1048
imagenet_mnv2_050_exact_k3,imagenet,margin_drop,3.5,3.6,953
imagenet_mnv2_050_exact_k3,imagenet,margin_drop,3.6,3.7,912
imagenet_mnv2_050_exact_k3,imagenet,margin_drop,3.7,3.8,929
imagenet_mnv2_050_exact_k3,imagenet,margin_drop,3.8,3.9,868
imagenet_mnv2_050_exact_k3,imagenet,margin_drop,3.9,4.0,864
imagenet_mnv2_050_exact_k3,imagenet,margin_drop,4.0,4.1,786
imagenet_mnv2_050_exact_k3,imagenet,margin_drop,4.1,4.2,751
imagenet_mnv2_050_exact_k3,imagenet,margin_drop,4.2,4.3,724
imagenet_mnv2_050_exact_k3,imagenet,margin_drop,4.3,4.4,706
imagenet_mnv2_050_exact_k3,imagenet,margin_drop,4.4,4.5,619
imagenet_mnv2_050_exact_k3,imagenet,margin_drop,4.5,4.6,597
imagenet_mnv2_050_exact_k3,imagenet,margin_drop,4.6,4.7,571
imagenet_mnv2_050_exact_k3,imagenet,margin_drop,4.7,4.8,540
imagenet_mnv2_050_exact_k3,imagenet,margin_drop,4.8,4.9,536
imagenet_mnv2_050_exact_k3,imagenet,margin_drop,4.9,5.0,504
imagenet_mnv2_050_exact_k3,imagenet,margin_drop,5.0,5.1,460
imagenet_mnv2_050_exact_k3,imagenet,margin_drop,5.1,5.2,487
imagenet_mnv2_050_exact_k3,imagenet,margin_drop,5.2,5.3,467
imagenet_mnv2_050_exact_k3,imagenet,margin_drop,5.3,5.4,391
imagenet_mnv2_050_exact_k3,imagenet,margin_drop,5.4,5.5,414
imagenet_mnv2_050_exact_k3,imagenet,margin_drop,5.5,5.6,430
imagenet_mnv2_050_exact_k3,imagenet,margin_drop,5.6,5.7,389
imagenet_mnv2_050_exact_k3,imagenet,margin_drop,5.7,5.8,356
imagenet_mnv2_050_exact_k3,imagenet,margin_drop,5.8,5.9,316
imagenet_mnv2_050_exact_k3,imagenet,margin_drop,5.9,6.0,379
imagenet_mnv2_050_exact_k3,imagenet,margin_drop,6.0,6.1,344
imagenet_mnv2_050_exact_k3,imagenet,margin_drop,6.1,6.2,322
imagenet_mnv2_050_exact_k3,imagenet,margin_drop,6.2,6.3,291
imagenet_mnv2_050_exact_k3,imagenet,margin_drop,6.3,6.4,282
imagenet_mnv2_050_exact_k3,imagenet,margin_drop,6.4,6.5,316
imagenet_mnv2_050_exact_k3,imagenet,margin_drop,6.5,6.6,301
imagenet_mnv2_050_exact_k3,imagenet,margin_drop,6.6,6.7,278
imagenet_mnv2_050_exact_k3,imagenet,margin_drop,6.7,6.8,268
imagenet_mnv2_050_exact_k3,imagenet,margin_drop,6.8,6.9,230
imagenet_mnv2_050_exact_k3,imagenet,margin_drop,6.9,7.0,238
imagenet_mnv2_050_exact_k3,imagenet,margin_drop,7.0,7.1,243
imagenet_mnv2_050_exact_k3,imagenet,margin_drop,7.1,7.2,221
imagenet_mnv2_050_exact_k3,imagenet,margin_drop,7.2,7.3,226
imagenet_mnv2_050_exact_k3,imagenet,margin_drop,7.3,7.4,231
imagenet_mnv2_050_exact_k3,imagenet,margin_drop,7.4,7.5,193
imagenet_mnv2_050_exact_k3,imagenet,margin_drop,7.5,7.6,196
imagenet_mnv2_050_exact_k3,imagenet,margin_drop,7.6,7.7,235
imagenet_mnv2_050_exact_k3,imagenet,margin_drop,7.7,7.8,198
imagenet_mnv2_050_exact_k3,imagenet,margin_drop,7.8,7.9,177
imagenet_mnv2_050_exact_k3,imagenet,margin_drop,7.9,8.0,180
imagenet_mnv2_050_exact_k3,imagenet,margin_drop,8.0,8.1,186
imagenet_mnv2_050_exact_k3,imagenet,margin_drop,8.1,8.2,171
imagenet_mnv2_050_exact_k3,imagenet,margin_drop,8.2,8.3,143
imagenet_mnv2_050_exact_k3,imagenet,margin_drop,8.3,8.4,171
imagenet_mnv2_050_exact_k3,imagenet,margin_drop,8.4,8.5,161
imagenet_mnv2_050_exact_k3,imagenet,margin_drop,8.5,8.6,144
imagenet_mnv2_050_exact_k3,imagenet,margin_drop,8.6,8.7,144
imagenet_mnv2_050_exact_k3,imagenet,margin_drop,8.7,8.8,147
imagenet_mnv2_050_exact_k3,imagenet,margin_drop,8.8,8.9,143
imagenet_mnv2_050_exact_k3,imagenet,margin_drop,8.9,9.0,150
imagenet_mnv2_050_exact_k3,imagenet,margin_drop,9.0,9.1,130
imagenet_mnv2_050_exact_k3,imagenet,margin_drop,9.1,9.2,117
imagenet_mnv2_050_exact_k3,imagenet,margin_drop,9.2,9.3,105
imagenet_mnv2_050_exact_k3,imagenet,margin_drop,9.3,9.4,140
imagenet_mnv2_050_exact_k3,imagenet,margin_drop,9.4,9.5,110
imagenet_mnv2_050_exact_k3,imagenet,margin_drop,9.5,9.6,116
imagenet_mnv2_050_exact_k3,imagenet,margin_drop,9.6,9.7,114
imagenet_mnv2_050_exact_k3,imagenet,margin_drop,9.7,9.8,96
imagenet_mnv2_050_exact_k3,imagenet,margin_drop,9.8,9.9,113
imagenet_mnv2_050_exact_k3,imagenet,margin_drop,9.9,10.0,6367
imagenet_mnv2_050_crop_free_k3,imagenet,margin_drop,-3.0,-2.9,409
imagenet_mnv2_050_crop_free_k3,imagenet,margin_drop,-2.9,-2.8,58
imagenet_mnv2_050_crop_free_k3,imagenet,margin_drop,-2.8,-2.7,56
imagenet_mnv2_050_crop_free_k3,imagenet,margin_drop,-2.7,-2.6,77
imagenet_mnv2_050_crop_free_k3,imagenet,margin_drop,-2.6,-2.5,81
imagenet_mnv2_050_crop_free_k3,imagenet,margin_drop,-2.5,-2.4,109
imagenet_mnv2_050_crop_free_k3,imagenet,margin_drop,-2.4,-2.3,128
imagenet_mnv2_050_crop_free_k3,imagenet,margin_drop,-2.3,-2.2,133
imagenet_mnv2_050_crop_free_k3,imagenet,margin_drop,-2.2,-2.1,145
imagenet_mnv2_050_crop_free_k3,imagenet,margin_drop,-2.1,-2.0,188
imagenet_mnv2_050_crop_free_k3,imagenet,margin_drop,-2.0,-1.9,263
imagenet_mnv2_050_crop_free_k3,imagenet,margin_drop,-1.9,-1.8,281
imagenet_mnv2_050_crop_free_k3,imagenet,margin_drop,-1.8,-1.7,346
imagenet_mnv2_050_crop_free_k3,imagenet,margin_drop,-1.7,-1.6,403
imagenet_mnv2_050_crop_free_k3,imagenet,margin_drop,-1.6,-1.5,533
imagenet_mnv2_050_crop_free_k3,imagenet,margin_drop,-1.5,-1.4,598
imagenet_mnv2_050_crop_free_k3,imagenet,margin_drop,-1.4,-1.3,744
imagenet_mnv2_050_crop_free_k3,imagenet,margin_drop,-1.3,-1.2,862
imagenet_mnv2_050_crop_free_k3,imagenet,margin_drop,-1.2,-1.1,1069
imagenet_mnv2_050_crop_free_k3,imagenet,margin_drop,-1.1,-1.0,1244
imagenet_mnv2_050_crop_free_k3,imagenet,margin_drop,-1.0,-0.9,1468
imagenet_mnv2_050_crop_free_k3,imagenet,margin_drop,-0.9,-0.8,1734
imagenet_mnv2_050_crop_free_k3,imagenet,margin_drop,-0.8,-0.7,2049
imagenet_mnv2_050_crop_free_k3,imagenet,margin_drop,-0.7,-0.6,2224
imagenet_mnv2_050_crop_free_k3,imagenet,margin_drop,-0.6,-0.5,2376
imagenet_mnv2_050_crop_free_k3,imagenet,margin_drop,-0.5,-0.4,2669
imagenet_mnv2_050_crop_free_k3,imagenet,margin_drop,-0.4,-0.3,2874
imagenet_mnv2_050_crop_free_k3,imagenet,margin_drop,-0.3,-0.2,3024
imagenet_mnv2_050_crop_free_k3,imagenet,margin_drop,-0.2,-0.1,3176
imagenet_mnv2_050_crop_free_k3,imagenet,margin_drop,-0.1,0.0,3317
imagenet_mnv2_050_crop_free_k3,imagenet,margin_drop,0.0,0.1,3452
imagenet_mnv2_050_crop_free_k3,imagenet,margin_drop,0.1,0.2,3560
imagenet_mnv2_050_crop_free_k3,imagenet,margin_drop,0.2,0.3,3734
imagenet_mnv2_050_crop_free_k3,imagenet,margin_drop,0.3,0.4,3813
imagenet_mnv2_050_crop_free_k3,imagenet,margin_drop,0.4,0.5,3875
imagenet_mnv2_050_crop_free_k3,imagenet,margin_drop,0.5,0.6,3989
imagenet_mnv2_050_crop_free_k3,imagenet,margin_drop,0.6,0.7,3961
imagenet_mnv2_050_crop_free_k3,imagenet,margin_drop,0.7,0.8,3983
imagenet_mnv2_050_crop_free_k3,imagenet,margin_drop,0.8,0.9,3915
imagenet_mnv2_050_crop_free_k3,imagenet,margin_drop,0.9,1.0,3865
imagenet_mnv2_050_crop_free_k3,imagenet,margin_drop,1.0,1.1,3741
imagenet_mnv2_050_crop_free_k3,imagenet,margin_drop,1.1,1.2,3707
imagenet_mnv2_050_crop_free_k3,imagenet,margin_drop,1.2,1.3,3558
imagenet_mnv2_050_crop_free_k3,imagenet,margin_drop,1.3,1.4,3351
imagenet_mnv2_050_crop_free_k3,imagenet,margin_drop,1.4,1.5,3261
imagenet_mnv2_050_crop_free_k3,imagenet,margin_drop,1.5,1.6,3115
imagenet_mnv2_050_crop_free_k3,imagenet,margin_drop,1.6,1.7,2940
imagenet_mnv2_050_crop_free_k3,imagenet,margin_drop,1.7,1.8,2743
imagenet_mnv2_050_crop_free_k3,imagenet,margin_drop,1.8,1.9,2675
imagenet_mnv2_050_crop_free_k3,imagenet,margin_drop,1.9,2.0,2474
imagenet_mnv2_050_crop_free_k3,imagenet,margin_drop,2.0,2.1,2400
imagenet_mnv2_050_crop_free_k3,imagenet,margin_drop,2.1,2.2,2216
imagenet_mnv2_050_crop_free_k3,imagenet,margin_drop,2.2,2.3,2137
imagenet_mnv2_050_crop_free_k3,imagenet,margin_drop,2.3,2.4,2005
imagenet_mnv2_050_crop_free_k3,imagenet,margin_drop,2.4,2.5,1949
imagenet_mnv2_050_crop_free_k3,imagenet,margin_drop,2.5,2.6,1825
imagenet_mnv2_050_crop_free_k3,imagenet,margin_drop,2.6,2.7,1670
imagenet_mnv2_050_crop_free_k3,imagenet,margin_drop,2.7,2.8,1687
imagenet_mnv2_050_crop_free_k3,imagenet,margin_drop,2.8,2.9,1558
imagenet_mnv2_050_crop_free_k3,imagenet,margin_drop,2.9,3.0,1563
imagenet_mnv2_050_crop_free_k3,imagenet,margin_drop,3.0,3.1,1378
imagenet_mnv2_050_crop_free_k3,imagenet,margin_drop,3.1,3.2,1367
imagenet_mnv2_050_crop_free_k3,imagenet,margin_drop,3.2,3.3,1288
imagenet_mnv2_050_crop_free_k3,imagenet,margin_drop,3.3,3.4,1200
imagenet_mnv2_050_crop_free_k3,imagenet,margin_drop,3.4,3.5,1146
imagenet_mnv2_050_crop_free_k3,imagenet,margin_drop,3.5,3.6,1058
imagenet_mnv2_050_crop_free_k3,imagenet,margin_drop,3.6,3.7,1020
imagenet_mnv2_050_crop_free_k3,imagenet,margin_drop,3.7,3.8,1008
imagenet_mnv2_050_crop_free_k3,imagenet,margin_drop,3.8,3.9,897
imagenet_mnv2_050_crop_free_k3,imagenet,margin_drop,3.9,4.0,941
imagenet_mnv2_050_crop_free_k3,imagenet,margin_drop,4.0,4.1,845
imagenet_mnv2_050_crop_free_k3,imagenet,margin_drop,4.1,4.2,845
imagenet_mnv2_050_crop_free_k3,imagenet,margin_drop,4.2,4.3,796
imagenet_mnv2_050_crop_free_k3,imagenet,margin_drop,4.3,4.4,778
imagenet_mnv2_050_crop_free_k3,imagenet,margin_drop,4.4,4.5,746
imagenet_mnv2_050_crop_free_k3,imagenet,margin_drop,4.5,4.6,702
imagenet_mnv2_050_crop_free_k3,imagenet,margin_drop,4.6,4.7,643
imagenet_mnv2_050_crop_free_k3,imagenet,margin_drop,4.7,4.8,640
imagenet_mnv2_050_crop_free_k3,imagenet,margin_drop,4.8,4.9,596
imagenet_mnv2_050_crop_free_k3,imagenet,margin_drop,4.9,5.0,572
imagenet_mnv2_050_crop_free_k3,imagenet,margin_drop,5.0,5.1,574
imagenet_mnv2_050_crop_free_k3,imagenet,margin_drop,5.1,5.2,550
imagenet_mnv2_050_crop_free_k3,imagenet,margin_drop,5.2,5.3,567
imagenet_mnv2_050_crop_free_k3,imagenet,margin_drop,5.3,5.4,488
imagenet_mnv2_050_crop_free_k3,imagenet,margin_drop,5.4,5.5,465
imagenet_mnv2_050_crop_free_k3,imagenet,margin_drop,5.5,5.6,456
imagenet_mnv2_050_crop_free_k3,imagenet,margin_drop,5.6,5.7,403
imagenet_mnv2_050_crop_free_k3,imagenet,margin_drop,5.7,5.8,460
imagenet_mnv2_050_crop_free_k3,imagenet,margin_drop,5.8,5.9,415
imagenet_mnv2_050_crop_free_k3,imagenet,margin_drop,5.9,6.0,423
imagenet_mnv2_050_crop_free_k3,imagenet,margin_drop,6.0,6.1,373
imagenet_mnv2_050_crop_free_k3,imagenet,margin_drop,6.1,6.2,385
imagenet_mnv2_050_crop_free_k3,imagenet,margin_drop,6.2,6.3,369
imagenet_mnv2_050_crop_free_k3,imagenet,margin_drop,6.3,6.4,342
imagenet_mnv2_050_crop_free_k3,imagenet,margin_drop,6.4,6.5,332
imagenet_mnv2_050_crop_free_k3,imagenet,margin_drop,6.5,6.6,305
imagenet_mnv2_050_crop_free_k3,imagenet,margin_drop,6.6,6.7,330
imagenet_mnv2_050_crop_free_k3,imagenet,margin_drop,6.7,6.8,336
imagenet_mnv2_050_crop_free_k3,imagenet,margin_drop,6.8,6.9,309
imagenet_mnv2_050_crop_free_k3,imagenet,margin_drop,6.9,7.0,301
imagenet_mnv2_050_crop_free_k3,imagenet,margin_drop,7.0,7.1,255
imagenet_mnv2_050_crop_free_k3,imagenet,margin_drop,7.1,7.2,249
imagenet_mnv2_050_crop_free_k3,imagenet,margin_drop,7.2,7.3,268
imagenet_mnv2_050_crop_free_k3,imagenet,margin_drop,7.3,7.4,223
imagenet_mnv2_050_crop_free_k3,imagenet,margin_drop,7.4,7.5,254
imagenet_mnv2_050_crop_free_k3,imagenet,margin_drop,7.5,7.6,252
imagenet_mnv2_050_crop_free_k3,imagenet,margin_drop,7.6,7.7,201
imagenet_mnv2_050_crop_free_k3,imagenet,margin_drop,7.7,7.8,218
imagenet_mnv2_050_crop_free_k3,imagenet,margin_drop,7.8,7.9,186
imagenet_mnv2_050_crop_free_k3,imagenet,margin_drop,7.9,8.0,192
imagenet_mnv2_050_crop_free_k3,imagenet,margin_drop,8.0,8.1,215
imagenet_mnv2_050_crop_free_k3,imagenet,margin_drop,8.1,8.2,206
imagenet_mnv2_050_crop_free_k3,imagenet,margin_drop,8.2,8.3,205
imagenet_mnv2_050_crop_free_k3,imagenet,margin_drop,8.3,8.4,207
imagenet_mnv2_050_crop_free_k3,imagenet,margin_drop,8.4,8.5,194
imagenet_mnv2_050_crop_free_k3,imagenet,margin_drop,8.5,8.6,158
imagenet_mnv2_050_crop_free_k3,imagenet,margin_drop,8.6,8.7,147
imagenet_mnv2_050_crop_free_k3,imagenet,margin_drop,8.7,8.8,174
imagenet_mnv2_050_crop_free_k3,imagenet,margin_drop,8.8,8.9,144
imagenet_mnv2_050_crop_free_k3,imagenet,margin_drop,8.9,9.0,129
imagenet_mnv2_050_crop_free_k3,imagenet,margin_drop,9.0,9.1,138
imagenet_mnv2_050_crop_free_k3,imagenet,margin_drop,9.1,9.2,132
imagenet_mnv2_050_crop_free_k3,imagenet,margin_drop,9.2,9.3,113
imagenet_mnv2_050_crop_free_k3,imagenet,margin_drop,9.3,9.4,150
imagenet_mnv2_050_crop_free_k3,imagenet,margin_drop,9.4,9.5,147
imagenet_mnv2_050_crop_free_k3,imagenet,margin_drop,9.5,9.6,116
imagenet_mnv2_050_crop_free_k3,imagenet,margin_drop,9.6,9.7,128
imagenet_mnv2_050_crop_free_k3,imagenet,margin_drop,9.7,9.8,136
imagenet_mnv2_050_crop_free_k3,imagenet,margin_drop,9.8,9.9,109
imagenet_mnv2_050_crop_free_k3,imagenet,margin_drop,9.9,10.0,6745
imagenet_mnv2_100_exact_k3,imagenet,margin_drop,-3.0,-2.9,374
imagenet_mnv2_100_exact_k3,imagenet,margin_drop,-2.9,-2.8,43
imagenet_mnv2_100_exact_k3,imagenet,margin_drop,-2.8,-2.7,58
imagenet_mnv2_100_exact_k3,imagenet,margin_drop,-2.7,-2.6,58
imagenet_mnv2_100_exact_k3,imagenet,margin_drop,-2.6,-2.5,94
imagenet_mnv2_100_exact_k3,imagenet,margin_drop,-2.5,-2.4,83
imagenet_mnv2_100_exact_k3,imagenet,margin_drop,-2.4,-2.3,101
imagenet_mnv2_100_exact_k3,imagenet,margin_drop,-2.3,-2.2,134
imagenet_mnv2_100_exact_k3,imagenet,margin_drop,-2.2,-2.1,143
imagenet_mnv2_100_exact_k3,imagenet,margin_drop,-2.1,-2.0,176
imagenet_mnv2_100_exact_k3,imagenet,margin_drop,-2.0,-1.9,202
imagenet_mnv2_100_exact_k3,imagenet,margin_drop,-1.9,-1.8,200
imagenet_mnv2_100_exact_k3,imagenet,margin_drop,-1.8,-1.7,285
imagenet_mnv2_100_exact_k3,imagenet,margin_drop,-1.7,-1.6,376
imagenet_mnv2_100_exact_k3,imagenet,margin_drop,-1.6,-1.5,420
imagenet_mnv2_100_exact_k3,imagenet,margin_drop,-1.5,-1.4,549
imagenet_mnv2_100_exact_k3,imagenet,margin_drop,-1.4,-1.3,659
imagenet_mnv2_100_exact_k3,imagenet,margin_drop,-1.3,-1.2,865
imagenet_mnv2_100_exact_k3,imagenet,margin_drop,-1.2,-1.1,997
imagenet_mnv2_100_exact_k3,imagenet,margin_drop,-1.1,-1.0,1230
imagenet_mnv2_100_exact_k3,imagenet,margin_drop,-1.0,-0.9,1567
imagenet_mnv2_100_exact_k3,imagenet,margin_drop,-0.9,-0.8,1857
imagenet_mnv2_100_exact_k3,imagenet,margin_drop,-0.8,-0.7,2237
imagenet_mnv2_100_exact_k3,imagenet,margin_drop,-0.7,-0.6,2511
imagenet_mnv2_100_exact_k3,imagenet,margin_drop,-0.6,-0.5,2751
imagenet_mnv2_100_exact_k3,imagenet,margin_drop,-0.5,-0.4,2932
imagenet_mnv2_100_exact_k3,imagenet,margin_drop,-0.4,-0.3,3135
imagenet_mnv2_100_exact_k3,imagenet,margin_drop,-0.3,-0.2,3346
imagenet_mnv2_100_exact_k3,imagenet,margin_drop,-0.2,-0.1,3383
imagenet_mnv2_100_exact_k3,imagenet,margin_drop,-0.1,0.0,3640
imagenet_mnv2_100_exact_k3,imagenet,margin_drop,0.0,0.1,3883
imagenet_mnv2_100_exact_k3,imagenet,margin_drop,0.1,0.2,3896
imagenet_mnv2_100_exact_k3,imagenet,margin_drop,0.2,0.3,3996
imagenet_mnv2_100_exact_k3,imagenet,margin_drop,0.3,0.4,4142
imagenet_mnv2_100_exact_k3,imagenet,margin_drop,0.4,0.5,4255
imagenet_mnv2_100_exact_k3,imagenet,margin_drop,0.5,0.6,4430
imagenet_mnv2_100_exact_k3,imagenet,margin_drop,0.6,0.7,4415
imagenet_mnv2_100_exact_k3,imagenet,margin_drop,0.7,0.8,4330
imagenet_mnv2_100_exact_k3,imagenet,margin_drop,0.8,0.9,4343
imagenet_mnv2_100_exact_k3,imagenet,margin_drop,0.9,1.0,4197
imagenet_mnv2_100_exact_k3,imagenet,margin_drop,1.0,1.1,4043
imagenet_mnv2_100_exact_k3,imagenet,margin_drop,1.1,1.2,3954
imagenet_mnv2_100_exact_k3,imagenet,margin_drop,1.2,1.3,3710
imagenet_mnv2_100_exact_k3,imagenet,margin_drop,1.3,1.4,3652
imagenet_mnv2_100_exact_k3,imagenet,margin_drop,1.4,1.5,3366
imagenet_mnv2_100_exact_k3,imagenet,margin_drop,1.5,1.6,3034
imagenet_mnv2_100_exact_k3,imagenet,margin_drop,1.6,1.7,2898
imagenet_mnv2_100_exact_k3,imagenet,margin_drop,1.7,1.8,2758
imagenet_mnv2_100_exact_k3,imagenet,margin_drop,1.8,1.9,2486
imagenet_mnv2_100_exact_k3,imagenet,margin_drop,1.9,2.0,2371
imagenet_mnv2_100_exact_k3,imagenet,margin_drop,2.0,2.1,2170
imagenet_mnv2_100_exact_k3,imagenet,margin_drop,2.1,2.2,2107
imagenet_mnv2_100_exact_k3,imagenet,margin_drop,2.2,2.3,1955
imagenet_mnv2_100_exact_k3,imagenet,margin_drop,2.3,2.4,1897
imagenet_mnv2_100_exact_k3,imagenet,margin_drop,2.4,2.5,1765
imagenet_mnv2_100_exact_k3,imagenet,margin_drop,2.5,2.6,1651
imagenet_mnv2_100_exact_k3,imagenet,margin_drop,2.6,2.7,1556
imagenet_mnv2_100_exact_k3,imagenet,margin_drop,2.7,2.8,1421
imagenet_mnv2_100_exact_k3,imagenet,margin_drop,2.8,2.9,1419
imagenet_mnv2_100_exact_k3,imagenet,margin_drop,2.9,3.0,1280
imagenet_mnv2_100_exact_k3,imagenet,margin_drop,3.0,3.1,1196
imagenet_mnv2_100_exact_k3,imagenet,margin_drop,3.1,3.2,1197
imagenet_mnv2_100_exact_k3,imagenet,margin_drop,3.2,3.3,1100
imagenet_mnv2_100_exact_k3,imagenet,margin_drop,3.3,3.4,1062
imagenet_mnv2_100_exact_k3,imagenet,margin_drop,3.4,3.5,1035
imagenet_mnv2_100_exact_k3,imagenet,margin_drop,3.5,3.6,933
imagenet_mnv2_100_exact_k3,imagenet,margin_drop,3.6,3.7,928
imagenet_mnv2_100_exact_k3,imagenet,margin_drop,3.7,3.8,857
imagenet_mnv2_100_exact_k3,imagenet,margin_drop,3.8,3.9,841
imagenet_mnv2_100_exact_k3,imagenet,margin_drop,3.9,4.0,749
imagenet_mnv2_100_exact_k3,imagenet,margin_drop,4.0,4.1,801
imagenet_mnv2_100_exact_k3,imagenet,margin_drop,4.1,4.2,745
imagenet_mnv2_100_exact_k3,imagenet,margin_drop,4.2,4.3,686
imagenet_mnv2_100_exact_k3,imagenet,margin_drop,4.3,4.4,671
imagenet_mnv2_100_exact_k3,imagenet,margin_drop,4.4,4.5,626
imagenet_mnv2_100_exact_k3,imagenet,margin_drop,4.5,4.6,597
imagenet_mnv2_100_exact_k3,imagenet,margin_drop,4.6,4.7,603
imagenet_mnv2_100_exact_k3,imagenet,margin_drop,4.7,4.8,501
imagenet_mnv2_100_exact_k3,imagenet,margin_drop,4.8,4.9,555
imagenet_mnv2_100_exact_k3,imagenet,margin_drop,4.9,5.0,517
imagenet_mnv2_100_exact_k3,imagenet,margin_drop,5.0,5.1,500
imagenet_mnv2_100_exact_k3,imagenet,margin_drop,5.1,5.2,443
imagenet_mnv2_100_exact_k3,imagenet,margin_drop,5.2,5.3,403
imagenet_mnv2_100_exact_k3,imagenet,margin_drop,5.3,5.4,422
imagenet_mnv2_100_exact_k3,imagenet,margin_drop,5.4,5.5,398
imagenet_mnv2_100_exact_k3,imagenet,margin_drop,5.5,5.6,387
imagenet_mnv2_100_exact_k3,imagenet,margin_drop,5.6,5.7,385
imagenet_mnv2_100_exact_k3,imagenet,margin_drop,5.7,5.8,370
imagenet_mnv2_100_exact_k3,imagenet,margin_drop,5.8,5.9,332
imagenet_mnv2_100_exact_k3,imagenet,margin_drop,5.9,6.0,325
imagenet_mnv2_100_exact_k3,imagenet,margin_drop,6.0,6.1,321
imagenet_mnv2_100_exact_k3,imagenet,margin_drop,6.1,6.2,307
imagenet_mnv2_100_exact_k3,imagenet,margin_drop,6.2,6.3,280
imagenet_mnv2_100_exact_k3,imagenet,margin_drop,6.3,6.4,319
imagenet_mnv2_100_exact_k3,imagenet,margin_drop,6.4,6.5,248
imagenet_mnv2_100_exact_k3,imagenet,margin_drop,6.5,6.6,263
imagenet_mnv2_100_exact_k3,imagenet,margin_drop,6.6,6.7,285
imagenet_mnv2_100_exact_k3,imagenet,margin_drop,6.7,6.8,271
imagenet_mnv2_100_exact_k3,imagenet,margin_drop,6.8,6.9,248
imagenet_mnv2_100_exact_k3,imagenet,margin_drop,6.9,7.0,258
imagenet_mnv2_100_exact_k3,imagenet,margin_drop,7.0,7.1,237
imagenet_mnv2_100_exact_k3,imagenet,margin_drop,7.1,7.2,199
imagenet_mnv2_100_exact_k3,imagenet,margin_drop,7.2,7.3,221
imagenet_mnv2_100_exact_k3,imagenet,margin_drop,7.3,7.4,216
imagenet_mnv2_100_exact_k3,imagenet,margin_drop,7.4,7.5,225
imagenet_mnv2_100_exact_k3,imagenet,margin_drop,7.5,7.6,196
imagenet_mnv2_100_exact_k3,imagenet,margin_drop,7.6,7.7,206
imagenet_mnv2_100_exact_k3,imagenet,margin_drop,7.7,7.8,162
imagenet_mnv2_100_exact_k3,imagenet,margin_drop,7.8,7.9,180
imagenet_mnv2_100_exact_k3,imagenet,margin_drop,7.9,8.0,178
imagenet_mnv2_100_exact_k3,imagenet,margin_drop,8.0,8.1,145
imagenet_mnv2_100_exact_k3,imagenet,margin_drop,8.1,8.2,161
imagenet_mnv2_100_exact_k3,imagenet,margin_drop,8.2,8.3,174
imagenet_mnv2_100_exact_k3,imagenet,margin_drop,8.3,8.4,150
imagenet_mnv2_100_exact_k3,imagenet,margin_drop,8.4,8.5,160
imagenet_mnv2_100_exact_k3,imagenet,margin_drop,8.5,8.6,146
imagenet_mnv2_100_exact_k3,imagenet,margin_drop,8.6,8.7,172
imagenet_mnv2_100_exact_k3,imagenet,margin_drop,8.7,8.8,151
imagenet_mnv2_100_exact_k3,imagenet,margin_drop,8.8,8.9,143
imagenet_mnv2_100_exact_k3,imagenet,margin_drop,8.9,9.0,131
imagenet_mnv2_100_exact_k3,imagenet,margin_drop,9.0,9.1,144
imagenet_mnv2_100_exact_k3,imagenet,margin_drop,9.1,9.2,150
imagenet_mnv2_100_exact_k3,imagenet,margin_drop,9.2,9.3,134
imagenet_mnv2_100_exact_k3,imagenet,margin_drop,9.3,9.4,116
imagenet_mnv2_100_exact_k3,imagenet,margin_drop,9.4,9.5,131
imagenet_mnv2_100_exact_k3,imagenet,margin_drop,9.5,9.6,106
imagenet_mnv2_100_exact_k3,imagenet,margin_drop,9.6,9.7,91
imagenet_mnv2_100_exact_k3,imagenet,margin_drop,9.7,9.8,116
imagenet_mnv2_100_exact_k3,imagenet,margin_drop,9.8,9.9,96
imagenet_mnv2_100_exact_k3,imagenet,margin_drop,9.9,10.0,6612
imagenet_mnv2_100_crop_free_k3,imagenet,margin_drop,-3.0,-2.9,404
imagenet_mnv2_100_crop_free_k3,imagenet,margin_drop,-2.9,-2.8,47
imagenet_mnv2_100_crop_free_k3,imagenet,margin_drop,-2.8,-2.7,42
imagenet_mnv2_100_crop_free_k3,imagenet,margin_drop,-2.7,-2.6,64
imagenet_mnv2_100_crop_free_k3,imagenet,margin_drop,-2.6,-2.5,90
imagenet_mnv2_100_crop_free_k3,imagenet,margin_drop,-2.5,-2.4,90
imagenet_mnv2_100_crop_free_k3,imagenet,margin_drop,-2.4,-2.3,118
imagenet_mnv2_100_crop_free_k3,imagenet,margin_drop,-2.3,-2.2,146
imagenet_mnv2_100_crop_free_k3,imagenet,margin_drop,-2.2,-2.1,147
imagenet_mnv2_100_crop_free_k3,imagenet,margin_drop,-2.1,-2.0,186
imagenet_mnv2_100_crop_free_k3,imagenet,margin_drop,-2.0,-1.9,196
imagenet_mnv2_100_crop_free_k3,imagenet,margin_drop,-1.9,-1.8,284
imagenet_mnv2_100_crop_free_k3,imagenet,margin_drop,-1.8,-1.7,355
imagenet_mnv2_100_crop_free_k3,imagenet,margin_drop,-1.7,-1.6,380
imagenet_mnv2_100_crop_free_k3,imagenet,margin_drop,-1.6,-1.5,494
imagenet_mnv2_100_crop_free_k3,imagenet,margin_drop,-1.5,-1.4,557
imagenet_mnv2_100_crop_free_k3,imagenet,margin_drop,-1.4,-1.3,675
imagenet_mnv2_100_crop_free_k3,imagenet,margin_drop,-1.3,-1.2,885
imagenet_mnv2_100_crop_free_k3,imagenet,margin_drop,-1.2,-1.1,1036
imagenet_mnv2_100_crop_free_k3,imagenet,margin_drop,-1.1,-1.0,1211
imagenet_mnv2_100_crop_free_k3,imagenet,margin_drop,-1.0,-0.9,1486
imagenet_mnv2_100_crop_free_k3,imagenet,margin_drop,-0.9,-0.8,1767
imagenet_mnv2_100_crop_free_k3,imagenet,margin_drop,-0.8,-0.7,2084
imagenet_mnv2_100_crop_free_k3,imagenet,margin_drop,-0.7,-0.6,2392
imagenet_mnv2_100_crop_free_k3,imagenet,margin_drop,-0.6,-0.5,2548
imagenet_mnv2_100_crop_free_k3,imagenet,margin_drop,-0.5,-0.4,2709
imagenet_mnv2_100_crop_free_k3,imagenet,margin_drop,-0.4,-0.3,2953
imagenet_mnv2_100_crop_free_k3,imagenet,margin_drop,-0.3,-0.2,3051
imagenet_mnv2_100_crop_free_k3,imagenet,margin_drop,-0.2,-0.1,3225
imagenet_mnv2_100_crop_free_k3,imagenet,margin_drop,-0.1,0.0,3334
imagenet_mnv2_100_crop_free_k3,imagenet,margin_drop,0.0,0.1,3471
imagenet_mnv2_100_crop_free_k3,imagenet,margin_drop,0.1,0.2,3725
imagenet_mnv2_100_crop_free_k3,imagenet,margin_drop,0.2,0.3,3787
imagenet_mnv2_100_crop_free_k3,imagenet,margin_drop,0.3,0.4,3947
imagenet_mnv2_100_crop_free_k3,imagenet,margin_drop,0.4,0.5,4029
imagenet_mnv2_100_crop_free_k3,imagenet,margin_drop,0.5,0.6,4104
imagenet_mnv2_100_crop_free_k3,imagenet,margin_drop,0.6,0.7,4271
imagenet_mnv2_100_crop_free_k3,imagenet,margin_drop,0.7,0.8,4140
imagenet_mnv2_100_crop_free_k3,imagenet,margin_drop,0.8,0.9,4138
imagenet_mnv2_100_crop_free_k3,imagenet,margin_drop,0.9,1.0,4101
imagenet_mnv2_100_crop_free_k3,imagenet,margin_drop,1.0,1.1,3919
imagenet_mnv2_100_crop_free_k3,imagenet,margin_drop,1.1,1.2,3778
imagenet_mnv2_100_crop_free_k3,imagenet,margin_drop,1.2,1.3,3603
imagenet_mnv2_100_crop_free_k3,imagenet,margin_drop,1.3,1.4,3431
imagenet_mnv2_100_crop_free_k3,imagenet,margin_drop,1.4,1.5,3229
imagenet_mnv2_100_crop_free_k3,imagenet,margin_drop,1.5,1.6,3015
imagenet_mnv2_100_crop_free_k3,imagenet,margin_drop,1.6,1.7,2886
imagenet_mnv2_100_crop_free_k3,imagenet,margin_drop,1.7,1.8,2764
imagenet_mnv2_100_crop_free_k3,imagenet,margin_drop,1.8,1.9,2637
imagenet_mnv2_100_crop_free_k3,imagenet,margin_drop,1.9,2.0,2357
imagenet_mnv2_100_crop_free_k3,imagenet,margin_drop,2.0,2.1,2334
imagenet_mnv2_100_crop_free_k3,imagenet,margin_drop,2.1,2.2,2204
imagenet_mnv2_100_crop_free_k3,imagenet,margin_drop,2.2,2.3,2077
imagenet_mnv2_100_crop_free_k3,imagenet,margin_drop,2.3,2.4,1913
imagenet_mnv2_100_crop_free_k3,imagenet,margin_drop,2.4,2.5,1949
imagenet_mnv2_100_crop_free_k3,imagenet,margin_drop,2.5,2.6,1753
imagenet_mnv2_100_crop_free_k3,imagenet,margin_drop,2.6,2.7,1651
imagenet_mnv2_100_crop_free_k3,imagenet,margin_drop,2.7,2.8,1538
imagenet_mnv2_100_crop_free_k3,imagenet,margin_drop,2.8,2.9,1503
imagenet_mnv2_100_crop_free_k3,imagenet,margin_drop,2.9,3.0,1407
imagenet_mnv2_100_crop_free_k3,imagenet,margin_drop,3.0,3.1,1373
imagenet_mnv2_100_crop_free_k3,imagenet,margin_drop,3.1,3.2,1315
imagenet_mnv2_100_crop_free_k3,imagenet,margin_drop,3.2,3.3,1163
imagenet_mnv2_100_crop_free_k3,imagenet,margin_drop,3.3,3.4,1100
imagenet_mnv2_100_crop_free_k3,imagenet,margin_drop,3.4,3.5,1081
imagenet_mnv2_100_crop_free_k3,imagenet,margin_drop,3.5,3.6,1081
imagenet_mnv2_100_crop_free_k3,imagenet,margin_drop,3.6,3.7,1010
imagenet_mnv2_100_crop_free_k3,imagenet,margin_drop,3.7,3.8,962
imagenet_mnv2_100_crop_free_k3,imagenet,margin_drop,3.8,3.9,838
imagenet_mnv2_100_crop_free_k3,imagenet,margin_drop,3.9,4.0,873
imagenet_mnv2_100_crop_free_k3,imagenet,margin_drop,4.0,4.1,815
imagenet_mnv2_100_crop_free_k3,imagenet,margin_drop,4.1,4.2,829
imagenet_mnv2_100_crop_free_k3,imagenet,margin_drop,4.2,4.3,780
imagenet_mnv2_100_crop_free_k3,imagenet,margin_drop,4.3,4.4,707
imagenet_mnv2_100_crop_free_k3,imagenet,margin_drop,4.4,4.5,684
imagenet_mnv2_100_crop_free_k3,imagenet,margin_drop,4.5,4.6,661
imagenet_mnv2_100_crop_free_k3,imagenet,margin_drop,4.6,4.7,614
imagenet_mnv2_100_crop_free_k3,imagenet,margin_drop,4.7,4.8,576
imagenet_mnv2_100_crop_free_k3,imagenet,margin_drop,4.8,4.9,560
imagenet_mnv2_100_crop_free_k3,imagenet,margin_drop,4.9,5.0,637
imagenet_mnv2_100_crop_free_k3,imagenet,margin_drop,5.0,5.1,508
imagenet_mnv2_100_crop_free_k3,imagenet,margin_drop,5.1,5.2,497
imagenet_mnv2_100_crop_free_k3,imagenet,margin_drop,5.2,5.3,474
imagenet_mnv2_100_crop_free_k3,imagenet,margin_drop,5.3,5.4,466
imagenet_mnv2_100_crop_free_k3,imagenet,margin_drop,5.4,5.5,444
imagenet_mnv2_100_crop_free_k3,imagenet,margin_drop,5.5,5.6,436
imagenet_mnv2_100_crop_free_k3,imagenet,margin_drop,5.6,5.7,410
imagenet_mnv2_100_crop_free_k3,imagenet,margin_drop,5.7,5.8,401
imagenet_mnv2_100_crop_free_k3,imagenet,margin_drop,5.8,5.9,389
imagenet_mnv2_100_crop_free_k3,imagenet,margin_drop,5.9,6.0,362
imagenet_mnv2_100_crop_free_k3,imagenet,margin_drop,6.0,6.1,368
imagenet_mnv2_100_crop_free_k3,imagenet,margin_drop,6.1,6.2,379
imagenet_mnv2_100_crop_free_k3,imagenet,margin_drop,6.2,6.3,323
imagenet_mnv2_100_crop_free_k3,imagenet,margin_drop,6.3,6.4,352
imagenet_mnv2_100_crop_free_k3,imagenet,margin_drop,6.4,6.5,304
imagenet_mnv2_100_crop_free_k3,imagenet,margin_drop,6.5,6.6,319
imagenet_mnv2_100_crop_free_k3,imagenet,margin_drop,6.6,6.7,302
imagenet_mnv2_100_crop_free_k3,imagenet,margin_drop,6.7,6.8,273
imagenet_mnv2_100_crop_free_k3,imagenet,margin_drop,6.8,6.9,278
imagenet_mnv2_100_crop_free_k3,imagenet,margin_drop,6.9,7.0,264
imagenet_mnv2_100_crop_free_k3,imagenet,margin_drop,7.0,7.1,260
imagenet_mnv2_100_crop_free_k3,imagenet,margin_drop,7.1,7.2,259
imagenet_mnv2_100_crop_free_k3,imagenet,margin_drop,7.2,7.3,247
imagenet_mnv2_100_crop_free_k3,imagenet,margin_drop,7.3,7.4,217
imagenet_mnv2_100_crop_free_k3,imagenet,margin_drop,7.4,7.5,240
imagenet_mnv2_100_crop_free_k3,imagenet,margin_drop,7.5,7.6,208
imagenet_mnv2_100_crop_free_k3,imagenet,margin_drop,7.6,7.7,199
imagenet_mnv2_100_crop_free_k3,imagenet,margin_drop,7.7,7.8,216
imagenet_mnv2_100_crop_free_k3,imagenet,margin_drop,7.8,7.9,211
imagenet_mnv2_100_crop_free_k3,imagenet,margin_drop,7.9,8.0,187
imagenet_mnv2_100_crop_free_k3,imagenet,margin_drop,8.0,8.1,192
imagenet_mnv2_100_crop_free_k3,imagenet,margin_drop,8.1,8.2,226
imagenet_mnv2_100_crop_free_k3,imagenet,margin_drop,8.2,8.3,201
imagenet_mnv2_100_crop_free_k3,imagenet,margin_drop,8.3,8.4,173
imagenet_mnv2_100_crop_free_k3,imagenet,margin_drop,8.4,8.5,193
imagenet_mnv2_100_crop_free_k3,imagenet,margin_drop,8.5,8.6,155
imagenet_mnv2_100_crop_free_k3,imagenet,margin_drop,8.6,8.7,143
imagenet_mnv2_100_crop_free_k3,imagenet,margin_drop,8.7,8.8,137
imagenet_mnv2_100_crop_free_k3,imagenet,margin_drop,8.8,8.9,168
imagenet_mnv2_100_crop_free_k3,imagenet,margin_drop,8.9,9.0,141
imagenet_mnv2_100_crop_free_k3,imagenet,margin_drop,9.0,9.1,157
imagenet_mnv2_100_crop_free_k3,imagenet,margin_drop,9.1,9.2,136
imagenet_mnv2_100_crop_free_k3,imagenet,margin_drop,9.2,9.3,142
imagenet_mnv2_100_crop_free_k3,imagenet,margin_drop,9.3,9.4,126
imagenet_mnv2_100_crop_free_k3,imagenet,margin_drop,9.4,9.5,140
imagenet_mnv2_100_crop_free_k3,imagenet,margin_drop,9.5,9.6,144
imagenet_mnv2_100_crop_free_k3,imagenet,margin_drop,9.6,9.7,126
imagenet_mnv2_100_crop_free_k3,imagenet,margin_drop,9.7,9.8,118
imagenet_mnv2_100_crop_free_k3,imagenet,margin_drop,9.8,9.9,97
imagenet_mnv2_100_crop_free_k3,imagenet,margin_drop,9.9,10.0,7016
