run,dataset,metric,seed_cv_threshold,true,false,unavailable,stored_mismatches
synthetic_shortcut,synthetic,margin_drop,0.1,0.0190625,0.9425,0.0384375,
synthetic_shortcut,synthetic,margin_drop,0.2,0.0490625,0.9125,0.0384375,0.0
synthetic_shortcut,synthetic,margin_drop,0.3,0.0784375,0.883125,0.0384375,
synthetic_shortcut,synthetic,margin_drop,0.5,0.126875,0.8346875,0.0384375,
synthetic_normal,synthetic,margin_drop,0.1,0.0053125,0.9946875,0.0,
synthetic_normal,synthetic,margin_drop,0.2,0.0396875,0.9603125,0.0,0.0
synthetic_normal,synthetic,margin_drop,0.3,0.09625,0.90375,0.0,
synthetic_normal,synthetic,margin_drop,0.5,0.245625,0.754375,0.0,
imagenet_mnv2_050_exact_k3,imagenet,margin_drop,0.1,0.07070625,0.9292875,6.25e-06,
imagenet_mnv2_050_exact_k3,imagenet,margin_drop,0.2,0.20030625,0.7996875,6.25e-06,0.0
imagenet_mnv2_050_exact_k3,imagenet,margin_drop,0.3,0.32403125,0.6759625,6.25e-06,
imagenet_mnv2_050_exact_k3,imagenet,margin_drop,0.5,0.504775,0.49521875,6.25e-06,
imagenet_mnv2_050_crop_free_k3,imagenet,margin_drop,0.1,0.0654625,0.9345375,0.0,
imagenet_mnv2_050_crop_free_k3,imagenet,margin_drop,0.2,0.1891625,0.8108375,0.0,0.0
imagenet_mnv2_050_crop_free_k3,imagenet,margin_drop,0.3,0.3089375,0.6910625,0.0,
imagenet_mnv2_050_crop_free_k3,imagenet,margin_drop,0.5,0.48835625,0.51164375,0.0,
imagenet_mnv2_100_exact_k3,imagenet,margin_drop,0.1,0.0637,0.9362875,1.25e-05,
imagenet_mnv2_100_exact_k3,imagenet,margin_drop,0.2,0.18160625,0.81838125,1.25e-05,0.0
imagenet_mnv2_100_exact_k3,imagenet,margin_drop,0.3,0.29978125,0.70020625,1.25e-05,
imagenet_mnv2_100_exact_k3,imagenet,margin_drop,0.5,0.47951875,0.52046875,1.25e-05,
imagenet_mnv2_100_crop_free_k3,imagenet,margin_drop,0.1,0.060275,0.93970625,1.875e-05,
imagenet_mnv2_100_crop_free_k3,imagenet,margin_drop,0.2,0.17728125,0.8227,1.875e-05,0.0
imagenet_mnv2_100_crop_free_k3,imagenet,margin_drop,0.3,0.2939625,0.70601875,1.875e-05,
imagenet_mnv2_100_crop_free_k3,imagenet,margin_drop,0.5,0.472875,0.52710625,1.875e-05,
ntu60_tsm_exact,ntu60,margin_drop,0.1,0.060583333333333336,0.9293333333333333,0.010083333333333333,
ntu60_tsm_exact,ntu60,margin_drop,0.2,0.17158333333333334,0.8183333333333334,0.010083333333333333,0.0
ntu60_tsm_exact,ntu60,margin_drop,0.3,0.27475,0.7151666666666666,0.010083333333333333,
ntu60_tsm_exact,ntu60,margin_drop,0.5,0.43183333333333335,0.5580833333333334,0.010083333333333333,
ntu60_tsm_crop_free,ntu60,margin_drop,0.1,0.037,0.9591666666666666,0.003833333333333333,
ntu60_tsm_crop_free,ntu60,margin_drop,0.2,0.11566666666666667,0.8805,0.003833333333333333,0.0
ntu60_tsm_crop_free,ntu60,margin_drop,0.3,0.19408333333333333,0.8020833333333334,0.003833333333333333,
ntu60_tsm_crop_free,ntu60,margin_drop,0.5,0.3345,0.6616666666666666,0.003833333333333333,
