run,dataset,param,max_disagreement,at_value,max_delta_ge2,min_kappa_linear,rank
imagenet_mnv2_050_crop_free_k3,imagenet,sign_alpha,0.15176875,0.25,0.04405,0.7268934716214718,1
imagenet_mnv2_050_crop_free_k3,imagenet,z_threshold,0.06868125000000003,4.0,0.06868125,0.8425988385027536,2
imagenet_mnv2_050_crop_free_k3,imagenet,ddof,0.020606250000000048,1,0.02060625,0.9561978693615364,3
imagenet_mnv2_050_crop_free_k3,imagenet,std_floor_beta,0.012868749999999984,0.25,0.01286875,0.9729606517872842,4
imagenet_mnv2_050_crop_free_k3,imagenet,ci_level,0.0,90,0.0,1.0,5
imagenet_mnv2_050_crop_free_k3,imagenet,min_multi_strategy,0.0,2,0.0,1.0,5
imagenet_mnv2_050_exact_k3,imagenet,sign_alpha,0.15116249999999998,0.25,0.03755625,0.749198177506306,1
imagenet_mnv2_050_exact_k3,imagenet,z_threshold,0.06886875000000003,4.0,0.06886875,0.8425972472837824,2
imagenet_mnv2_050_exact_k3,imagenet,ddof,0.02138125000000002,1,0.02138125,0.9546481805675326,3
imagenet_mnv2_050_exact_k3,imagenet,std_floor_beta,0.011043750000000019,0.25,0.01104375,0.9769367446409588,4
imagenet_mnv2_050_exact_k3,imagenet,ci_level,0.0,90,0.0,1.0,5
imagenet_mnv2_050_exact_k3,imagenet,min_multi_strategy,0.0,2,0.0,1.0,5
imagenet_mnv2_100_crop_free_k3,imagenet,sign_alpha,0.14864374999999996,0.25,0.0403375,0.7402015734470325,1
imagenet_mnv2_100_crop_free_k3,imagenet,z_threshold,0.06706875000000001,4.0,0.06706875,0.8456953519056906,2
imagenet_mnv2_100_crop_free_k3,imagenet,ddof,0.020481250000000006,1,0.02048125,0.9562295121322512,3
imagenet_mnv2_100_crop_free_k3,imagenet,std_floor_beta,0.011018749999999966,0.25,0.01101875,0.9767875145222278,4
imagenet_mnv2_100_crop_free_k3,imagenet,ci_level,0.0,90,0.0,1.0,5
imagenet_mnv2_100_crop_free_k3,imagenet,min_multi_strategy,0.0,2,0.0,1.0,5
imagenet_mnv2_100_exact_k3,imagenet,sign_alpha,0.15178124999999998,0.25,0.03595,0.7502055112196309,1
imagenet_mnv2_100_exact_k3,imagenet,z_threshold,0.07026874999999999,1.0,0.07026875,0.8472451744926234,2
imagenet_mnv2_100_exact_k3,imagenet,ddof,0.02096874999999998,1,0.02096875,0.9550206628874116,3
imagenet_mnv2_100_exact_k3,imagenet,std_floor_beta,0.010168749999999949,0.25,0.01016875,0.9785463324449466,4
imagenet_mnv2_100_exact_k3,imagenet,ci_level,0.0,90,0.0,1.0,5
imagenet_mnv2_100_exact_k3,imagenet,min_multi_strategy,0.0,2,0.0,1.0,5
ntu60_tsm_crop_free,ntu60,sign_alpha,0.16749999999999998,0.25,0.1675,0.608392613875556,1
ntu60_tsm_crop_free,ntu60,ci_level,0.0,90,0.0,1.0,2
ntu60_tsm_crop_free,ntu60,min_multi_strategy,0.0,2,0.0,1.0,2
ntu60_tsm_exact,ntu60,sign_alpha,0.17025,0.25,0.17025,0.6179249967256504,1
ntu60_tsm_exact,ntu60,ci_level,0.0,90,0.0,1.0,2
ntu60_tsm_exact,ntu60,min_multi_strategy,0.0,2,0.0,1.0,2
synthetic_normal,synthetic,sign_alpha,0.11499999999999999,0.25,0.0678125,0.770483153352561,1
synthetic_normal,synthetic,z_threshold,0.043749999999999956,4.0,0.04375,0.9236659560898638,2
synthetic_normal,synthetic,ddof,0.022187500000000027,1,0.0221875,0.9620349215224064,3
synthetic_normal,synthetic,std_floor_beta,0.002187500000000009,0.25,0.0021875,0.9963227949122584,4
synthetic_normal,synthetic,ci_level,0.0,90,0.0,1.0,5
synthetic_normal,synthetic,min_multi_strategy,0.0,2,0.0,1.0,5
synthetic_shortcut,synthetic,sign_alpha,0.14937500000000004,0.25,0.0128125,0.7329673555572445,1
synthetic_shortcut,synthetic,z_threshold,0.018124999999999947,1.0,0.018125,0.9487536167217832,2
synthetic_shortcut,synthetic,std_floor_beta,0.00968749999999996,0.25,0.0096875,0.9706786387676278,3
synthetic_shortcut,synthetic,ci_level,0.007499999999999951,90,0.0075,0.9782473172399356,4
synthetic_shortcut,synthetic,ddof,0.0031250000000000444,1,0.003125,0.9906962653355348,5
synthetic_shortcut,synthetic,min_multi_strategy,0.0,2,0.0,1.0,6
