run,dataset,metric,z_threshold,unreliable,low,moderate,high
synthetic_shortcut,synthetic,margin_drop,0.0,0.7465625,0.135625,0.0,0.1178125
synthetic_shortcut,synthetic,margin_drop,0.05,0.7465625,0.1359375,0.0,0.1175
synthetic_shortcut,synthetic,margin_drop,0.1,0.7465625,0.13625,0.0,0.1171875
synthetic_shortcut,synthetic,margin_drop,0.15,0.7465625,0.13625,0.0,0.1171875
synthetic_shortcut,synthetic,margin_drop,0.2,0.7465625,0.1365625,0.0,0.116875
synthetic_shortcut,synthetic,margin_drop,0.25,0.7465625,0.136875,0.0,0.1165625
synthetic_shortcut,synthetic,margin_drop,0.3,0.7465625,0.1371875,0.0,0.11625
synthetic_shortcut,synthetic,margin_drop,0.35,0.7465625,0.1375,0.0,0.1159375
synthetic_shortcut,synthetic,margin_drop,0.4,0.7465625,0.138125,0.0,0.1153125
synthetic_shortcut,synthetic,margin_drop,0.45,0.7465625,0.1396875,0.0,0.11375
synthetic_shortcut,synthetic,margin_drop,0.5,0.7465625,0.1396875,0.0,0.11375
synthetic_shortcut,synthetic,margin_drop,0.55,0.7465625,0.140625,0.0,0.1128125
synthetic_shortcut,synthetic,margin_drop,0.6,0.7465625,0.141875,0.0,0.1115625
synthetic_shortcut,synthetic,margin_drop,0.65,0.7465625,0.1421875,0.0,0.11125
synthetic_shortcut,synthetic,margin_drop,0.7,0.7465625,0.1428125,0.0,0.110625
synthetic_shortcut,synthetic,margin_drop,0.75,0.7465625,0.14375,0.0,0.1096875
synthetic_shortcut,synthetic,margin_drop,0.8,0.7465625,0.1440625,0.0,0.109375
synthetic_shortcut,synthetic,margin_drop,0.85,0.7465625,0.1453125,0.0,0.108125
synthetic_shortcut,synthetic,margin_drop,0.9,0.7465625,0.1465625,0.0,0.106875
synthetic_shortcut,synthetic,margin_drop,0.95,0.7465625,0.1484375,0.0,0.105
synthetic_shortcut,synthetic,margin_drop,1.0,0.7465625,0.1540625,0.0,0.099375
synthetic_shortcut,synthetic,margin_drop,1.05,0.7465625,0.1596875,0.0,0.09375
synthetic_shortcut,synthetic,margin_drop,1.1,0.7465625,0.1621875,0.0,0.09125
synthetic_shortcut,synthetic,margin_drop,1.15,0.7465625,0.1634375,0.0,0.09
synthetic_shortcut,synthetic,margin_drop,1.2,0.7465625,0.164375,0.0,0.0890625
synthetic_shortcut,synthetic,margin_drop,1.25,0.7465625,0.1653125,0.0,0.088125
synthetic_shortcut,synthetic,margin_drop,1.3,0.7465625,0.1659375,0.0,0.0875
synthetic_shortcut,synthetic,margin_drop,1.35,0.7465625,0.1671875,0.0,0.08625
synthetic_shortcut,synthetic,margin_drop,1.4,0.7465625,0.1678125,0.0,0.085625
synthetic_shortcut,synthetic,margin_drop,1.45,0.7465625,0.16875,0.0,0.0846875
synthetic_shortcut,synthetic,margin_drop,1.5,0.7465625,0.16875,0.0,0.0846875
synthetic_shortcut,synthetic,margin_drop,1.55,0.7465625,0.1690625,0.0,0.084375
synthetic_shortcut,synthetic,margin_drop,1.6,0.7465625,0.169375,0.0,0.0840625
synthetic_shortcut,synthetic,margin_drop,1.65,0.7465625,0.1696875,0.0,0.08375
synthetic_shortcut,synthetic,margin_drop,1.7,0.7465625,0.1696875,0.0,0.08375
synthetic_shortcut,synthetic,margin_drop,1.75,0.7465625,0.17,0.0,0.0834375
synthetic_shortcut,synthetic,margin_drop,1.8,0.7465625,0.1709375,0.0,0.0825
synthetic_shortcut,synthetic,margin_drop,1.85,0.7465625,0.1715625,0.0,0.081875
synthetic_shortcut,synthetic,margin_drop,1.9,0.7465625,0.1715625,0.0,0.081875
synthetic_shortcut,synthetic,margin_drop,1.95,0.7465625,0.1721875,0.0,0.08125
synthetic_shortcut,synthetic,margin_drop,2.0,0.7465625,0.1721875,0.0,0.08125
synthetic_shortcut,synthetic,margin_drop,2.05,0.7465625,0.1728125,0.0,0.080625
synthetic_shortcut,synthetic,margin_drop,2.1,0.7465625,0.1728125,0.0,0.080625
synthetic_shortcut,synthetic,margin_drop,2.15,0.7465625,0.1728125,0.0,0.080625
synthetic_shortcut,synthetic,margin_drop,2.2,0.7465625,0.173125,0.0,0.0803125
synthetic_shortcut,synthetic,margin_drop,2.25,0.7465625,0.1734375,0.0,0.08
synthetic_shortcut,synthetic,margin_drop,2.3,0.7465625,0.17375,0.0,0.0796875
synthetic_shortcut,synthetic,margin_drop,2.35,0.7465625,0.17375,0.0,0.0796875
synthetic_shortcut,synthetic,margin_drop,2.4,0.7465625,0.17375,0.0,0.0796875
synthetic_shortcut,synthetic,margin_drop,2.45,0.7465625,0.17375,0.0,0.0796875
synthetic_shortcut,synthetic,margin_drop,2.5,0.7465625,0.174375,0.0,0.0790625
synthetic_shortcut,synthetic,margin_drop,2.55,0.7465625,0.174375,0.0,0.0790625
synthetic_shortcut,synthetic,margin_drop,2.6,0.7465625,0.175,0.0,0.0784375
synthetic_shortcut,synthetic,margin_drop,2.65,0.7465625,0.175,0.0,0.0784375
synthetic_shortcut,synthetic,margin_drop,2.7,0.7465625,0.175,0.0,0.0784375
synthetic_shortcut,synthetic,margin_drop,2.75,0.7465625,0.175,0.0,0.0784375
synthetic_shortcut,synthetic,margin_drop,2.8,0.7465625,0.1753125,0.0,0.078125
synthetic_shortcut,synthetic,margin_drop,2.85,0.7465625,0.1753125,0.0,0.078125
synthetic_shortcut,synthetic,margin_drop,2.9,0.7465625,0.1753125,0.0,0.078125
synthetic_shortcut,synthetic,margin_drop,2.95,0.7465625,0.1753125,0.0,0.078125
synthetic_shortcut,synthetic,margin_drop,3.0,0.7465625,0.1753125,0.0,0.078125
synthetic_shortcut,synthetic,margin_drop,3.05,0.7465625,0.175625,0.0,0.0778125
synthetic_shortcut,synthetic,margin_drop,3.1,0.7465625,0.1759375,0.0,0.0775
synthetic_shortcut,synthetic,margin_drop,3.15,0.7465625,0.1759375,0.0,0.0775
synthetic_shortcut,synthetic,margin_drop,3.2,0.7465625,0.1759375,0.0,0.0775
synthetic_shortcut,synthetic,margin_drop,3.25,0.7465625,0.1759375,0.0,0.0775
synthetic_shortcut,synthetic,margin_drop,3.3,0.7465625,0.1759375,0.0,0.0775
synthetic_shortcut,synthetic,margin_drop,3.35,0.7465625,0.1759375,0.0,0.0775
synthetic_shortcut,synthetic,margin_drop,3.4,0.7465625,0.1765625,0.0,0.076875
synthetic_shortcut,synthetic,margin_drop,3.45,0.7465625,0.176875,0.0,0.0765625
synthetic_shortcut,synthetic,margin_drop,3.5,0.7465625,0.176875,0.0,0.0765625
synthetic_shortcut,synthetic,margin_drop,3.55,0.7465625,0.1771875,0.0,0.07625
synthetic_shortcut,synthetic,margin_drop,3.6,0.7465625,0.1775,0.0,0.0759375
synthetic_shortcut,synthetic,margin_drop,3.65,0.7465625,0.1775,0.0,0.0759375
synthetic_shortcut,synthetic,margin_drop,3.7,0.7465625,0.1775,0.0,0.0759375
synthetic_shortcut,synthetic,margin_drop,3.75,0.7465625,0.1775,0.0,0.0759375
synthetic_shortcut,synthetic,margin_drop,3.8,0.7465625,0.1775,0.0,0.0759375
synthetic_shortcut,synthetic,margin_drop,3.85,0.7465625,0.1775,0.0,0.0759375
synthetic_shortcut,synthetic,margin_drop,3.9,0.7465625,0.1775,0.0,0.0759375
synthetic_shortcut,synthetic,margin_drop,3.95,0.7465625,0.1778125,0.0,0.075625
synthetic_shortcut,synthetic,margin_drop,4.0,0.7465625,0.1778125,0.0,0.075625
synthetic_shortcut,synthetic,margin_drop,4.05,0.7465625,0.1778125,0.0,0.075625
synthetic_shortcut,synthetic,margin_drop,4.1,0.7465625,0.1778125,0.0,0.075625
synthetic_shortcut,synthetic,margin_drop,4.15,0.7465625,0.1778125,0.0,0.075625
synthetic_shortcut,synthetic,margin_drop,4.2,0.7465625,0.1778125,0.0,0.075625
synthetic_shortcut,synthetic,margin_drop,4.25,0.7465625,0.1778125,0.0,0.075625
synthetic_shortcut,synthetic,margin_drop,4.3,0.7465625,0.178125,0.0,0.0753125
synthetic_shortcut,synthetic,margin_drop,4.35,0.7465625,0.1784375,0.0,0.075
synthetic_shortcut,synthetic,margin_drop,4.4,0.7465625,0.1784375,0.0,0.075
synthetic_shortcut,synthetic,margin_drop,4.45,0.7465625,0.17875,0.0,0.0746875
synthetic_shortcut,synthetic,margin_drop,4.5,0.7465625,0.17875,0.0,0.0746875
synthetic_shortcut,synthetic,margin_drop,4.55,0.7465625,0.17875,0.0,0.0746875
synthetic_shortcut,synthetic,margin_drop,4.6,0.7465625,0.17875,0.0,0.0746875
synthetic_shortcut,synthetic,margin_drop,4.65,0.7465625,0.17875,0.0,0.0746875
synthetic_shortcut,synthetic,margin_drop,4.7,0.7465625,0.17875,0.0,0.0746875
synthetic_shortcut,synthetic,margin_drop,4.75,0.7465625,0.17875,0.0,0.0746875
synthetic_shortcut,synthetic,margin_drop,4.8,0.7465625,0.17875,0.0,0.0746875
synthetic_shortcut,synthetic,margin_drop,4.85,0.7465625,0.17875,0.0,0.0746875
synthetic_shortcut,synthetic,margin_drop,4.9,0.7465625,0.17875,0.0,0.0746875
synthetic_shortcut,synthetic,margin_drop,4.95,0.7465625,0.17875,0.0,0.0746875
synthetic_shortcut,synthetic,margin_drop,5.0,0.7465625,0.17875,0.0,0.0746875
synthetic_shortcut,synthetic,margin_drop,5.05,0.7465625,0.17875,0.0,0.0746875
synthetic_shortcut,synthetic,margin_drop,5.1,0.7465625,0.17875,0.0,0.0746875
synthetic_shortcut,synthetic,margin_drop,5.15,0.7465625,0.17875,0.0,0.0746875
synthetic_shortcut,synthetic,margin_drop,5.2,0.7465625,0.1790625,0.0,0.074375
synthetic_shortcut,synthetic,margin_drop,5.25,0.7465625,0.1790625,0.0,0.074375
synthetic_shortcut,synthetic,margin_drop,5.3,0.7465625,0.1790625,0.0,0.074375
synthetic_shortcut,synthetic,margin_drop,5.35,0.7465625,0.1790625,0.0,0.074375
synthetic_shortcut,synthetic,margin_drop,5.4,0.7465625,0.1790625,0.0,0.074375
synthetic_shortcut,synthetic,margin_drop,5.45,0.7465625,0.1790625,0.0,0.074375
synthetic_shortcut,synthetic,margin_drop,5.5,0.7465625,0.1790625,0.0,0.074375
synthetic_shortcut,synthetic,margin_drop,5.55,0.7465625,0.179375,0.0,0.0740625
synthetic_shortcut,synthetic,margin_drop,5.6,0.7465625,0.179375,0.0,0.0740625
synthetic_shortcut,synthetic,margin_drop,5.65,0.7465625,0.179375,0.0,0.0740625
synthetic_shortcut,synthetic,margin_drop,5.7,0.7465625,0.1796875,0.0,0.07375
synthetic_shortcut,synthetic,margin_drop,5.75,0.7465625,0.1796875,0.0,0.07375
synthetic_shortcut,synthetic,margin_drop,5.8,0.7465625,0.1803125,0.0,0.073125
synthetic_shortcut,synthetic,margin_drop,5.85,0.7465625,0.1803125,0.0,0.073125
synthetic_shortcut,synthetic,margin_drop,5.9,0.7465625,0.1803125,0.0,0.073125
synthetic_shortcut,synthetic,margin_drop,5.95,0.7465625,0.1803125,0.0,0.073125
synthetic_shortcut,synthetic,margin_drop,6.0,0.7465625,0.1803125,0.0,0.073125
synthetic_normal,synthetic,margin_drop,0.0,0.6309375,0.075,0.0,0.2940625
synthetic_normal,synthetic,margin_drop,0.05,0.6309375,0.0759375,0.0,0.293125
synthetic_normal,synthetic,margin_drop,0.1,0.6309375,0.0775,0.0,0.2915625
synthetic_normal,synthetic,margin_drop,0.15,0.6309375,0.0809375,0.0,0.288125
synthetic_normal,synthetic,margin_drop,0.2,0.6309375,0.081875,0.0,0.2871875
synthetic_normal,synthetic,margin_drop,0.25,0.6309375,0.0828125,0.0,0.28625
synthetic_normal,synthetic,margin_drop,0.3,0.6309375,0.0840625,0.0,0.285
synthetic_normal,synthetic,margin_drop,0.35,0.6309375,0.085,0.0,0.2840625
synthetic_normal,synthetic,margin_drop,0.4,0.6309375,0.0865625,0.0,0.2825
synthetic_normal,synthetic,margin_drop,0.45,0.6309375,0.088125,0.0,0.2809375
synthetic_normal,synthetic,margin_drop,0.5,0.6309375,0.09,0.0,0.2790625
synthetic_normal,synthetic,margin_drop,0.55,0.6309375,0.09,0.0,0.2790625
synthetic_normal,synthetic,margin_drop,0.6,0.6309375,0.0915625,0.0,0.2775
synthetic_normal,synthetic,margin_drop,0.65,0.6309375,0.0934375,0.0,0.275625
synthetic_normal,synthetic,margin_drop,0.7,0.6309375,0.0940625,0.0,0.275
synthetic_normal,synthetic,margin_drop,0.75,0.6309375,0.0965625,0.0,0.2725
synthetic_normal,synthetic,margin_drop,0.8,0.6309375,0.09875,0.0,0.2703125
synthetic_normal,synthetic,margin_drop,0.85,0.6309375,0.10125,0.0,0.2678125
synthetic_normal,synthetic,margin_drop,0.9,0.6309375,0.1025,0.0,0.2665625
synthetic_normal,synthetic,margin_drop,0.95,0.6309375,0.103125,0.0,0.2659375
synthetic_normal,synthetic,margin_drop,1.0,0.6309375,0.105,0.0,0.2640625
synthetic_normal,synthetic,margin_drop,1.05,0.6309375,0.1059375,0.0,0.263125
synthetic_normal,synthetic,margin_drop,1.1,0.6309375,0.1078125,0.0,0.26125
synthetic_normal,synthetic,margin_drop,1.15,0.6309375,0.109375,0.0,0.2596875
synthetic_normal,synthetic,margin_drop,1.2,0.6309375,0.11125,0.0,0.2578125
synthetic_normal,synthetic,margin_drop,1.25,0.6309375,0.111875,0.0,0.2571875
synthetic_normal,synthetic,margin_drop,1.3,0.6309375,0.1125,0.0,0.2565625
synthetic_normal,synthetic,margin_drop,1.35,0.6309375,0.114375,0.0,0.2546875
synthetic_normal,synthetic,margin_drop,1.4,0.6309375,0.1159375,0.0,0.253125
synthetic_normal,synthetic,margin_drop,1.45,0.6309375,0.1171875,0.0,0.251875
synthetic_normal,synthetic,margin_drop,1.5,0.6309375,0.1175,0.0,0.2515625
synthetic_normal,synthetic,margin_drop,1.55,0.6309375,0.1190625,0.0,0.25
synthetic_normal,synthetic,margin_drop,1.6,0.6309375,0.12,0.0,0.2490625
synthetic_normal,synthetic,margin_drop,1.65,0.6309375,0.1228125,0.0,0.24625
synthetic_normal,synthetic,margin_drop,1.7,0.6309375,0.1234375,0.0,0.245625
synthetic_normal,synthetic,margin_drop,1.75,0.6309375,0.1246875,0.0,0.244375
synthetic_normal,synthetic,margin_drop,1.8,0.6309375,0.12625,0.0,0.2428125
synthetic_normal,synthetic,margin_drop,1.85,0.6309375,0.128125,0.0,0.2409375
synthetic_normal,synthetic,margin_drop,1.9,0.6309375,0.1290625,0.0,0.24
synthetic_normal,synthetic,margin_drop,1.95,0.6309375,0.1290625,0.0,0.24
synthetic_normal,synthetic,margin_drop,2.0,0.6309375,0.130625,0.0,0.2384375
synthetic_normal,synthetic,margin_drop,2.05,0.6309375,0.1334375,0.0,0.235625
synthetic_normal,synthetic,margin_drop,2.1,0.6309375,0.13375,0.0,0.2353125
synthetic_normal,synthetic,margin_drop,2.15,0.6309375,0.13375,0.0,0.2353125
synthetic_normal,synthetic,margin_drop,2.2,0.6309375,0.1353125,0.0,0.23375
synthetic_normal,synthetic,margin_drop,2.25,0.6309375,0.1359375,0.0,0.233125
synthetic_normal,synthetic,margin_drop,2.3,0.6309375,0.1371875,0.0,0.231875
synthetic_normal,synthetic,margin_drop,2.35,0.6309375,0.1384375,0.0,0.230625
synthetic_normal,synthetic,margin_drop,2.4,0.6309375,0.1403125,0.0,0.22875
synthetic_normal,synthetic,margin_drop,2.45,0.6309375,0.141875,0.0,0.2271875
synthetic_normal,synthetic,margin_drop,2.5,0.6309375,0.1434375,0.0,0.225625
synthetic_normal,synthetic,margin_drop,2.55,0.6309375,0.144375,0.0,0.2246875
synthetic_normal,synthetic,margin_drop,2.6,0.6309375,0.145625,0.0,0.2234375
synthetic_normal,synthetic,margin_drop,2.65,0.6309375,0.1475,0.0,0.2215625
synthetic_normal,synthetic,margin_drop,2.7,0.6309375,0.14875,0.0,0.2203125
synthetic_normal,synthetic,margin_drop,2.75,0.6309375,0.150625,0.0,0.2184375
synthetic_normal,synthetic,margin_drop,2.8,0.6309375,0.1515625,0.0,0.2175
synthetic_normal,synthetic,margin_drop,2.85,0.6309375,0.153125,0.0,0.2159375
synthetic_normal,synthetic,margin_drop,2.9,0.6309375,0.154375,0.0,0.2146875
synthetic_normal,synthetic,margin_drop,2.95,0.6309375,0.155625,0.0,0.2134375
synthetic_normal,synthetic,margin_drop,3.0,0.6309375,0.156875,0.0,0.2121875
synthetic_normal,synthetic,margin_drop,3.05,0.6309375,0.1578125,0.0,0.21125
synthetic_normal,synthetic,margin_drop,3.1,0.6309375,0.1578125,0.0,0.21125
synthetic_normal,synthetic,margin_drop,3.15,0.6309375,0.1603125,0.0,0.20875
synthetic_normal,synthetic,margin_drop,3.2,0.6309375,0.1615625,0.0,0.2075
synthetic_normal,synthetic,margin_drop,3.25,0.6309375,0.161875,0.0,0.2071875
synthetic_normal,synthetic,margin_drop,3.3,0.6309375,0.1625,0.0,0.2065625
synthetic_normal,synthetic,margin_drop,3.35,0.6309375,0.1628125,0.0,0.20625
synthetic_normal,synthetic,margin_drop,3.4,0.6309375,0.1640625,0.0,0.205
synthetic_normal,synthetic,margin_drop,3.45,0.6309375,0.165,0.0,0.2040625
synthetic_normal,synthetic,margin_drop,3.5,0.6309375,0.1653125,0.0,0.20375
synthetic_normal,synthetic,margin_drop,3.55,0.6309375,0.165625,0.0,0.2034375
synthetic_normal,synthetic,margin_drop,3.6,0.6309375,0.1665625,0.0,0.2025
synthetic_normal,synthetic,margin_drop,3.65,0.6309375,0.1678125,0.0,0.20125
synthetic_normal,synthetic,margin_drop,3.7,0.6309375,0.168125,0.0,0.2009375
synthetic_normal,synthetic,margin_drop,3.75,0.6309375,0.1690625,0.0,0.2
synthetic_normal,synthetic,margin_drop,3.8,0.6309375,0.17,0.0,0.1990625
synthetic_normal,synthetic,margin_drop,3.85,0.6309375,0.1709375,0.0,0.198125
synthetic_normal,synthetic,margin_drop,3.9,0.6309375,0.1715625,0.0,0.1975
synthetic_normal,synthetic,margin_drop,3.95,0.6309375,0.1734375,0.0,0.195625
synthetic_normal,synthetic,margin_drop,4.0,0.6309375,0.174375,0.0,0.1946875
synthetic_normal,synthetic,margin_drop,4.05,0.6309375,0.175625,0.0,0.1934375
synthetic_normal,synthetic,margin_drop,4.1,0.6309375,0.1771875,0.0,0.191875
synthetic_normal,synthetic,margin_drop,4.15,0.6309375,0.1778125,0.0,0.19125
synthetic_normal,synthetic,margin_drop,4.2,0.6309375,0.1796875,0.0,0.189375
synthetic_normal,synthetic,margin_drop,4.25,0.6309375,0.18,0.0,0.1890625
synthetic_normal,synthetic,margin_drop,4.3,0.6309375,0.1803125,0.0,0.18875
synthetic_normal,synthetic,margin_drop,4.35,0.6309375,0.1809375,0.0,0.188125
synthetic_normal,synthetic,margin_drop,4.4,0.6309375,0.1821875,0.0,0.186875
synthetic_normal,synthetic,margin_drop,4.45,0.6309375,0.1834375,0.0,0.185625
synthetic_normal,synthetic,margin_drop,4.5,0.6309375,0.1840625,0.0,0.185
synthetic_normal,synthetic,margin_drop,4.55,0.6309375,0.185625,0.0,0.1834375
synthetic_normal,synthetic,margin_drop,4.6,0.6309375,0.18625,0.0,0.1828125
synthetic_normal,synthetic,margin_drop,4.65,0.6309375,0.1871875,0.0,0.181875
synthetic_normal,synthetic,margin_drop,4.7,0.6309375,0.1884375,0.0,0.180625
synthetic_normal,synthetic,margin_drop,4.75,0.6309375,0.1896875,0.0,0.179375
synthetic_normal,synthetic,margin_drop,4.8,0.6309375,0.1915625,0.0,0.1775
synthetic_normal,synthetic,margin_drop,4.85,0.6309375,0.193125,0.0,0.1759375
synthetic_normal,synthetic,margin_drop,4.9,0.6309375,0.1934375,0.0,0.175625
synthetic_normal,synthetic,margin_drop,4.95,0.6309375,0.1940625,0.0,0.175
synthetic_normal,synthetic,margin_drop,5.0,0.6309375,0.194375,0.0,0.1746875
synthetic_normal,synthetic,margin_drop,5.05,0.6309375,0.1953125,0.0,0.17375
synthetic_normal,synthetic,margin_drop,5.1,0.6309375,0.19625,0.0,0.1728125
synthetic_normal,synthetic,margin_drop,5.15,0.6309375,0.196875,0.0,0.1721875
synthetic_normal,synthetic,margin_drop,5.2,0.6309375,0.1971875,0.0,0.171875
synthetic_normal,synthetic,margin_drop,5.25,0.6309375,0.1978125,0.0,0.17125
synthetic_normal,synthetic,margin_drop,5.3,0.6309375,0.1978125,0.0,0.17125
synthetic_normal,synthetic,margin_drop,5.35,0.6309375,0.198125,0.0,0.1709375
synthetic_normal,synthetic,margin_drop,5.4,0.6309375,0.199375,0.0,0.1696875
synthetic_normal,synthetic,margin_drop,5.45,0.6309375,0.199375,0.0,0.1696875
synthetic_normal,synthetic,margin_drop,5.5,0.6309375,0.1996875,0.0,0.169375
synthetic_normal,synthetic,margin_drop,5.55,0.6309375,0.200625,0.0,0.1684375
synthetic_normal,synthetic,margin_drop,5.6,0.6309375,0.2021875,0.0,0.166875
synthetic_normal,synthetic,margin_drop,5.65,0.6309375,0.2040625,0.0,0.165
synthetic_normal,synthetic,margin_drop,5.7,0.6309375,0.204375,0.0,0.1646875
synthetic_normal,synthetic,margin_drop,5.75,0.6309375,0.205625,0.0,0.1634375
synthetic_normal,synthetic,margin_drop,5.8,0.6309375,0.20625,0.0,0.1628125
synthetic_normal,synthetic,margin_drop,5.85,0.6309375,0.2065625,0.0,0.1625
synthetic_normal,synthetic,margin_drop,5.9,0.6309375,0.2071875,0.0,0.161875
synthetic_normal,synthetic,margin_drop,5.95,0.6309375,0.2078125,0.0,0.16125
synthetic_normal,synthetic,margin_drop,6.0,0.6309375,0.209375,0.0,0.1596875
imagenet_mnv2_050_exact_k3,imagenet,margin_drop,0.0,0.59029375,0.1067,0.0,0.30300625
imagenet_mnv2_050_exact_k3,imagenet,margin_drop,0.05,0.59029375,0.11138125,0.0,0.298325
imagenet_mnv2_050_exact_k3,imagenet,margin_drop,0.1,0.59029375,0.11593125,0.0,0.293775
imagenet_mnv2_050_exact_k3,imagenet,margin_drop,0.15,0.59029375,0.1206625,0.0,0.28904375
imagenet_mnv2_050_exact_k3,imagenet,margin_drop,0.2,0.59029375,0.1251875,0.0,0.28451875
imagenet_mnv2_050_exact_k3,imagenet,margin_drop,0.25,0.59029375,0.12976875,0.0,0.2799375
imagenet_mnv2_050_exact_k3,imagenet,margin_drop,0.3,0.59029375,0.13438125,0.0,0.275325
imagenet_mnv2_050_exact_k3,imagenet,margin_drop,0.35,0.59029375,0.13876875,0.0,0.2709375
imagenet_mnv2_050_exact_k3,imagenet,margin_drop,0.4,0.59029375,0.1434,0.0,0.26630625
imagenet_mnv2_050_exact_k3,imagenet,margin_drop,0.45,0.59029375,0.1482375,0.0,0.26146875
imagenet_mnv2_050_exact_k3,imagenet,margin_drop,0.5,0.59029375,0.152725,0.0,0.25698125
imagenet_mnv2_050_exact_k3,imagenet,margin_drop,0.55,0.59029375,0.1571875,0.0,0.25251875
imagenet_mnv2_050_exact_k3,imagenet,margin_drop,0.6,0.59029375,0.16181875,0.0,0.2478875
imagenet_mnv2_050_exact_k3,imagenet,margin_drop,0.65,0.59029375,0.16646875,0.0,0.2432375
imagenet_mnv2_050_exact_k3,imagenet,margin_drop,0.7,0.59029375,0.17149375,0.0,0.2382125
imagenet_mnv2_050_exact_k3,imagenet,margin_drop,0.75,0.59029375,0.1762125,0.0,0.23349375
imagenet_mnv2_050_exact_k3,imagenet,margin_drop,0.8,0.59029375,0.1807125,0.0,0.22899375
imagenet_mnv2_050_exact_k3,imagenet,margin_drop,0.85,0.59029375,0.18508125,0.0,0.224625
imagenet_mnv2_050_exact_k3,imagenet,margin_drop,0.9,0.59029375,0.1894625,0.0,0.22024375
imagenet_mnv2_050_exact_k3,imagenet,margin_drop,0.95,0.59029375,0.19405625,0.0,0.21565
imagenet_mnv2_050_exact_k3,imagenet,margin_drop,1.0,0.59029375,0.19845,0.0,0.21125625
imagenet_mnv2_050_exact_k3,imagenet,margin_drop,1.05,0.59029375,0.2029,0.0,0.20680625
imagenet_mnv2_050_exact_k3,imagenet,margin_drop,1.1,0.59029375,0.2069875,0.0,0.20271875
imagenet_mnv2_050_exact_k3,imagenet,margin_drop,1.15,0.59029375,0.21105,0.0,0.19865625
imagenet_mnv2_050_exact_k3,imagenet,margin_drop,1.2,0.59029375,0.21478125,0.0,0.194925
imagenet_mnv2_050_exact_k3,imagenet,margin_drop,1.25,0.59029375,0.2185875,0.0,0.19111875
imagenet_mnv2_050_exact_k3,imagenet,margin_drop,1.3,0.59029375,0.22258125,0.0,0.187125
imagenet_mnv2_050_exact_k3,imagenet,margin_drop,1.35,0.59029375,0.226125,0.0,0.18358125
imagenet_mnv2_050_exact_k3,imagenet,margin_drop,1.4,0.59029375,0.22979375,0.0,0.1799125
imagenet_mnv2_050_exact_k3,imagenet,margin_drop,1.45,0.59029375,0.233325,0.0,0.17638125
imagenet_mnv2_050_exact_k3,imagenet,margin_drop,1.5,0.59029375,0.23699375,0.0,0.1727125
imagenet_mnv2_050_exact_k3,imagenet,margin_drop,1.55,0.59029375,0.24015625,0.0,0.16955
imagenet_mnv2_050_exact_k3,imagenet,margin_drop,1.6,0.59029375,0.24364375,0.0,0.1660625
imagenet_mnv2_050_exact_k3,imagenet,margin_drop,1.65,0.59029375,0.24701875,0.0,0.1626875
imagenet_mnv2_050_exact_k3,imagenet,margin_drop,1.7,0.59029375,0.25019375,0.0,0.1595125
imagenet_mnv2_050_exact_k3,imagenet,margin_drop,1.75,0.59029375,0.253075,0.0,0.15663125
imagenet_mnv2_050_exact_k3,imagenet,margin_drop,1.8,0.59029375,0.255825,0.0,0.15388125
imagenet_mnv2_050_exact_k3,imagenet,margin_drop,1.85,0.59029375,0.2586375,0.0,0.15106875
imagenet_mnv2_050_exact_k3,imagenet,margin_drop,1.9,0.59029375,0.26159375,0.0,0.1481125
imagenet_mnv2_050_exact_k3,imagenet,margin_drop,1.95,0.59029375,0.26433125,0.0,0.145375
imagenet_mnv2_050_exact_k3,imagenet,margin_drop,2.0,0.59029375,0.2668625,0.0,0.14284375
imagenet_mnv2_050_exact_k3,imagenet,margin_drop,2.05,0.59029375,0.26955625,0.0,0.14015
imagenet_mnv2_050_exact_k3,imagenet,margin_drop,2.1,0.59029375,0.27209375,0.0,0.1376125
imagenet_mnv2_050_exact_k3,imagenet,margin_drop,2.15,0.59029375,0.27470625,0.0,0.135
imagenet_mnv2_050_exact_k3,imagenet,margin_drop,2.2,0.59029375,0.2771625,0.0,0.13254375
imagenet_mnv2_050_exact_k3,imagenet,margin_drop,2.25,0.59029375,0.2793625,0.0,0.13034375
imagenet_mnv2_050_exact_k3,imagenet,margin_drop,2.3,0.59029375,0.2815625,0.0,0.12814375
imagenet_mnv2_050_exact_k3,imagenet,margin_drop,2.35,0.59029375,0.283625,0.0,0.12608125
imagenet_mnv2_050_exact_k3,imagenet,margin_drop,2.4,0.59029375,0.2861875,0.0,0.12351875
imagenet_mnv2_050_exact_k3,imagenet,margin_drop,2.45,0.59029375,0.28825625,0.0,0.12145
imagenet_mnv2_050_exact_k3,imagenet,margin_drop,2.5,0.59029375,0.2904375,0.0,0.11926875
imagenet_mnv2_050_exact_k3,imagenet,margin_drop,2.55,0.59029375,0.29258125,0.0,0.117125
imagenet_mnv2_050_exact_k3,imagenet,margin_drop,2.6,0.59029375,0.29471875,0.0,0.1149875
imagenet_mnv2_050_exact_k3,imagenet,margin_drop,2.65,0.59029375,0.296575,0.0,0.11313125
imagenet_mnv2_050_exact_k3,imagenet,margin_drop,2.7,0.59029375,0.29835,0.0,0.11135625
imagenet_mnv2_050_exact_k3,imagenet,margin_drop,2.75,0.59029375,0.30008125,0.0,0.109625
imagenet_mnv2_050_exact_k3,imagenet,margin_drop,2.8,0.59029375,0.302,0.0,0.10770625
imagenet_mnv2_050_exact_k3,imagenet,margin_drop,2.85,0.59029375,0.303925,0.0,0.10578125
imagenet_mnv2_050_exact_k3,imagenet,margin_drop,2.9,0.59029375,0.30570625,0.0,0.104
imagenet_mnv2_050_exact_k3,imagenet,margin_drop,2.95,0.59029375,0.30736875,0.0,0.1023375
imagenet_mnv2_050_exact_k3,imagenet,margin_drop,3.0,0.59029375,0.30913125,0.0,0.100575
imagenet_mnv2_050_exact_k3,imagenet,margin_drop,3.05,0.59029375,0.3107625,0.0,0.09894375
imagenet_mnv2_050_exact_k3,imagenet,margin_drop,3.1,0.59029375,0.31226875,0.0,0.0974375
imagenet_mnv2_050_exact_k3,imagenet,margin_drop,3.15,0.59029375,0.31385,0.0,0.09585625
imagenet_mnv2_050_exact_k3,imagenet,margin_drop,3.2,0.59029375,0.3154125,0.0,0.09429375
imagenet_mnv2_050_exact_k3,imagenet,margin_drop,3.25,0.59029375,0.316625,0.0,0.09308125
imagenet_mnv2_050_exact_k3,imagenet,margin_drop,3.3,0.59029375,0.31829375,0.0,0.0914125
imagenet_mnv2_050_exact_k3,imagenet,margin_drop,3.35,0.59029375,0.31968125,0.0,0.090025
imagenet_mnv2_050_exact_k3,imagenet,margin_drop,3.4,0.59029375,0.32104375,0.0,0.0886625
imagenet_mnv2_050_exact_k3,imagenet,margin_drop,3.45,0.59029375,0.3223875,0.0,0.08731875
imagenet_mnv2_050_exact_k3,imagenet,margin_drop,3.5,0.59029375,0.32374375,0.0,0.0859625
imagenet_mnv2_050_exact_k3,imagenet,margin_drop,3.55,0.59029375,0.3252375,0.0,0.08446875
imagenet_mnv2_050_exact_k3,imagenet,margin_drop,3.6,0.59029375,0.32639375,0.0,0.0833125
imagenet_mnv2_050_exact_k3,imagenet,margin_drop,3.65,0.59029375,0.3276125,0.0,0.08209375
imagenet_mnv2_050_exact_k3,imagenet,margin_drop,3.7,0.59029375,0.3288,0.0,0.08090625
imagenet_mnv2_050_exact_k3,imagenet,margin_drop,3.75,0.59029375,0.32985625,0.0,0.07985
imagenet_mnv2_050_exact_k3,imagenet,margin_drop,3.8,0.59029375,0.33103125,0.0,0.078675
imagenet_mnv2_050_exact_k3,imagenet,margin_drop,3.85,0.59029375,0.332325,0.0,0.07738125
imagenet_mnv2_050_exact_k3,imagenet,margin_drop,3.9,0.59029375,0.33345625,0.0,0.07625
imagenet_mnv2_050_exact_k3,imagenet,margin_drop,3.95,0.59029375,0.3346125,0.0,0.07509375
imagenet_mnv2_050_exact_k3,imagenet,margin_drop,4.0,0.59029375,0.33573125,0.0,0.073975
imagenet_mnv2_050_exact_k3,imagenet,margin_drop,4.05,0.59029375,0.33679375,0.0,0.0729125
imagenet_mnv2_050_exact_k3,imagenet,margin_drop,4.1,0.59029375,0.33785,0.0,0.07185625
imagenet_mnv2_050_exact_k3,imagenet,margin_drop,4.15,0.59029375,0.33889375,0.0,0.0708125
imagenet_mnv2_050_exact_k3,imagenet,margin_drop,4.2,0.59029375,0.33995,0.0,0.06975625
imagenet_mnv2_050_exact_k3,imagenet,margin_drop,4.25,0.59029375,0.34086875,0.0,0.0688375
imagenet_mnv2_050_exact_k3,imagenet,margin_drop,4.3,0.59029375,0.34184375,0.0,0.0678625
imagenet_mnv2_050_exact_k3,imagenet,margin_drop,4.35,0.59029375,0.34284375,0.0,0.0668625
imagenet_mnv2_050_exact_k3,imagenet,margin_drop,4.4,0.59029375,0.343775,0.0,0.06593125
imagenet_mnv2_050_exact_k3,imagenet,margin_drop,4.45,0.59029375,0.344625,0.0,0.06508125
imagenet_mnv2_050_exact_k3,imagenet,margin_drop,4.5,0.59029375,0.34544375,0.0,0.0642625
imagenet_mnv2_050_exact_k3,imagenet,margin_drop,4.55,0.59029375,0.346325,0.0,0.06338125
imagenet_mnv2_050_exact_k3,imagenet,margin_drop,4.6,0.59029375,0.3470625,0.0,0.06264375
imagenet_mnv2_050_exact_k3,imagenet,margin_drop,4.65,0.59029375,0.34785625,0.0,0.06185
imagenet_mnv2_050_exact_k3,imagenet,margin_drop,4.7,0.59029375,0.3487,0.0,0.06100625
imagenet_mnv2_050_exact_k3,imagenet,margin_drop,4.75,0.59029375,0.34953125,0.0,0.060175
imagenet_mnv2_050_exact_k3,imagenet,margin_drop,4.8,0.59029375,0.35024375,0.0,0.0594625
imagenet_mnv2_050_exact_k3,imagenet,margin_drop,4.85,0.59029375,0.3511125,0.0,0.05859375
imagenet_mnv2_050_exact_k3,imagenet,margin_drop,4.9,0.59029375,0.351875,0.0,0.05783125
imagenet_mnv2_050_exact_k3,imagenet,margin_drop,4.95,0.59029375,0.35258125,0.0,0.057125
imagenet_mnv2_050_exact_k3,imagenet,margin_drop,5.0,0.59029375,0.35331875,0.0,0.0563875
imagenet_mnv2_050_exact_k3,imagenet,margin_drop,5.05,0.59029375,0.354025,0.0,0.05568125
imagenet_mnv2_050_exact_k3,imagenet,margin_drop,5.1,0.59029375,0.3546375,0.0,0.05506875
imagenet_mnv2_050_exact_k3,imagenet,margin_drop,5.15,0.59029375,0.35539375,0.0,0.0543125
imagenet_mnv2_050_exact_k3,imagenet,margin_drop,5.2,0.59029375,0.35603125,0.0,0.053675
imagenet_mnv2_050_exact_k3,imagenet,margin_drop,5.25,0.59029375,0.35678125,0.0,0.052925
imagenet_mnv2_050_exact_k3,imagenet,margin_drop,5.3,0.59029375,0.357325,0.0,0.05238125
imagenet_mnv2_050_exact_k3,imagenet,margin_drop,5.35,0.59029375,0.357925,0.0,0.05178125
imagenet_mnv2_050_exact_k3,imagenet,margin_drop,5.4,0.59029375,0.35848125,0.0,0.051225
imagenet_mnv2_050_exact_k3,imagenet,margin_drop,5.45,0.59029375,0.35905625,0.0,0.05065
imagenet_mnv2_050_exact_k3,imagenet,margin_drop,5.5,0.59029375,0.35968125,0.0,0.050025
imagenet_mnv2_050_exact_k3,imagenet,margin_drop,5.55,0.59029375,0.360225,0.0,0.04948125
imagenet_mnv2_050_exact_k3,imagenet,margin_drop,5.6,0.59029375,0.36078125,0.0,0.048925
imagenet_mnv2_050_exact_k3,imagenet,margin_drop,5.65,0.59029375,0.36130625,0.0,0.0484
imagenet_mnv2_050_exact_k3,imagenet,margin_drop,5.7,0.59029375,0.36195,0.0,0.04775625
imagenet_mnv2_050_exact_k3,imagenet,margin_drop,5.75,0.59029375,0.362525,0.0,0.04718125
imagenet_mnv2_050_exact_k3,imagenet,margin_drop,5.8,0.59029375,0.36301875,0.0,0.0466875
imagenet_mnv2_050_exact_k3,imagenet,margin_drop,5.85,0.59029375,0.3635,0.0,0.04620625
imagenet_mnv2_050_exact_k3,imagenet,margin_drop,5.9,0.59029375,0.364025,0.0,0.04568125
imagenet_mnv2_050_exact_k3,imagenet,margin_drop,5.95,0.59029375,0.36441875,0.0,0.0452875
imagenet_mnv2_050_exact_k3,imagenet,margin_drop,6.0,0.59029375,0.36495625,0.0,0.04475
imagenet_mnv2_050_crop_free_k3,imagenet,margin_drop,0.0,0.616075,0.1016,0.0,0.282325
imagenet_mnv2_050_crop_free_k3,imagenet,margin_drop,0.05,0.616075,0.10510625,0.0,0.27881875
imagenet_mnv2_050_crop_free_k3,imagenet,margin_drop,0.1,0.616075,0.1090375,0.0,0.2748875
imagenet_mnv2_050_crop_free_k3,imagenet,margin_drop,0.15,0.616075,0.113,0.0,0.270925
imagenet_mnv2_050_crop_free_k3,imagenet,margin_drop,0.2,0.616075,0.11701875,0.0,0.26690625
imagenet_mnv2_050_crop_free_k3,imagenet,margin_drop,0.25,0.616075,0.12083125,0.0,0.26309375
imagenet_mnv2_050_crop_free_k3,imagenet,margin_drop,0.3,0.616075,0.1247125,0.0,0.2592125
imagenet_mnv2_050_crop_free_k3,imagenet,margin_drop,0.35,0.616075,0.128475,0.0,0.25545
imagenet_mnv2_050_crop_free_k3,imagenet,margin_drop,0.4,0.616075,0.1323,0.0,0.251625
imagenet_mnv2_050_crop_free_k3,imagenet,margin_drop,0.45,0.616075,0.13626875,0.0,0.24765625
imagenet_mnv2_050_crop_free_k3,imagenet,margin_drop,0.5,0.616075,0.14011875,0.0,0.24380625
imagenet_mnv2_050_crop_free_k3,imagenet,margin_drop,0.55,0.616075,0.14389375,0.0,0.24003125
imagenet_mnv2_050_crop_free_k3,imagenet,margin_drop,0.6,0.616075,0.147675,0.0,0.23625
imagenet_mnv2_050_crop_free_k3,imagenet,margin_drop,0.65,0.616075,0.151475,0.0,0.23245
imagenet_mnv2_050_crop_free_k3,imagenet,margin_drop,0.7,0.616075,0.15538125,0.0,0.22854375
imagenet_mnv2_050_crop_free_k3,imagenet,margin_drop,0.75,0.616075,0.1591625,0.0,0.2247625
imagenet_mnv2_050_crop_free_k3,imagenet,margin_drop,0.8,0.616075,0.16294375,0.0,0.22098125
imagenet_mnv2_050_crop_free_k3,imagenet,margin_drop,0.85,0.616075,0.16655625,0.0,0.21736875
imagenet_mnv2_050_crop_free_k3,imagenet,margin_drop,0.9,0.616075,0.16989375,0.0,0.21403125
imagenet_mnv2_050_crop_free_k3,imagenet,margin_drop,0.95,0.616075,0.17359375,0.0,0.21033125
imagenet_mnv2_050_crop_free_k3,imagenet,margin_drop,1.0,0.616075,0.17708125,0.0,0.20684375
imagenet_mnv2_050_crop_free_k3,imagenet,margin_drop,1.05,0.616075,0.18065625,0.0,0.20326875
imagenet_mnv2_050_crop_free_k3,imagenet,margin_drop,1.1,0.616075,0.18415,0.0,0.199775
imagenet_mnv2_050_crop_free_k3,imagenet,margin_drop,1.15,0.616075,0.1877125,0.0,0.1962125
imagenet_mnv2_050_crop_free_k3,imagenet,margin_drop,1.2,0.616075,0.19110625,0.0,0.19281875
imagenet_mnv2_050_crop_free_k3,imagenet,margin_drop,1.25,0.616075,0.19440625,0.0,0.18951875
imagenet_mnv2_050_crop_free_k3,imagenet,margin_drop,1.3,0.616075,0.1979125,0.0,0.1860125
imagenet_mnv2_050_crop_free_k3,imagenet,margin_drop,1.35,0.616075,0.2012,0.0,0.182725
imagenet_mnv2_050_crop_free_k3,imagenet,margin_drop,1.4,0.616075,0.20445625,0.0,0.17946875
imagenet_mnv2_050_crop_free_k3,imagenet,margin_drop,1.45,0.616075,0.20743125,0.0,0.17649375
imagenet_mnv2_050_crop_free_k3,imagenet,margin_drop,1.5,0.616075,0.2104875,0.0,0.1734375
imagenet_mnv2_050_crop_free_k3,imagenet,margin_drop,1.55,0.616075,0.21371875,0.0,0.17020625
imagenet_mnv2_050_crop_free_k3,imagenet,margin_drop,1.6,0.616075,0.21655,0.0,0.167375
imagenet_mnv2_050_crop_free_k3,imagenet,margin_drop,1.65,0.616075,0.219575,0.0,0.16435
imagenet_mnv2_050_crop_free_k3,imagenet,margin_drop,1.7,0.616075,0.2226125,0.0,0.1613125
imagenet_mnv2_050_crop_free_k3,imagenet,margin_drop,1.75,0.616075,0.225275,0.0,0.15865
imagenet_mnv2_050_crop_free_k3,imagenet,margin_drop,1.8,0.616075,0.22789375,0.0,0.15603125
imagenet_mnv2_050_crop_free_k3,imagenet,margin_drop,1.85,0.616075,0.23065,0.0,0.153275
imagenet_mnv2_050_crop_free_k3,imagenet,margin_drop,1.9,0.616075,0.233375,0.0,0.15055
imagenet_mnv2_050_crop_free_k3,imagenet,margin_drop,1.95,0.616075,0.23603125,0.0,0.14789375
imagenet_mnv2_050_crop_free_k3,imagenet,margin_drop,2.0,0.616075,0.23851875,0.0,0.14540625
imagenet_mnv2_050_crop_free_k3,imagenet,margin_drop,2.05,0.616075,0.24101875,0.0,0.14290625
imagenet_mnv2_050_crop_free_k3,imagenet,margin_drop,2.1,0.616075,0.2435375,0.0,0.1403875
imagenet_mnv2_050_crop_free_k3,imagenet,margin_drop,2.15,0.616075,0.24590625,0.0,0.13801875
imagenet_mnv2_050_crop_free_k3,imagenet,margin_drop,2.2,0.616075,0.2482,0.0,0.135725
imagenet_mnv2_050_crop_free_k3,imagenet,margin_drop,2.25,0.616075,0.25035,0.0,0.133575
imagenet_mnv2_050_crop_free_k3,imagenet,margin_drop,2.3,0.616075,0.2527125,0.0,0.1312125
imagenet_mnv2_050_crop_free_k3,imagenet,margin_drop,2.35,0.616075,0.25488125,0.0,0.12904375
imagenet_mnv2_050_crop_free_k3,imagenet,margin_drop,2.4,0.616075,0.2567875,0.0,0.1271375
imagenet_mnv2_050_crop_free_k3,imagenet,margin_drop,2.45,0.616075,0.2591375,0.0,0.1247875
imagenet_mnv2_050_crop_free_k3,imagenet,margin_drop,2.5,0.616075,0.2611,0.0,0.122825
imagenet_mnv2_050_crop_free_k3,imagenet,margin_drop,2.55,0.616075,0.26308125,0.0,0.12084375
imagenet_mnv2_050_crop_free_k3,imagenet,margin_drop,2.6,0.616075,0.265125,0.0,0.1188
imagenet_mnv2_050_crop_free_k3,imagenet,margin_drop,2.65,0.616075,0.267225,0.0,0.1167
imagenet_mnv2_050_crop_free_k3,imagenet,margin_drop,2.7,0.616075,0.26876875,0.0,0.11515625
imagenet_mnv2_050_crop_free_k3,imagenet,margin_drop,2.75,0.616075,0.2707875,0.0,0.1131375
imagenet_mnv2_050_crop_free_k3,imagenet,margin_drop,2.8,0.616075,0.272575,0.0,0.11135
imagenet_mnv2_050_crop_free_k3,imagenet,margin_drop,2.85,0.616075,0.2745,0.0,0.109425
imagenet_mnv2_050_crop_free_k3,imagenet,margin_drop,2.9,0.616075,0.276225,0.0,0.1077
imagenet_mnv2_050_crop_free_k3,imagenet,margin_drop,2.95,0.616075,0.27795625,0.0,0.10596875
imagenet_mnv2_050_crop_free_k3,imagenet,margin_drop,3.0,0.616075,0.27966875,0.0,0.10425625
imagenet_mnv2_050_crop_free_k3,imagenet,margin_drop,3.05,0.616075,0.28125625,0.0,0.10266875
imagenet_mnv2_050_crop_free_k3,imagenet,margin_drop,3.1,0.616075,0.28278125,0.0,0.10114375
imagenet_mnv2_050_crop_free_k3,imagenet,margin_drop,3.15,0.616075,0.28425625,0.0,0.09966875
imagenet_mnv2_050_crop_free_k3,imagenet,margin_drop,3.2,0.616075,0.2860625,0.0,0.0978625
imagenet_mnv2_050_crop_free_k3,imagenet,margin_drop,3.25,0.616075,0.28758125,0.0,0.09634375
imagenet_mnv2_050_crop_free_k3,imagenet,margin_drop,3.3,0.616075,0.2891,0.0,0.094825
imagenet_mnv2_050_crop_free_k3,imagenet,margin_drop,3.35,0.616075,0.29048125,0.0,0.09344375
imagenet_mnv2_050_crop_free_k3,imagenet,margin_drop,3.4,0.616075,0.29205625,0.0,0.09186875
imagenet_mnv2_050_crop_free_k3,imagenet,margin_drop,3.45,0.616075,0.2934,0.0,0.090525
imagenet_mnv2_050_crop_free_k3,imagenet,margin_drop,3.5,0.616075,0.294975,0.0,0.08895
imagenet_mnv2_050_crop_free_k3,imagenet,margin_drop,3.55,0.616075,0.29641875,0.0,0.08750625
imagenet_mnv2_050_crop_free_k3,imagenet,margin_drop,3.6,0.616075,0.2976375,0.0,0.0862875
imagenet_mnv2_050_crop_free_k3,imagenet,margin_drop,3.65,0.616075,0.29883125,0.0,0.08509375
imagenet_mnv2_050_crop_free_k3,imagenet,margin_drop,3.7,0.616075,0.3002125,0.0,0.0837125
imagenet_mnv2_050_crop_free_k3,imagenet,margin_drop,3.75,0.616075,0.3016125,0.0,0.0823125
imagenet_mnv2_050_crop_free_k3,imagenet,margin_drop,3.8,0.616075,0.3027375,0.0,0.0811875
imagenet_mnv2_050_crop_free_k3,imagenet,margin_drop,3.85,0.616075,0.30385,0.0,0.080075
imagenet_mnv2_050_crop_free_k3,imagenet,margin_drop,3.9,0.616075,0.3049375,0.0,0.0789875
imagenet_mnv2_050_crop_free_k3,imagenet,margin_drop,3.95,0.616075,0.3060625,0.0,0.0778625
imagenet_mnv2_050_crop_free_k3,imagenet,margin_drop,4.0,0.616075,0.3072,0.0,0.076725
imagenet_mnv2_050_crop_free_k3,imagenet,margin_drop,4.05,0.616075,0.30833125,0.0,0.07559375
imagenet_mnv2_050_crop_free_k3,imagenet,margin_drop,4.1,0.616075,0.30936875,0.0,0.07455625
imagenet_mnv2_050_crop_free_k3,imagenet,margin_drop,4.15,0.616075,0.31046875,0.0,0.07345625
imagenet_mnv2_050_crop_free_k3,imagenet,margin_drop,4.2,0.616075,0.31140625,0.0,0.07251875
imagenet_mnv2_050_crop_free_k3,imagenet,margin_drop,4.25,0.616075,0.31235625,0.0,0.07156875
imagenet_mnv2_050_crop_free_k3,imagenet,margin_drop,4.3,0.616075,0.3135375,0.0,0.0703875
imagenet_mnv2_050_crop_free_k3,imagenet,margin_drop,4.35,0.616075,0.31459375,0.0,0.06933125
imagenet_mnv2_050_crop_free_k3,imagenet,margin_drop,4.4,0.616075,0.3155875,0.0,0.0683375
imagenet_mnv2_050_crop_free_k3,imagenet,margin_drop,4.45,0.616075,0.31658125,0.0,0.06734375
imagenet_mnv2_050_crop_free_k3,imagenet,margin_drop,4.5,0.616075,0.31749375,0.0,0.06643125
imagenet_mnv2_050_crop_free_k3,imagenet,margin_drop,4.55,0.616075,0.3183625,0.0,0.0655625
imagenet_mnv2_050_crop_free_k3,imagenet,margin_drop,4.6,0.616075,0.3193375,0.0,0.0645875
imagenet_mnv2_050_crop_free_k3,imagenet,margin_drop,4.65,0.616075,0.32011875,0.0,0.06380625
imagenet_mnv2_050_crop_free_k3,imagenet,margin_drop,4.7,0.616075,0.321075,0.0,0.06285
imagenet_mnv2_050_crop_free_k3,imagenet,margin_drop,4.75,0.616075,0.32199375,0.0,0.06193125
imagenet_mnv2_050_crop_free_k3,imagenet,margin_drop,4.8,0.616075,0.32281875,0.0,0.06110625
imagenet_mnv2_050_crop_free_k3,imagenet,margin_drop,4.85,0.616075,0.32363125,0.0,0.06029375
imagenet_mnv2_050_crop_free_k3,imagenet,margin_drop,4.9,0.616075,0.3243375,0.0,0.0595875
imagenet_mnv2_050_crop_free_k3,imagenet,margin_drop,4.95,0.616075,0.325075,0.0,0.05885
imagenet_mnv2_050_crop_free_k3,imagenet,margin_drop,5.0,0.616075,0.32586875,0.0,0.05805625
imagenet_mnv2_050_crop_free_k3,imagenet,margin_drop,5.05,0.616075,0.3266875,0.0,0.0572375
imagenet_mnv2_050_crop_free_k3,imagenet,margin_drop,5.1,0.616075,0.32735625,0.0,0.05656875
imagenet_mnv2_050_crop_free_k3,imagenet,margin_drop,5.15,0.616075,0.3281125,0.0,0.0558125
imagenet_mnv2_050_crop_free_k3,imagenet,margin_drop,5.2,0.616075,0.3288375,0.0,0.0550875
imagenet_mnv2_050_crop_free_k3,imagenet,margin_drop,5.25,0.616075,0.32970625,0.0,0.05421875
imagenet_mnv2_050_crop_free_k3,imagenet,margin_drop,5.3,0.616075,0.33045,0.0,0.053475
imagenet_mnv2_050_crop_free_k3,imagenet,margin_drop,5.35,0.616075,0.33115625,0.0,0.05276875
imagenet_mnv2_050_crop_free_k3,imagenet,margin_drop,5.4,0.616075,0.33178125,0.0,0.05214375
imagenet_mnv2_050_crop_free_k3,imagenet,margin_drop,5.45,0.616075,0.33243125,0.0,0.05149375
imagenet_mnv2_050_crop_free_k3,imagenet,margin_drop,5.5,0.616075,0.3329875,0.0,0.0509375
imagenet_mnv2_050_crop_free_k3,imagenet,margin_drop,5.55,0.616075,0.33361875,0.0,0.05030625
imagenet_mnv2_050_crop_free_k3,imagenet,margin_drop,5.6,0.616075,0.33429375,0.0,0.04963125
imagenet_mnv2_050_crop_free_k3,imagenet,margin_drop,5.65,0.616075,0.334875,0.0,0.04905
imagenet_mnv2_050_crop_free_k3,imagenet,margin_drop,5.7,0.616075,0.33539375,0.0,0.04853125
imagenet_mnv2_050_crop_free_k3,imagenet,margin_drop,5.75,0.616075,0.3360125,0.0,0.0479125
imagenet_mnv2_050_crop_free_k3,imagenet,margin_drop,5.8,0.616075,0.33669375,0.0,0.04723125
imagenet_mnv2_050_crop_free_k3,imagenet,margin_drop,5.85,0.616075,0.33720625,0.0,0.04671875
imagenet_mnv2_050_crop_free_k3,imagenet,margin_drop,5.9,0.616075,0.33774375,0.0,0.04618125
imagenet_mnv2_050_crop_free_k3,imagenet,margin_drop,5.95,0.616075,0.33831875,0.0,0.04560625
imagenet_mnv2_050_crop_free_k3,imagenet,margin_drop,6.0,0.616075,0.33883125,0.0,0.04509375
imagenet_mnv2_100_exact_k3,imagenet,margin_drop,0.0,0.592025,0.10624375,0.0,0.30173125
imagenet_mnv2_100_exact_k3,imagenet,margin_drop,0.05,0.592025,0.11094375,0.0,0.29703125
imagenet_mnv2_100_exact_k3,imagenet,margin_drop,0.1,0.592025,0.1156125,0.0,0.2923625
imagenet_mnv2_100_exact_k3,imagenet,margin_drop,0.15,0.592025,0.1201875,0.0,0.2877875
imagenet_mnv2_100_exact_k3,imagenet,margin_drop,0.2,0.592025,0.1244125,0.0,0.2835625
imagenet_mnv2_100_exact_k3,imagenet,margin_drop,0.25,0.592025,0.12863125,0.0,0.27934375
imagenet_mnv2_100_exact_k3,imagenet,margin_drop,0.3,0.592025,0.13325,0.0,0.274725
imagenet_mnv2_100_exact_k3,imagenet,margin_drop,0.35,0.592025,0.1378625,0.0,0.2701125
imagenet_mnv2_100_exact_k3,imagenet,margin_drop,0.4,0.592025,0.14278125,0.0,0.26519375
imagenet_mnv2_100_exact_k3,imagenet,margin_drop,0.45,0.592025,0.14710625,0.0,0.26086875
imagenet_mnv2_100_exact_k3,imagenet,margin_drop,0.5,0.592025,0.15194375,0.0,0.25603125
imagenet_mnv2_100_exact_k3,imagenet,margin_drop,0.55,0.592025,0.15661875,0.0,0.25135625
imagenet_mnv2_100_exact_k3,imagenet,margin_drop,0.6,0.592025,0.161575,0.0,0.2464
imagenet_mnv2_100_exact_k3,imagenet,margin_drop,0.65,0.592025,0.1665,0.0,0.241475
imagenet_mnv2_100_exact_k3,imagenet,margin_drop,0.7,0.592025,0.17149375,0.0,0.23648125
imagenet_mnv2_100_exact_k3,imagenet,margin_drop,0.75,0.592025,0.17629375,0.0,0.23168125
imagenet_mnv2_100_exact_k3,imagenet,margin_drop,0.8,0.592025,0.18081875,0.0,0.22715625
imagenet_mnv2_100_exact_k3,imagenet,margin_drop,0.85,0.592025,0.1853625,0.0,0.2226125
imagenet_mnv2_100_exact_k3,imagenet,margin_drop,0.9,0.592025,0.189825,0.0,0.21815
imagenet_mnv2_100_exact_k3,imagenet,margin_drop,0.95,0.592025,0.19404375,0.0,0.21393125
imagenet_mnv2_100_exact_k3,imagenet,margin_drop,1.0,0.592025,0.1984125,0.0,0.2095625
imagenet_mnv2_100_exact_k3,imagenet,margin_drop,1.05,0.592025,0.202825,0.0,0.20515
imagenet_mnv2_100_exact_k3,imagenet,margin_drop,1.1,0.592025,0.20721875,0.0,0.20075625
imagenet_mnv2_100_exact_k3,imagenet,margin_drop,1.15,0.592025,0.21165,0.0,0.196325
imagenet_mnv2_100_exact_k3,imagenet,margin_drop,1.2,0.592025,0.21576875,0.0,0.19220625
imagenet_mnv2_100_exact_k3,imagenet,margin_drop,1.25,0.592025,0.2199,0.0,0.188075
imagenet_mnv2_100_exact_k3,imagenet,margin_drop,1.3,0.592025,0.2239625,0.0,0.1840125
imagenet_mnv2_100_exact_k3,imagenet,margin_drop,1.35,0.592025,0.2278625,0.0,0.1801125
imagenet_mnv2_100_exact_k3,imagenet,margin_drop,1.4,0.592025,0.231675,0.0,0.1763
imagenet_mnv2_100_exact_k3,imagenet,margin_drop,1.45,0.592025,0.2353125,0.0,0.1726625
imagenet_mnv2_100_exact_k3,imagenet,margin_drop,1.5,0.592025,0.23890625,0.0,0.16906875
imagenet_mnv2_100_exact_k3,imagenet,margin_drop,1.55,0.592025,0.24205625,0.0,0.16591875
imagenet_mnv2_100_exact_k3,imagenet,margin_drop,1.6,0.592025,0.2451125,0.0,0.1628625
imagenet_mnv2_100_exact_k3,imagenet,margin_drop,1.65,0.592025,0.24833125,0.0,0.15964375
imagenet_mnv2_100_exact_k3,imagenet,margin_drop,1.7,0.592025,0.25159375,0.0,0.15638125
imagenet_mnv2_100_exact_k3,imagenet,margin_drop,1.75,0.592025,0.25450625,0.0,0.15346875
imagenet_mnv2_100_exact_k3,imagenet,margin_drop,1.8,0.592025,0.257575,0.0,0.1504
imagenet_mnv2_100_exact_k3,imagenet,margin_drop,1.85,0.592025,0.26036875,0.0,0.14760625
imagenet_mnv2_100_exact_k3,imagenet,margin_drop,1.9,0.592025,0.26320625,0.0,0.14476875
imagenet_mnv2_100_exact_k3,imagenet,margin_drop,1.95,0.592025,0.26609375,0.0,0.14188125
imagenet_mnv2_100_exact_k3,imagenet,margin_drop,2.0,0.592025,0.26868125,0.0,0.13929375
imagenet_mnv2_100_exact_k3,imagenet,margin_drop,2.05,0.592025,0.2711375,0.0,0.1368375
imagenet_mnv2_100_exact_k3,imagenet,margin_drop,2.1,0.592025,0.27350625,0.0,0.13446875
imagenet_mnv2_100_exact_k3,imagenet,margin_drop,2.15,0.592025,0.27578125,0.0,0.13219375
imagenet_mnv2_100_exact_k3,imagenet,margin_drop,2.2,0.592025,0.278425,0.0,0.12955
imagenet_mnv2_100_exact_k3,imagenet,margin_drop,2.25,0.592025,0.28060625,0.0,0.12736875
imagenet_mnv2_100_exact_k3,imagenet,margin_drop,2.3,0.592025,0.28305,0.0,0.124925
imagenet_mnv2_100_exact_k3,imagenet,margin_drop,2.35,0.592025,0.2853375,0.0,0.1226375
imagenet_mnv2_100_exact_k3,imagenet,margin_drop,2.4,0.592025,0.28755,0.0,0.120425
imagenet_mnv2_100_exact_k3,imagenet,margin_drop,2.45,0.592025,0.28968125,0.0,0.11829375
imagenet_mnv2_100_exact_k3,imagenet,margin_drop,2.5,0.592025,0.29165625,0.0,0.11631875
imagenet_mnv2_100_exact_k3,imagenet,margin_drop,2.55,0.592025,0.2936125,0.0,0.1143625
imagenet_mnv2_100_exact_k3,imagenet,margin_drop,2.6,0.592025,0.29570625,0.0,0.11226875
imagenet_mnv2_100_exact_k3,imagenet,margin_drop,2.65,0.592025,0.29758125,0.0,0.11039375
imagenet_mnv2_100_exact_k3,imagenet,margin_drop,2.7,0.592025,0.29946875,0.0,0.10850625
imagenet_mnv2_100_exact_k3,imagenet,margin_drop,2.75,0.592025,0.30135,0.0,0.106625
imagenet_mnv2_100_exact_k3,imagenet,margin_drop,2.8,0.592025,0.30305,0.0,0.104925
imagenet_mnv2_100_exact_k3,imagenet,margin_drop,2.85,0.592025,0.30485,0.0,0.103125
imagenet_mnv2_100_exact_k3,imagenet,margin_drop,2.9,0.592025,0.30638125,0.0,0.10159375
imagenet_mnv2_100_exact_k3,imagenet,margin_drop,2.95,0.592025,0.30801875,0.0,0.09995625
imagenet_mnv2_100_exact_k3,imagenet,margin_drop,3.0,0.592025,0.3096,0.0,0.098375
imagenet_mnv2_100_exact_k3,imagenet,margin_drop,3.05,0.592025,0.31099375,0.0,0.09698125
imagenet_mnv2_100_exact_k3,imagenet,margin_drop,3.1,0.592025,0.31255625,0.0,0.09541875
imagenet_mnv2_100_exact_k3,imagenet,margin_drop,3.15,0.592025,0.31413125,0.0,0.09384375
imagenet_mnv2_100_exact_k3,imagenet,margin_drop,3.2,0.592025,0.3154875,0.0,0.0924875
imagenet_mnv2_100_exact_k3,imagenet,margin_drop,3.25,0.592025,0.31688125,0.0,0.09109375
imagenet_mnv2_100_exact_k3,imagenet,margin_drop,3.3,0.592025,0.3182375,0.0,0.0897375
imagenet_mnv2_100_exact_k3,imagenet,margin_drop,3.35,0.592025,0.31955,0.0,0.088425
imagenet_mnv2_100_exact_k3,imagenet,margin_drop,3.4,0.592025,0.32105,0.0,0.086925
imagenet_mnv2_100_exact_k3,imagenet,margin_drop,3.45,0.592025,0.322325,0.0,0.08565
imagenet_mnv2_100_exact_k3,imagenet,margin_drop,3.5,0.592025,0.3236,0.0,0.084375
imagenet_mnv2_100_exact_k3,imagenet,margin_drop,3.55,0.592025,0.324775,0.0,0.0832
imagenet_mnv2_100_exact_k3,imagenet,margin_drop,3.6,0.592025,0.32594375,0.0,0.08203125
imagenet_mnv2_100_exact_k3,imagenet,margin_drop,3.65,0.592025,0.3271375,0.0,0.0808375
imagenet_mnv2_100_exact_k3,imagenet,margin_drop,3.7,0.592025,0.3283625,0.0,0.0796125
imagenet_mnv2_100_exact_k3,imagenet,margin_drop,3.75,0.592025,0.3296125,0.0,0.0783625
imagenet_mnv2_100_exact_k3,imagenet,margin_drop,3.8,0.592025,0.3306,0.0,0.077375
imagenet_mnv2_100_exact_k3,imagenet,margin_drop,3.85,0.592025,0.3317125,0.0,0.0762625
imagenet_mnv2_100_exact_k3,imagenet,margin_drop,3.9,0.592025,0.332725,0.0,0.07525
imagenet_mnv2_100_exact_k3,imagenet,margin_drop,3.95,0.592025,0.33378125,0.0,0.07419375
imagenet_mnv2_100_exact_k3,imagenet,margin_drop,4.0,0.592025,0.33490625,0.0,0.07306875
imagenet_mnv2_100_exact_k3,imagenet,margin_drop,4.05,0.592025,0.336,0.0,0.071975
imagenet_mnv2_100_exact_k3,imagenet,margin_drop,4.1,0.592025,0.3372375,0.0,0.0707375
imagenet_mnv2_100_exact_k3,imagenet,margin_drop,4.15,0.592025,0.3383125,0.0,0.0696625
imagenet_mnv2_100_exact_k3,imagenet,margin_drop,4.2,0.592025,0.33929375,0.0,0.06868125
imagenet_mnv2_100_exact_k3,imagenet,margin_drop,4.25,0.592025,0.3402,0.0,0.067775
imagenet_mnv2_100_exact_k3,imagenet,margin_drop,4.3,0.592025,0.34108125,0.0,0.06689375
imagenet_mnv2_100_exact_k3,imagenet,margin_drop,4.35,0.592025,0.3419625,0.0,0.0660125
imagenet_mnv2_100_exact_k3,imagenet,margin_drop,4.4,0.592025,0.3428125,0.0,0.0651625
imagenet_mnv2_100_exact_k3,imagenet,margin_drop,4.45,0.592025,0.34366875,0.0,0.06430625
imagenet_mnv2_100_exact_k3,imagenet,margin_drop,4.5,0.592025,0.34451875,0.0,0.06345625
imagenet_mnv2_100_exact_k3,imagenet,margin_drop,4.55,0.592025,0.34541875,0.0,0.06255625
imagenet_mnv2_100_exact_k3,imagenet,margin_drop,4.6,0.592025,0.346175,0.0,0.0618
imagenet_mnv2_100_exact_k3,imagenet,margin_drop,4.65,0.592025,0.34706875,0.0,0.06090625
imagenet_mnv2_100_exact_k3,imagenet,margin_drop,4.7,0.592025,0.3479,0.0,0.060075
imagenet_mnv2_100_exact_k3,imagenet,margin_drop,4.75,0.592025,0.34855625,0.0,0.05941875
imagenet_mnv2_100_exact_k3,imagenet,margin_drop,4.8,0.592025,0.34925625,0.0,0.05871875
imagenet_mnv2_100_exact_k3,imagenet,margin_drop,4.85,0.592025,0.35001875,0.0,0.05795625
imagenet_mnv2_100_exact_k3,imagenet,margin_drop,4.9,0.592025,0.35085,0.0,0.057125
imagenet_mnv2_100_exact_k3,imagenet,margin_drop,4.95,0.592025,0.35154375,0.0,0.05643125
imagenet_mnv2_100_exact_k3,imagenet,margin_drop,5.0,0.592025,0.352375,0.0,0.0556
imagenet_mnv2_100_exact_k3,imagenet,margin_drop,5.05,0.592025,0.35319375,0.0,0.05478125
imagenet_mnv2_100_exact_k3,imagenet,margin_drop,5.1,0.592025,0.353825,0.0,0.05415
imagenet_mnv2_100_exact_k3,imagenet,margin_drop,5.15,0.592025,0.35445,0.0,0.053525
imagenet_mnv2_100_exact_k3,imagenet,margin_drop,5.2,0.592025,0.35503125,0.0,0.05294375
imagenet_mnv2_100_exact_k3,imagenet,margin_drop,5.25,0.592025,0.3556,0.0,0.052375
imagenet_mnv2_100_exact_k3,imagenet,margin_drop,5.3,0.592025,0.35620625,0.0,0.05176875
imagenet_mnv2_100_exact_k3,imagenet,margin_drop,5.35,0.592025,0.3567625,0.0,0.0512125
imagenet_mnv2_100_exact_k3,imagenet,margin_drop,5.4,0.592025,0.35745625,0.0,0.05051875
imagenet_mnv2_100_exact_k3,imagenet,margin_drop,5.45,0.592025,0.3580125,0.0,0.0499625
imagenet_mnv2_100_exact_k3,imagenet,margin_drop,5.5,0.592025,0.358625,0.0,0.04935
imagenet_mnv2_100_exact_k3,imagenet,margin_drop,5.55,0.592025,0.3591875,0.0,0.0487875
imagenet_mnv2_100_exact_k3,imagenet,margin_drop,5.6,0.592025,0.3597625,0.0,0.0482125
imagenet_mnv2_100_exact_k3,imagenet,margin_drop,5.65,0.592025,0.36030625,0.0,0.04766875
imagenet_mnv2_100_exact_k3,imagenet,margin_drop,5.7,0.592025,0.36091875,0.0,0.04705625
imagenet_mnv2_100_exact_k3,imagenet,margin_drop,5.75,0.592025,0.36139375,0.0,0.04658125
imagenet_mnv2_100_exact_k3,imagenet,margin_drop,5.8,0.592025,0.36201875,0.0,0.04595625
imagenet_mnv2_100_exact_k3,imagenet,margin_drop,5.85,0.592025,0.3624375,0.0,0.0455375
imagenet_mnv2_100_exact_k3,imagenet,margin_drop,5.9,0.592025,0.36289375,0.0,0.04508125
imagenet_mnv2_100_exact_k3,imagenet,margin_drop,5.95,0.592025,0.363375,0.0,0.0446
imagenet_mnv2_100_exact_k3,imagenet,margin_drop,6.0,0.592025,0.36380625,0.0,0.04416875
imagenet_mnv2_100_crop_free_k3,imagenet,margin_drop,0.0,0.61143125,0.10275625,0.0,0.2858125
imagenet_mnv2_100_crop_free_k3,imagenet,margin_drop,0.05,0.61143125,0.10660625,0.0,0.2819625
imagenet_mnv2_100_crop_free_k3,imagenet,margin_drop,0.1,0.61143125,0.11045,0.0,0.27811875
imagenet_mnv2_100_crop_free_k3,imagenet,margin_drop,0.15,0.61143125,0.11478125,0.0,0.2737875
imagenet_mnv2_100_crop_free_k3,imagenet,margin_drop,0.2,0.61143125,0.1187125,0.0,0.26985625
imagenet_mnv2_100_crop_free_k3,imagenet,margin_drop,0.25,0.61143125,0.1228375,0.0,0.26573125
imagenet_mnv2_100_crop_free_k3,imagenet,margin_drop,0.3,0.61143125,0.12673125,0.0,0.2618375
imagenet_mnv2_100_crop_free_k3,imagenet,margin_drop,0.35,0.61143125,0.13089375,0.0,0.257675
imagenet_mnv2_100_crop_free_k3,imagenet,margin_drop,0.4,0.61143125,0.134975,0.0,0.25359375
imagenet_mnv2_100_crop_free_k3,imagenet,margin_drop,0.45,0.61143125,0.138975,0.0,0.24959375
imagenet_mnv2_100_crop_free_k3,imagenet,margin_drop,0.5,0.61143125,0.14299375,0.0,0.245575
imagenet_mnv2_100_crop_free_k3,imagenet,margin_drop,0.55,0.61143125,0.147225,0.0,0.24134375
imagenet_mnv2_100_crop_free_k3,imagenet,margin_drop,0.6,0.61143125,0.15155,0.0,0.23701875
imagenet_mnv2_100_crop_free_k3,imagenet,margin_drop,0.65,0.61143125,0.15609375,0.0,0.232475
imagenet_mnv2_100_crop_free_k3,imagenet,margin_drop,0.7,0.61143125,0.1602125,0.0,0.22835625
imagenet_mnv2_100_crop_free_k3,imagenet,margin_drop,0.75,0.61143125,0.16410625,0.0,0.2244625
imagenet_mnv2_100_crop_free_k3,imagenet,margin_drop,0.8,0.61143125,0.1679375,0.0,0.22063125
imagenet_mnv2_100_crop_free_k3,imagenet,margin_drop,0.85,0.61143125,0.17213125,0.0,0.2164375
imagenet_mnv2_100_crop_free_k3,imagenet,margin_drop,0.9,0.61143125,0.1761,0.0,0.21246875
imagenet_mnv2_100_crop_free_k3,imagenet,margin_drop,0.95,0.61143125,0.18015,0.0,0.20841875
imagenet_mnv2_100_crop_free_k3,imagenet,margin_drop,1.0,0.61143125,0.183725,0.0,0.20484375
imagenet_mnv2_100_crop_free_k3,imagenet,margin_drop,1.05,0.61143125,0.18739375,0.0,0.201175
imagenet_mnv2_100_crop_free_k3,imagenet,margin_drop,1.1,0.61143125,0.19105,0.0,0.19751875
imagenet_mnv2_100_crop_free_k3,imagenet,margin_drop,1.15,0.61143125,0.1946875,0.0,0.19388125
imagenet_mnv2_100_crop_free_k3,imagenet,margin_drop,1.2,0.61143125,0.1983875,0.0,0.19018125
imagenet_mnv2_100_crop_free_k3,imagenet,margin_drop,1.25,0.61143125,0.201925,0.0,0.18664375
imagenet_mnv2_100_crop_free_k3,imagenet,margin_drop,1.3,0.61143125,0.20535625,0.0,0.1832125
imagenet_mnv2_100_crop_free_k3,imagenet,margin_drop,1.35,0.61143125,0.2090625,0.0,0.17950625
imagenet_mnv2_100_crop_free_k3,imagenet,margin_drop,1.4,0.61143125,0.2121,0.0,0.17646875
imagenet_mnv2_100_crop_free_k3,imagenet,margin_drop,1.45,0.61143125,0.21523125,0.0,0.1733375
imagenet_mnv2_100_crop_free_k3,imagenet,margin_drop,1.5,0.61143125,0.2182125,0.0,0.17035625
imagenet_mnv2_100_crop_free_k3,imagenet,margin_drop,1.55,0.61143125,0.22131875,0.0,0.16725
imagenet_mnv2_100_crop_free_k3,imagenet,margin_drop,1.6,0.61143125,0.2239625,0.0,0.16460625
imagenet_mnv2_100_crop_free_k3,imagenet,margin_drop,1.65,0.61143125,0.2266875,0.0,0.16188125
imagenet_mnv2_100_crop_free_k3,imagenet,margin_drop,1.7,0.61143125,0.229625,0.0,0.15894375
imagenet_mnv2_100_crop_free_k3,imagenet,margin_drop,1.75,0.61143125,0.232475,0.0,0.15609375
imagenet_mnv2_100_crop_free_k3,imagenet,margin_drop,1.8,0.61143125,0.23531875,0.0,0.15325
imagenet_mnv2_100_crop_free_k3,imagenet,margin_drop,1.85,0.61143125,0.238175,0.0,0.15039375
imagenet_mnv2_100_crop_free_k3,imagenet,margin_drop,1.9,0.61143125,0.24081875,0.0,0.14775
imagenet_mnv2_100_crop_free_k3,imagenet,margin_drop,1.95,0.61143125,0.24330625,0.0,0.1452625
imagenet_mnv2_100_crop_free_k3,imagenet,margin_drop,2.0,0.61143125,0.2456625,0.0,0.14290625
imagenet_mnv2_100_crop_free_k3,imagenet,margin_drop,2.05,0.61143125,0.2481625,0.0,0.14040625
imagenet_mnv2_100_crop_free_k3,imagenet,margin_drop,2.1,0.61143125,0.25054375,0.0,0.138025
imagenet_mnv2_100_crop_free_k3,imagenet,margin_drop,2.15,0.61143125,0.25306875,0.0,0.1355
imagenet_mnv2_100_crop_free_k3,imagenet,margin_drop,2.2,0.61143125,0.25536875,0.0,0.1332
imagenet_mnv2_100_crop_free_k3,imagenet,margin_drop,2.25,0.61143125,0.25760625,0.0,0.1309625
imagenet_mnv2_100_crop_free_k3,imagenet,margin_drop,2.3,0.61143125,0.2598125,0.0,0.12875625
imagenet_mnv2_100_crop_free_k3,imagenet,margin_drop,2.35,0.61143125,0.26195,0.0,0.12661875
imagenet_mnv2_100_crop_free_k3,imagenet,margin_drop,2.4,0.61143125,0.2640875,0.0,0.12448125
imagenet_mnv2_100_crop_free_k3,imagenet,margin_drop,2.45,0.61143125,0.2661625,0.0,0.12240625
imagenet_mnv2_100_crop_free_k3,imagenet,margin_drop,2.5,0.61143125,0.26829375,0.0,0.120275
imagenet_mnv2_100_crop_free_k3,imagenet,margin_drop,2.55,0.61143125,0.270325,0.0,0.11824375
imagenet_mnv2_100_crop_free_k3,imagenet,margin_drop,2.6,0.61143125,0.27204375,0.0,0.116525
imagenet_mnv2_100_crop_free_k3,imagenet,margin_drop,2.65,0.61143125,0.27386875,0.0,0.1147
imagenet_mnv2_100_crop_free_k3,imagenet,margin_drop,2.7,0.61143125,0.2758625,0.0,0.11270625
imagenet_mnv2_100_crop_free_k3,imagenet,margin_drop,2.75,0.61143125,0.277575,0.0,0.11099375
imagenet_mnv2_100_crop_free_k3,imagenet,margin_drop,2.8,0.61143125,0.2795125,0.0,0.10905625
imagenet_mnv2_100_crop_free_k3,imagenet,margin_drop,2.85,0.61143125,0.28129375,0.0,0.107275
imagenet_mnv2_100_crop_free_k3,imagenet,margin_drop,2.9,0.61143125,0.2830875,0.0,0.10548125
imagenet_mnv2_100_crop_free_k3,imagenet,margin_drop,2.95,0.61143125,0.284825,0.0,0.10374375
imagenet_mnv2_100_crop_free_k3,imagenet,margin_drop,3.0,0.61143125,0.28618125,0.0,0.1023875
imagenet_mnv2_100_crop_free_k3,imagenet,margin_drop,3.05,0.61143125,0.28785,0.0,0.10071875
imagenet_mnv2_100_crop_free_k3,imagenet,margin_drop,3.1,0.61143125,0.28944375,0.0,0.099125
imagenet_mnv2_100_crop_free_k3,imagenet,margin_drop,3.15,0.61143125,0.29100625,0.0,0.0975625
imagenet_mnv2_100_crop_free_k3,imagenet,margin_drop,3.2,0.61143125,0.2926125,0.0,0.09595625
imagenet_mnv2_100_crop_free_k3,imagenet,margin_drop,3.25,0.61143125,0.294125,0.0,0.09444375
imagenet_mnv2_100_crop_free_k3,imagenet,margin_drop,3.3,0.61143125,0.29548125,0.0,0.0930875
imagenet_mnv2_100_crop_free_k3,imagenet,margin_drop,3.35,0.61143125,0.2967625,0.0,0.09180625
imagenet_mnv2_100_crop_free_k3,imagenet,margin_drop,3.4,0.61143125,0.2981375,0.0,0.09043125
imagenet_mnv2_100_crop_free_k3,imagenet,margin_drop,3.45,0.61143125,0.29961875,0.0,0.08895
imagenet_mnv2_100_crop_free_k3,imagenet,margin_drop,3.5,0.61143125,0.3009,0.0,0.08766875
imagenet_mnv2_100_crop_free_k3,imagenet,margin_drop,3.55,0.61143125,0.30213125,0.0,0.0864375
imagenet_mnv2_100_crop_free_k3,imagenet,margin_drop,3.6,0.61143125,0.3034625,0.0,0.08510625
imagenet_mnv2_100_crop_free_k3,imagenet,margin_drop,3.65,0.61143125,0.304875,0.0,0.08369375
imagenet_mnv2_100_crop_free_k3,imagenet,margin_drop,3.7,0.61143125,0.30616875,0.0,0.0824
imagenet_mnv2_100_crop_free_k3,imagenet,margin_drop,3.75,0.61143125,0.3075,0.0,0.08106875
imagenet_mnv2_100_crop_free_k3,imagenet,margin_drop,3.8,0.61143125,0.30863125,0.0,0.0799375
imagenet_mnv2_100_crop_free_k3,imagenet,margin_drop,3.85,0.61143125,0.3096875,0.0,0.07888125
imagenet_mnv2_100_crop_free_k3,imagenet,margin_drop,3.9,0.61143125,0.31065625,0.0,0.0779125
imagenet_mnv2_100_crop_free_k3,imagenet,margin_drop,3.95,0.61143125,0.31179375,0.0,0.076775
imagenet_mnv2_100_crop_free_k3,imagenet,margin_drop,4.0,0.61143125,0.31273125,0.0,0.0758375
imagenet_mnv2_100_crop_free_k3,imagenet,margin_drop,4.05,0.61143125,0.3136375,0.0,0.07493125
imagenet_mnv2_100_crop_free_k3,imagenet,margin_drop,4.1,0.61143125,0.31465,0.0,0.07391875
imagenet_mnv2_100_crop_free_k3,imagenet,margin_drop,4.15,0.61143125,0.3157625,0.0,0.07280625
imagenet_mnv2_100_crop_free_k3,imagenet,margin_drop,4.2,0.61143125,0.31689375,0.0,0.071675
imagenet_mnv2_100_crop_free_k3,imagenet,margin_drop,4.25,0.61143125,0.317975,0.0,0.07059375
imagenet_mnv2_100_crop_free_k3,imagenet,margin_drop,4.3,0.61143125,0.31900625,0.0,0.0695625
imagenet_mnv2_100_crop_free_k3,imagenet,margin_drop,4.35,0.61143125,0.31986875,0.0,0.0687
imagenet_mnv2_100_crop_free_k3,imagenet,margin_drop,4.4,0.61143125,0.32078125,0.0,0.0677875
imagenet_mnv2_100_crop_free_k3,imagenet,margin_drop,4.45,0.61143125,0.3216625,0.0,0.06690625
imagenet_mnv2_100_crop_free_k3,imagenet,margin_drop,4.5,0.61143125,0.32254375,0.0,0.066025
imagenet_mnv2_100_crop_free_k3,imagenet,margin_drop,4.55,0.61143125,0.32345625,0.0,0.0651125
imagenet_mnv2_100_crop_free_k3,imagenet,margin_drop,4.6,0.61143125,0.32430625,0.0,0.0642625
imagenet_mnv2_100_crop_free_k3,imagenet,margin_drop,4.65,0.61143125,0.325125,0.0,0.06344375
imagenet_mnv2_100_crop_free_k3,imagenet,margin_drop,4.7,0.61143125,0.3260125,0.0,0.06255625
imagenet_mnv2_100_crop_free_k3,imagenet,margin_drop,4.75,0.61143125,0.3267625,0.0,0.06180625
imagenet_mnv2_100_crop_free_k3,imagenet,margin_drop,4.8,0.61143125,0.32753125,0.0,0.0610375
imagenet_mnv2_100_crop_free_k3,imagenet,margin_drop,4.85,0.61143125,0.32839375,0.0,0.060175
imagenet_mnv2_100_crop_free_k3,imagenet,margin_drop,4.9,0.61143125,0.32914375,0.0,0.059425
imagenet_mnv2_100_crop_free_k3,imagenet,margin_drop,4.95,0.61143125,0.32989375,0.0,0.058675
imagenet_mnv2_100_crop_free_k3,imagenet,margin_drop,5.0,0.61143125,0.33064375,0.0,0.057925
imagenet_mnv2_100_crop_free_k3,imagenet,margin_drop,5.05,0.61143125,0.3314,0.0,0.05716875
imagenet_mnv2_100_crop_free_k3,imagenet,margin_drop,5.1,0.61143125,0.33204375,0.0,0.056525
imagenet_mnv2_100_crop_free_k3,imagenet,margin_drop,5.15,0.61143125,0.33271875,0.0,0.05585
imagenet_mnv2_100_crop_free_k3,imagenet,margin_drop,5.2,0.61143125,0.33330625,0.0,0.0552625
imagenet_mnv2_100_crop_free_k3,imagenet,margin_drop,5.25,0.61143125,0.33388125,0.0,0.0546875
imagenet_mnv2_100_crop_free_k3,imagenet,margin_drop,5.3,0.61143125,0.3345625,0.0,0.05400625
imagenet_mnv2_100_crop_free_k3,imagenet,margin_drop,5.35,0.61143125,0.33521875,0.0,0.05335
imagenet_mnv2_100_crop_free_k3,imagenet,margin_drop,5.4,0.61143125,0.33581875,0.0,0.05275
imagenet_mnv2_100_crop_free_k3,imagenet,margin_drop,5.45,0.61143125,0.3364625,0.0,0.05210625
imagenet_mnv2_100_crop_free_k3,imagenet,margin_drop,5.5,0.61143125,0.3370125,0.0,0.05155625
imagenet_mnv2_100_crop_free_k3,imagenet,margin_drop,5.55,0.61143125,0.33754375,0.0,0.051025
imagenet_mnv2_100_crop_free_k3,imagenet,margin_drop,5.6,0.61143125,0.3381125,0.0,0.05045625
imagenet_mnv2_100_crop_free_k3,imagenet,margin_drop,5.65,0.61143125,0.33870625,0.0,0.0498625
imagenet_mnv2_100_crop_free_k3,imagenet,margin_drop,5.7,0.61143125,0.3392125,0.0,0.04935625
imagenet_mnv2_100_crop_free_k3,imagenet,margin_drop,5.75,0.61143125,0.33974375,0.0,0.048825
imagenet_mnv2_100_crop_free_k3,imagenet,margin_drop,5.8,0.61143125,0.34028125,0.0,0.0482875
imagenet_mnv2_100_crop_free_k3,imagenet,margin_drop,5.85,0.61143125,0.34080625,0.0,0.0477625
imagenet_mnv2_100_crop_free_k3,imagenet,margin_drop,5.9,0.61143125,0.34135,0.0,0.04721875
imagenet_mnv2_100_crop_free_k3,imagenet,margin_drop,5.95,0.61143125,0.3418875,0.0,0.04668125
imagenet_mnv2_100_crop_free_k3,imagenet,margin_drop,6.0,0.61143125,0.34238125,0.0,0.0461875
