protocol,model_a,model_b,pair_type,population,n_samples,n_constant_profile_excluded,profile_spearman,sample_spearman_p10,sample_spearman_p25,sample_spearman_p50,sample_spearman_p75,sample_spearman_p90,sample_spearman_mean,share_sample_spearman_lt_0_5,top1_agreement,top3_overlap_mean,top1_kappa,n,agreement,kappa_linear,delta_ge2,changed_with_sign_change,changed_with_only_exceeds_change,high_share_a,high_share_b
crop_free,mobilenetv2_050,mobilenetv2_100,yardstick,all,10000,0,0.9676470588235294,-0.16470588235294117,0.047058823529411764,0.2647058823529412,0.4647058823529412,0.611764705882353,0.24255323529411763,0.7874,0.2727,0.3849,0.197742516050665,160000,0.48500625,0.06967441403347945,0.2205625,0.45909375,0.0559,0.14540625,0.14290625
crop_free,mobilenetv2_050,mobilenetv2_100,yardstick,common_correct,5639,0,0.9676470588235294,-0.15294117647058825,0.052941176470588235,0.27058823529411763,0.4764705882352941,0.6205882352941177,0.2516127181498597,0.7769107997871963,0.2926050718212449,0.40060294378435896,0.21611249493690748,90224,0.48524782762901225,0.07476982878949363,0.22138233729384643,0.45953404859017555,0.0552181237808122,0.1505696932080156,0.14298856180173788
crop_free,mobilenetv2_050,mobilenetv2_100,yardstick,pair_correct,5848,0,0.961764705882353,-0.15,0.052941176470588235,0.27058823529411763,0.47352941176470587,0.6205882352941177,0.2512301842761729,0.7782147742818057,0.2920656634746922,0.3993958048335613,0.21585210341660666,93568,0.4853582421340629,0.07459285150013119,0.22146460328317374,0.4593878248974008,0.05525393296853625,0.1503719220246238,0.1431044801641587
crop_free,mobilenetv2_050,convnext_tiny,cross_architecture,all,10000,0,0.8911764705882352,-0.2852941176470588,-0.09705882352941177,0.11470588235294117,0.3205882352941177,0.49117647058823527,0.10657764705882353,0.903,0.1889,0.30363333333333337,0.11042867138294113,160000,0.46675,0.03670094140744734,0.2436625,0.4690875,0.0641625,0.14540625,0.15986875
crop_free,mobilenetv2_050,convnext_tiny,cross_architecture,common_correct,5639,0,0.8705882352941177,-0.2888235294117645,-0.10588235294117647,0.10588235294117647,0.31176470588235294,0.4852941176470588,0.09940383672532677,0.9072530590530236,0.1876219187799255,0.3009398829579713,0.10823468589148694,90224,0.4640782940237631,0.03647157085390135,0.25427824082284095,0.4697087249512325,0.06621298102500443,0.1505696932080156,0.17054220606490514
crop_free,mobilenetv2_050,convnext_tiny,cross_architecture,pair_correct,6014,0,0.8764705882352942,-0.28823529411764703,-0.10220588235294117,0.10882352941176471,0.31470588235294117,0.48735294117647004,0.10191220485533754,0.9062188227469239,0.18955769870302627,0.30201751468795035,0.10992863696530862,96224,0.46407341203857666,0.0375033985637952,0.25337753574991684,0.4698100266045893,0.06611656135683405,0.15097065181243766,0.16956268706351846
crop_free,mobilenetv2_050,deit_small,cross_architecture,all,10000,0,0.9470588235294116,-0.27941176470588236,-0.09117647058823529,0.12352941176470589,0.3205882352941177,0.4852941176470588,0.11091676470588235,0.9086,0.2011,0.3070333333333333,0.12482554434092905,160000,0.4764,0.029742361310737687,0.2428,0.4635125,0.0600875,0.14540625,0.15456875
crop_free,mobilenetv2_050,deit_small,cross_architecture,common_correct,5639,0,0.9352941176470588,-0.29411764705882354,-0.1,0.11176470588235295,0.31176470588235294,0.4764705882352941,0.09956448264711097,0.913814506118106,0.19826210320978896,0.300526098007921,0.1216523613445604,90224,0.4713601702429509,0.02703942275836611,0.2584899804929952,0.4649317254832417,0.06370810427380741,0.1505696932080156,0.17040920375953184
crop_free,mobilenetv2_050,deit_small,cross_architecture,pair_correct,5976,0,0.9352941176470588,-0.28823529411764703,-0.1,0.11323529411764706,0.31470588235294117,0.47941176470588237,0.10178655799669264,0.9119812583668006,0.1999665327978581,0.3020972780008924,0.12319644035245154,95616,0.4716260876840696,0.02770070907051407,0.25783341700133866,0.46493264725568945,0.06344126506024096,0.15132404618473896,0.16915578982597054
crop_free,mobilenetv2_100,convnext_tiny,cross_architecture,all,10000,0,0.9235294117647058,-0.25588235294117645,-0.058823529411764705,0.15588235294117647,0.3588235294117647,0.5294117647058824,0.14309735294117648,0.8793,0.2222,0.3242333333333333,0.14595782762152462,160000,0.47034375,0.046236869459723384,0.2390875,0.46646875,0.0631875,0.14290625,0.15986875
crop_free,mobilenetv2_100,convnext_tiny,cross_architecture,common_correct,5639,0,0.9,-0.2711764705882351,-0.07647058823529412,0.13529411764705881,0.3382352941176471,0.5147058823529411,0.12543629971939121,0.8896967547437489,0.20978896967547436,0.3128214222379854,0.1320326192127742,90224,0.4675474374889165,0.041370858886266564,0.24898031565880474,0.4662395814860791,0.06621298102500443,0.14298856180173788,0.17054220606490514
crop_free,mobilenetv2_100,convnext_tiny,cross_architecture,pair_correct,6838,0,0.8970588235294116,-0.25882352941176473,-0.061764705882352944,0.15,0.35294117647058826,0.5205882352941177,0.13745118111590937,0.8843229014331676,0.21906990348054986,0.3247538266549673,0.14086899497521962,109408,0.4680827727405674,0.045264768065426834,0.24738593155893537,0.46681229891781223,0.06510492834162036,0.14512649897630886,0.16912840011699326
crop_free,mobilenetv2_100,deit_small,cross_architecture,all,10000,0,0.9352941176470588,-0.25882352941176473,-0.07058823529411765,0.14705882352941177,0.34705882352941175,0.5176470588235295,0.1357914705882353,0.886,0.2282,0.3215,0.15363238980196117,160000,0.47948125,0.03914598629808773,0.2383125,0.46119375,0.059325,0.14290625,0.15456875
crop_free,mobilenetv2_100,deit_small,cross_architecture,common_correct,5639,0,0.8941176470588235,-0.2735294117647059,-0.08529411764705883,0.1323529411764706,0.3323529411764706,0.5088235294117647,0.1222019965993136,0.8932434828870367,0.22007448129100904,0.3134125435952001,0.1451572113032602,90224,0.473466040078028,0.03516552985486387,0.2504655080688065,0.46374578826032986,0.06278817166164213,0.14298856180173788,0.17040920375953184
crop_free,mobilenetv2_100,deit_small,cross_architecture,pair_correct,6744,0,0.9176470588235294,-0.2647058823529412,-0.07647058823529412,0.14411764705882352,0.34411764705882353,0.5176470588235295,0.1318950177935943,0.8870106761565836,0.2293890865954923,0.3246836694345591,0.1538544902938316,107904,0.47482947805456704,0.038642504295087,0.24864694543297747,0.4631895017793594,0.06198102016607355,0.14526801601423486,0.16752854389086597
crop_free,convnext_tiny,deit_small,cross_architecture,all,10000,0,0.9441176470588234,-0.22676470588235267,-0.03529411764705882,0.17941176470588235,0.3764705882352941,0.5294117647058824,0.16456235294117647,0.8742,0.2288,0.3289,0.15824027378671693,160000,0.48036875,0.0516715999993911,0.2447,0.4597125,0.05991875,0.15986875,0.15456875
crop_free,convnext_tiny,deit_small,cross_architecture,common_correct,5639,0,0.9176470588235294,-0.23529411764705882,-0.041176470588235294,0.17058823529411765,0.36764705882352944,0.5176470588235295,0.15429467051938703,0.8843766625288172,0.21741443518354317,0.31033871253768397,0.1478702497912043,90224,0.4747738960808654,0.047170278902476076,0.26449725128568896,0.45999955665898207,0.0652265472601525,0.17054220606490514,0.17040920375953184
crop_free,convnext_tiny,deit_small,cross_architecture,pair_correct,7554,0,0.9235294117647058,-0.2235294117647059,-0.03235294117647059,0.17941176470588235,0.3764705882352941,0.5323529411764706,0.16518790200750672,0.8745035742652899,0.23272438443208895,0.3285676462801165,0.16163526048149224,120864,0.47728024887476833,0.05408262546751043,0.2576449563145353,0.4589373179772306,0.06378243314800106,0.16820558644426795,0.16656738151972464
exact,mobilenetv2_050,mobilenetv2_100,yardstick,all,10000,0,0.9911764705882352,-0.16470588235294117,0.041176470588235294,0.2647058823529412,0.4625,0.6176470588235294,0.24193139100295402,0.7912,0.3018,0.40726666666666667,0.20918780155307495,160000,0.47791875,0.08151417276257213,0.2130125,0.46313125,0.05895,0.14284375,0.13929375
exact,mobilenetv2_050,mobilenetv2_100,yardstick,common_correct,6002,0,0.9911764705882352,-0.15294117647058825,0.047058823529411764,0.2676470588235294,0.4698529411764706,0.6235294117647059,0.24752090581190392,0.78757080973009,0.3187270909696768,0.423636565589248,0.22163933517406378,96032,0.4785384038653782,0.08777919267721719,0.21322059313562147,0.46301232922359215,0.058449266911029654,0.14617002665778073,0.14050524825058314
exact,mobilenetv2_050,mobilenetv2_100,yardstick,pair_correct,6228,0,0.9911764705882352,-0.15294117647058825,0.047058823529411764,0.2691176470588235,0.47058823529411764,0.6264705882352941,0.2482857252436216,0.7859666024405909,0.3166345536287733,0.4240526653821452,0.21918778865068414,99648,0.47832369942196534,0.08720291877405069,0.2130097944765575,0.4632707129094412,0.058405587668593446,0.1458634393063584,0.14030386962106614
exact,mobilenetv2_050,convnext_tiny,cross_architecture,all,10000,0,0.9705882352941176,-0.28823529411764703,-0.08823529411764706,0.1323529411764706,0.35,0.5235294117647059,0.12512706934855441,0.8828,0.2187,0.3424,0.11354798996240881,160000,0.45988125,0.04986923300877934,0.23171875,0.47284375,0.067275,0.14284375,0.1509875
exact,mobilenetv2_050,convnext_tiny,cross_architecture,common_correct,6002,0,0.9705882352941176,-0.2852941176470588,-0.08823529411764706,0.13823529411764707,0.36176470588235293,0.5294117647058824,0.12855192976597546,0.8793735421526158,0.2202599133622126,0.35288237254248583,0.10359061783608099,96032,0.4563791236254582,0.05206390585663645,0.2382747417527491,0.47489378540486504,0.06872709096967677,0.14617002665778073,0.15987379206931024
exact,mobilenetv2_050,convnext_tiny,cross_architecture,pair_correct,6399,0,0.976470588235294,-0.2823529411764706,-0.08529411764705883,0.1411764705882353,0.36176470588235293,0.5294117647058824,0.13110444076983563,0.8788873261447101,0.22394124081887795,0.3548992030004688,0.1078273248737416,102384,0.45732731676824506,0.05359933787299945,0.23730270354742927,0.47432215971245506,0.06835052351929989,0.1465170339115487,0.1588041100171902
exact,mobilenetv2_100,convnext_tiny,cross_architecture,all,10000,0,0.9735294117647059,-0.26499999999999974,-0.058823529411764705,0.16176470588235295,0.3735294117647059,0.5352941176470588,0.1494070152019361,0.8707,0.2448,0.35933333333333334,0.1419792752092613,160000,0.46605625,0.06139184557317584,0.22536875,0.46925,0.06469375,0.13929375,0.1509875
exact,mobilenetv2_100,convnext_tiny,cross_architecture,common_correct,6002,0,0.9588235294117649,-0.27058823529411763,-0.06764705882352941,0.15588235294117647,0.37058823529411766,0.5352941176470588,0.14394104888297946,0.8723758747084305,0.2474175274908364,0.3649339109185827,0.13587958541268652,96032,0.4620022492502499,0.06146154197007895,0.23161029656781074,0.47131164611796067,0.06668610463178941,0.14050524825058314,0.15987379206931024
exact,mobilenetv2_100,convnext_tiny,cross_architecture,pair_correct,7060,0,0.9411764705882352,-0.26176470588235295,-0.05588235294117647,0.16470588235294117,0.37941176470588234,0.5411764705882353,0.15219913382876693,0.8669971671388101,0.2529745042492918,0.37275731822474034,0.14165336806821363,112960,0.4640669263456091,0.06523962353628533,0.2296476628895184,0.47021069405099153,0.06572237960339944,0.14142174220963172,0.15823300283286118
