protocol,model,run,population,n_samples,flag,value,share
crop_free,mobilenetv2_050,imagenet_mnv2_050_crop_free_k3,all,10000,sign_consistent,false,0.616075
crop_free,mobilenetv2_050,imagenet_mnv2_050_crop_free_k3,all,10000,sign_consistent,true,0.383925
crop_free,mobilenetv2_050,imagenet_mnv2_050_crop_free_k3,all,10000,exceeds_control,false,0.6396875
crop_free,mobilenetv2_050,imagenet_mnv2_050_crop_free_k3,all,10000,exceeds_control,true,0.3603125
crop_free,mobilenetv2_050,imagenet_mnv2_050_crop_free_k3,all,10000,seed_stable,false,0.8108375
crop_free,mobilenetv2_050,imagenet_mnv2_050_crop_free_k3,all,10000,seed_stable,true,0.1891625
crop_free,mobilenetv2_050,imagenet_mnv2_050_crop_free_k3,all,10000,multi_strategy,true,1.0
crop_free,mobilenetv2_050,imagenet_mnv2_050_crop_free_k3,all,10000,ci_excludes_zero,true,1.0
crop_free,mobilenetv2_050,imagenet_mnv2_050_crop_free_k3,all,10000,area_matched,true,1.0
crop_free,mobilenetv2_050,imagenet_mnv2_050_crop_free_k3,common_correct,5639,sign_consistent,false,0.6147477389608087
crop_free,mobilenetv2_050,imagenet_mnv2_050_crop_free_k3,common_correct,5639,sign_consistent,true,0.38525226103919136
crop_free,mobilenetv2_050,imagenet_mnv2_050_crop_free_k3,common_correct,5639,exceeds_control,false,0.6435427380741267
crop_free,mobilenetv2_050,imagenet_mnv2_050_crop_free_k3,common_correct,5639,exceeds_control,true,0.3564572619258734
crop_free,mobilenetv2_050,imagenet_mnv2_050_crop_free_k3,common_correct,5639,seed_stable,false,0.81240024827097
crop_free,mobilenetv2_050,imagenet_mnv2_050_crop_free_k3,common_correct,5639,seed_stable,true,0.18759975172902996
crop_free,mobilenetv2_050,imagenet_mnv2_050_crop_free_k3,common_correct,5639,multi_strategy,true,1.0
crop_free,mobilenetv2_050,imagenet_mnv2_050_crop_free_k3,common_correct,5639,ci_excludes_zero,true,1.0
crop_free,mobilenetv2_050,imagenet_mnv2_050_crop_free_k3,common_correct,5639,area_matched,true,1.0
crop_free,mobilenetv2_050,imagenet_mnv2_050_crop_free_k3,model_correct,6220,sign_consistent,false,0.6140574758842444
crop_free,mobilenetv2_050,imagenet_mnv2_050_crop_free_k3,model_correct,6220,sign_consistent,true,0.38594252411575564
crop_free,mobilenetv2_050,imagenet_mnv2_050_crop_free_k3,model_correct,6220,exceeds_control,false,0.6425743569131833
crop_free,mobilenetv2_050,imagenet_mnv2_050_crop_free_k3,model_correct,6220,exceeds_control,true,0.35742564308681674
crop_free,mobilenetv2_050,imagenet_mnv2_050_crop_free_k3,model_correct,6220,seed_stable,false,0.8120779742765273
crop_free,mobilenetv2_050,imagenet_mnv2_050_crop_free_k3,model_correct,6220,seed_stable,true,0.18792202572347266
crop_free,mobilenetv2_050,imagenet_mnv2_050_crop_free_k3,model_correct,6220,multi_strategy,true,1.0
crop_free,mobilenetv2_050,imagenet_mnv2_050_crop_free_k3,model_correct,6220,ci_excludes_zero,true,1.0
crop_free,mobilenetv2_050,imagenet_mnv2_050_crop_free_k3,model_correct,6220,area_matched,true,1.0
crop_free,mobilenetv2_100,imagenet_mnv2_100_crop_free_k3,all,10000,sign_consistent,false,0.61143125
crop_free,mobilenetv2_100,imagenet_mnv2_100_crop_free_k3,all,10000,sign_consistent,true,0.38856875
crop_free,mobilenetv2_100,imagenet_mnv2_100_crop_free_k3,all,10000,exceeds_control,false,0.6518
crop_free,mobilenetv2_100,imagenet_mnv2_100_crop_free_k3,all,10000,exceeds_control,true,0.3482
crop_free,mobilenetv2_100,imagenet_mnv2_100_crop_free_k3,all,10000,seed_stable,false,0.8227
crop_free,mobilenetv2_100,imagenet_mnv2_100_crop_free_k3,all,10000,seed_stable,true,0.17728125
crop_free,mobilenetv2_100,imagenet_mnv2_100_crop_free_k3,all,10000,seed_stable,unavailable,1.875e-05
crop_free,mobilenetv2_100,imagenet_mnv2_100_crop_free_k3,all,10000,multi_strategy,false,6.25e-06
crop_free,mobilenetv2_100,imagenet_mnv2_100_crop_free_k3,all,10000,multi_strategy,true,0.99999375
crop_free,mobilenetv2_100,imagenet_mnv2_100_crop_free_k3,all,10000,ci_excludes_zero,true,1.0
crop_free,mobilenetv2_100,imagenet_mnv2_100_crop_free_k3,all,10000,area_matched,true,1.0
crop_free,mobilenetv2_100,imagenet_mnv2_100_crop_free_k3,common_correct,5639,sign_consistent,false,0.6123426139386416
crop_free,mobilenetv2_100,imagenet_mnv2_100_crop_free_k3,common_correct,5639,sign_consistent,true,0.3876573860613584
crop_free,mobilenetv2_100,imagenet_mnv2_100_crop_free_k3,common_correct,5639,exceeds_control,false,0.6540610037240645
crop_free,mobilenetv2_100,imagenet_mnv2_100_crop_free_k3,common_correct,5639,exceeds_control,true,0.34593899627593544
crop_free,mobilenetv2_100,imagenet_mnv2_100_crop_free_k3,common_correct,5639,seed_stable,false,0.8250354672814328
crop_free,mobilenetv2_100,imagenet_mnv2_100_crop_free_k3,common_correct,5639,seed_stable,true,0.17495344919311934
crop_free,mobilenetv2_100,imagenet_mnv2_100_crop_free_k3,common_correct,5639,seed_stable,unavailable,1.1083525447774428e-05
crop_free,mobilenetv2_100,imagenet_mnv2_100_crop_free_k3,common_correct,5639,multi_strategy,false,1.1083525447774428e-05
crop_free,mobilenetv2_100,imagenet_mnv2_100_crop_free_k3,common_correct,5639,multi_strategy,true,0.9999889164745522
crop_free,mobilenetv2_100,imagenet_mnv2_100_crop_free_k3,common_correct,5639,ci_excludes_zero,true,1.0
crop_free,mobilenetv2_100,imagenet_mnv2_100_crop_free_k3,common_correct,5639,area_matched,true,1.0
crop_free,mobilenetv2_100,imagenet_mnv2_100_crop_free_k3,model_correct,7094,sign_consistent,false,0.6110533549478433
crop_free,mobilenetv2_100,imagenet_mnv2_100_crop_free_k3,model_correct,7094,sign_consistent,true,0.38894664505215676
crop_free,mobilenetv2_100,imagenet_mnv2_100_crop_free_k3,model_correct,7094,exceeds_control,false,0.6552191993233719
crop_free,mobilenetv2_100,imagenet_mnv2_100_crop_free_k3,model_correct,7094,exceeds_control,true,0.34478080067662814
crop_free,mobilenetv2_100,imagenet_mnv2_100_crop_free_k3,model_correct,7094,seed_stable,false,0.8235833098393008
crop_free,mobilenetv2_100,imagenet_mnv2_100_crop_free_k3,model_correct,7094,seed_stable,true,0.17639906963631238
crop_free,mobilenetv2_100,imagenet_mnv2_100_crop_free_k3,model_correct,7094,seed_stable,unavailable,1.762052438680575e-05
crop_free,mobilenetv2_100,imagenet_mnv2_100_crop_free_k3,model_correct,7094,multi_strategy,false,8.810262193402876e-06
crop_free,mobilenetv2_100,imagenet_mnv2_100_crop_free_k3,model_correct,7094,multi_strategy,true,0.9999911897378067
crop_free,mobilenetv2_100,imagenet_mnv2_100_crop_free_k3,model_correct,7094,ci_excludes_zero,true,1.0
crop_free,mobilenetv2_100,imagenet_mnv2_100_crop_free_k3,model_correct,7094,area_matched,true,1.0
crop_free,convnext_tiny,a3_imagenet_convnext_tiny_cf,all,10000,sign_consistent,false,0.6064625
crop_free,convnext_tiny,a3_imagenet_convnext_tiny_cf,all,10000,sign_consistent,true,0.3935375
crop_free,convnext_tiny,a3_imagenet_convnext_tiny_cf,all,10000,exceeds_control,false,0.6308875
crop_free,convnext_tiny,a3_imagenet_convnext_tiny_cf,all,10000,exceeds_control,true,0.3691125
crop_free,convnext_tiny,a3_imagenet_convnext_tiny_cf,all,10000,seed_stable,false,0.815575
crop_free,convnext_tiny,a3_imagenet_convnext_tiny_cf,all,10000,seed_stable,true,0.1844
crop_free,convnext_tiny,a3_imagenet_convnext_tiny_cf,all,10000,seed_stable,unavailable,2.5e-05
crop_free,convnext_tiny,a3_imagenet_convnext_tiny_cf,all,10000,multi_strategy,true,1.0
crop_free,convnext_tiny,a3_imagenet_convnext_tiny_cf,all,10000,ci_excludes_zero,true,1.0
crop_free,convnext_tiny,a3_imagenet_convnext_tiny_cf,all,10000,area_matched,true,1.0
crop_free,convnext_tiny,a3_imagenet_convnext_tiny_cf,common_correct,5639,sign_consistent,false,0.6055151622628125
crop_free,convnext_tiny,a3_imagenet_convnext_tiny_cf,common_correct,5639,sign_consistent,true,0.39448483773718745
crop_free,convnext_tiny,a3_imagenet_convnext_tiny_cf,common_correct,5639,exceeds_control,false,0.619103564461784
crop_free,convnext_tiny,a3_imagenet_convnext_tiny_cf,common_correct,5639,exceeds_control,true,0.380896435538216
crop_free,convnext_tiny,a3_imagenet_convnext_tiny_cf,common_correct,5639,seed_stable,false,0.8146058698350771
crop_free,convnext_tiny,a3_imagenet_convnext_tiny_cf,common_correct,5639,seed_stable,true,0.18534979606313176
crop_free,convnext_tiny,a3_imagenet_convnext_tiny_cf,common_correct,5639,seed_stable,unavailable,4.433410179109771e-05
crop_free,convnext_tiny,a3_imagenet_convnext_tiny_cf,common_correct,5639,multi_strategy,true,1.0
crop_free,convnext_tiny,a3_imagenet_convnext_tiny_cf,common_correct,5639,ci_excludes_zero,true,1.0
crop_free,convnext_tiny,a3_imagenet_convnext_tiny_cf,common_correct,5639,area_matched,true,1.0
crop_free,convnext_tiny,a3_imagenet_convnext_tiny_cf,model_correct,8166,sign_consistent,false,0.6044575067352437
crop_free,convnext_tiny,a3_imagenet_convnext_tiny_cf,model_correct,8166,sign_consistent,true,0.3955424932647563
crop_free,convnext_tiny,a3_imagenet_convnext_tiny_cf,model_correct,8166,exceeds_control,false,0.6271583394562822
crop_free,convnext_tiny,a3_imagenet_convnext_tiny_cf,model_correct,8166,exceeds_control,true,0.37284166054371787
crop_free,convnext_tiny,a3_imagenet_convnext_tiny_cf,model_correct,8166,seed_stable,false,0.8153395175116336
crop_free,convnext_tiny,a3_imagenet_convnext_tiny_cf,model_correct,8166,seed_stable,true,0.18462986774430565
crop_free,convnext_tiny,a3_imagenet_convnext_tiny_cf,model_correct,8166,seed_stable,unavailable,3.061474406073965e-05
crop_free,convnext_tiny,a3_imagenet_convnext_tiny_cf,model_correct,8166,multi_strategy,true,1.0
crop_free,convnext_tiny,a3_imagenet_convnext_tiny_cf,model_correct,8166,ci_excludes_zero,true,1.0
crop_free,convnext_tiny,a3_imagenet_convnext_tiny_cf,model_correct,8166,area_matched,true,1.0
crop_free,deit_small,a3_imagenet_deit_small_cf,all,10000,sign_consistent,false,0.6371625
crop_free,deit_small,a3_imagenet_deit_small_cf,all,10000,sign_consistent,true,0.3628375
crop_free,deit_small,a3_imagenet_deit_small_cf,all,10000,exceeds_control,false,0.614325
crop_free,deit_small,a3_imagenet_deit_small_cf,all,10000,exceeds_control,true,0.385675
crop_free,deit_small,a3_imagenet_deit_small_cf,all,10000,seed_stable,false,0.86986875
crop_free,deit_small,a3_imagenet_deit_small_cf,all,10000,seed_stable,true,0.13011875
crop_free,deit_small,a3_imagenet_deit_small_cf,all,10000,seed_stable,unavailable,1.25e-05
crop_free,deit_small,a3_imagenet_deit_small_cf,all,10000,multi_strategy,false,3.75e-05
crop_free,deit_small,a3_imagenet_deit_small_cf,all,10000,multi_strategy,true,0.9999625
crop_free,deit_small,a3_imagenet_deit_small_cf,all,10000,ci_excludes_zero,true,1.0
crop_free,deit_small,a3_imagenet_deit_small_cf,all,10000,area_matched,true,1.0
crop_free,deit_small,a3_imagenet_deit_small_cf,common_correct,5639,sign_consistent,false,0.6312621918779926
crop_free,deit_small,a3_imagenet_deit_small_cf,common_correct,5639,sign_consistent,true,0.36873780812200746
crop_free,deit_small,a3_imagenet_deit_small_cf,common_correct,5639,exceeds_control,false,0.597778861500266
crop_free,deit_small,a3_imagenet_deit_small_cf,common_correct,5639,exceeds_control,true,0.402221138499734
crop_free,deit_small,a3_imagenet_deit_small_cf,common_correct,5639,seed_stable,false,0.8658782585564816
crop_free,deit_small,a3_imagenet_deit_small_cf,common_correct,5639,seed_stable,true,0.1340995743926228
crop_free,deit_small,a3_imagenet_deit_small_cf,common_correct,5639,seed_stable,unavailable,2.2167050895548856e-05
crop_free,deit_small,a3_imagenet_deit_small_cf,common_correct,5639,multi_strategy,false,6.650115268664656e-05
crop_free,deit_small,a3_imagenet_deit_small_cf,common_correct,5639,multi_strategy,true,0.9999334988473133
crop_free,deit_small,a3_imagenet_deit_small_cf,common_correct,5639,ci_excludes_zero,true,1.0
crop_free,deit_small,a3_imagenet_deit_small_cf,common_correct,5639,area_matched,true,1.0
crop_free,deit_small,a3_imagenet_deit_small_cf,model_correct,7902,sign_consistent,false,0.6327512022272842
crop_free,deit_small,a3_imagenet_deit_small_cf,model_correct,7902,sign_consistent,true,0.36724879777271574
crop_free,deit_small,a3_imagenet_deit_small_cf,model_correct,7902,exceeds_control,false,0.6061835611237661
crop_free,deit_small,a3_imagenet_deit_small_cf,model_correct,7902,exceeds_control,true,0.39381643887623385
crop_free,deit_small,a3_imagenet_deit_small_cf,model_correct,7902,seed_stable,false,0.8680634649455834
crop_free,deit_small,a3_imagenet_deit_small_cf,model_correct,7902,seed_stable,true,0.13192071627436092
crop_free,deit_small,a3_imagenet_deit_small_cf,model_correct,7902,seed_stable,unavailable,1.5818780055682107e-05
crop_free,deit_small,a3_imagenet_deit_small_cf,model_correct,7902,multi_strategy,false,4.745634016704632e-05
crop_free,deit_small,a3_imagenet_deit_small_cf,model_correct,7902,multi_strategy,true,0.999952543659833
crop_free,deit_small,a3_imagenet_deit_small_cf,model_correct,7902,ci_excludes_zero,true,1.0
crop_free,deit_small,a3_imagenet_deit_small_cf,model_correct,7902,area_matched,true,1.0
exact,mobilenetv2_050,imagenet_mnv2_050_exact_k3,all,10000,sign_consistent,false,0.59029375
exact,mobilenetv2_050,imagenet_mnv2_050_exact_k3,all,10000,sign_consistent,true,0.40970625
exact,mobilenetv2_050,imagenet_mnv2_050_exact_k3,all,10000,exceeds_control,false,0.67386875
exact,mobilenetv2_050,imagenet_mnv2_050_exact_k3,all,10000,exceeds_control,true,0.32613125
exact,mobilenetv2_050,imagenet_mnv2_050_exact_k3,all,10000,seed_stable,false,0.7996875
exact,mobilenetv2_050,imagenet_mnv2_050_exact_k3,all,10000,seed_stable,true,0.20030625
exact,mobilenetv2_050,imagenet_mnv2_050_exact_k3,all,10000,seed_stable,unavailable,6.25e-06
exact,mobilenetv2_050,imagenet_mnv2_050_exact_k3,all,10000,multi_strategy,true,1.0
exact,mobilenetv2_050,imagenet_mnv2_050_exact_k3,all,10000,ci_excludes_zero,true,1.0
exact,mobilenetv2_050,imagenet_mnv2_050_exact_k3,all,10000,area_matched,false,0.993125
exact,mobilenetv2_050,imagenet_mnv2_050_exact_k3,all,10000,area_matched,true,0.006875
exact,mobilenetv2_050,imagenet_mnv2_050_exact_k3,common_correct,6002,sign_consistent,false,0.5891057147617461
exact,mobilenetv2_050,imagenet_mnv2_050_exact_k3,common_correct,6002,sign_consistent,true,0.41089428523825394
exact,mobilenetv2_050,imagenet_mnv2_050_exact_k3,common_correct,6002,exceeds_control,false,0.6809500999666778
exact,mobilenetv2_050,imagenet_mnv2_050_exact_k3,common_correct,6002,exceeds_control,true,0.31904990003332223
exact,mobilenetv2_050,imagenet_mnv2_050_exact_k3,common_correct,6002,seed_stable,false,0.8012016827724092
exact,mobilenetv2_050,imagenet_mnv2_050_exact_k3,common_correct,6002,seed_stable,true,0.19878790403198934
exact,mobilenetv2_050,imagenet_mnv2_050_exact_k3,common_correct,6002,seed_stable,unavailable,1.0413195601466178e-05
exact,mobilenetv2_050,imagenet_mnv2_050_exact_k3,common_correct,6002,multi_strategy,true,1.0
exact,mobilenetv2_050,imagenet_mnv2_050_exact_k3,common_correct,6002,ci_excludes_zero,true,1.0
exact,mobilenetv2_050,imagenet_mnv2_050_exact_k3,common_correct,6002,area_matched,false,0.9930127457514162
exact,mobilenetv2_050,imagenet_mnv2_050_exact_k3,common_correct,6002,area_matched,true,0.0069872542485838055
exact,mobilenetv2_050,imagenet_mnv2_050_exact_k3,model_correct,6606,sign_consistent,false,0.5887072358462004
exact,mobilenetv2_050,imagenet_mnv2_050_exact_k3,model_correct,6606,sign_consistent,true,0.41129276415379956
exact,mobilenetv2_050,imagenet_mnv2_050_exact_k3,model_correct,6606,exceeds_control,false,0.6807636996669694
exact,mobilenetv2_050,imagenet_mnv2_050_exact_k3,model_correct,6606,exceeds_control,true,0.3192363003330306
exact,mobilenetv2_050,imagenet_mnv2_050_exact_k3,model_correct,6606,seed_stable,false,0.8015535119588253
exact,mobilenetv2_050,imagenet_mnv2_050_exact_k3,model_correct,6606,seed_stable,true,0.19843702694520132
exact,mobilenetv2_050,imagenet_mnv2_050_exact_k3,model_correct,6606,seed_stable,unavailable,9.461095973357553e-06
exact,mobilenetv2_050,imagenet_mnv2_050_exact_k3,model_correct,6606,multi_strategy,true,1.0
exact,mobilenetv2_050,imagenet_mnv2_050_exact_k3,model_correct,6606,ci_excludes_zero,true,1.0
exact,mobilenetv2_050,imagenet_mnv2_050_exact_k3,model_correct,6606,area_matched,false,0.9930271722676355
exact,mobilenetv2_050,imagenet_mnv2_050_exact_k3,model_correct,6606,area_matched,true,0.006972827732364517
exact,mobilenetv2_100,imagenet_mnv2_100_exact_k3,all,10000,sign_consistent,false,0.592025
exact,mobilenetv2_100,imagenet_mnv2_100_exact_k3,all,10000,sign_consistent,true,0.407975
exact,mobilenetv2_100,imagenet_mnv2_100_exact_k3,all,10000,exceeds_control,false,0.67853125
exact,mobilenetv2_100,imagenet_mnv2_100_exact_k3,all,10000,exceeds_control,true,0.32146875
exact,mobilenetv2_100,imagenet_mnv2_100_exact_k3,all,10000,seed_stable,false,0.81838125
exact,mobilenetv2_100,imagenet_mnv2_100_exact_k3,all,10000,seed_stable,true,0.18160625
exact,mobilenetv2_100,imagenet_mnv2_100_exact_k3,all,10000,seed_stable,unavailable,1.25e-05
exact,mobilenetv2_100,imagenet_mnv2_100_exact_k3,all,10000,multi_strategy,true,1.0
exact,mobilenetv2_100,imagenet_mnv2_100_exact_k3,all,10000,ci_excludes_zero,true,1.0
exact,mobilenetv2_100,imagenet_mnv2_100_exact_k3,all,10000,area_matched,false,0.993125
exact,mobilenetv2_100,imagenet_mnv2_100_exact_k3,all,10000,area_matched,true,0.006875
exact,mobilenetv2_100,imagenet_mnv2_100_exact_k3,common_correct,6002,sign_consistent,false,0.590667694101966
exact,mobilenetv2_100,imagenet_mnv2_100_exact_k3,common_correct,6002,sign_consistent,true,0.409332305898034
exact,mobilenetv2_100,imagenet_mnv2_100_exact_k3,common_correct,6002,exceeds_control,false,0.6806377040986338
exact,mobilenetv2_100,imagenet_mnv2_100_exact_k3,common_correct,6002,exceeds_control,true,0.3193622959013662
exact,mobilenetv2_100,imagenet_mnv2_100_exact_k3,common_correct,6002,seed_stable,false,0.8201849383538821
exact,mobilenetv2_100,imagenet_mnv2_100_exact_k3,common_correct,6002,seed_stable,true,0.17979423525491503
exact,mobilenetv2_100,imagenet_mnv2_100_exact_k3,common_correct,6002,seed_stable,unavailable,2.0826391202932357e-05
exact,mobilenetv2_100,imagenet_mnv2_100_exact_k3,common_correct,6002,multi_strategy,true,1.0
exact,mobilenetv2_100,imagenet_mnv2_100_exact_k3,common_correct,6002,ci_excludes_zero,true,1.0
exact,mobilenetv2_100,imagenet_mnv2_100_exact_k3,common_correct,6002,area_matched,false,0.9930127457514162
exact,mobilenetv2_100,imagenet_mnv2_100_exact_k3,common_correct,6002,area_matched,true,0.0069872542485838055
exact,mobilenetv2_100,imagenet_mnv2_100_exact_k3,model_correct,7303,sign_consistent,false,0.5912296316582226
exact,mobilenetv2_100,imagenet_mnv2_100_exact_k3,model_correct,7303,sign_consistent,true,0.4087703683417774
exact,mobilenetv2_100,imagenet_mnv2_100_exact_k3,model_correct,7303,exceeds_control,false,0.6815606600027386
exact,mobilenetv2_100,imagenet_mnv2_100_exact_k3,model_correct,7303,exceeds_control,true,0.3184393399972614
exact,mobilenetv2_100,imagenet_mnv2_100_exact_k3,model_correct,7303,seed_stable,false,0.8199370121867725
exact,mobilenetv2_100,imagenet_mnv2_100_exact_k3,model_correct,7303,seed_stable,true,0.18004587155963303
exact,mobilenetv2_100,imagenet_mnv2_100_exact_k3,model_correct,7303,seed_stable,unavailable,1.7116253594413254e-05
exact,mobilenetv2_100,imagenet_mnv2_100_exact_k3,model_correct,7303,multi_strategy,true,1.0
exact,mobilenetv2_100,imagenet_mnv2_100_exact_k3,model_correct,7303,ci_excludes_zero,true,1.0
exact,mobilenetv2_100,imagenet_mnv2_100_exact_k3,model_correct,7303,area_matched,false,0.9932305217034095
exact,mobilenetv2_100,imagenet_mnv2_100_exact_k3,model_correct,7303,area_matched,true,0.006769478296590442
exact,convnext_tiny,a3_imagenet_convnext_tiny_exact,all,10000,sign_consistent,false,0.588425
exact,convnext_tiny,a3_imagenet_convnext_tiny_exact,all,10000,sign_consistent,true,0.411575
exact,convnext_tiny,a3_imagenet_convnext_tiny_exact,all,10000,exceeds_control,false,0.6748125
exact,convnext_tiny,a3_imagenet_convnext_tiny_exact,all,10000,exceeds_control,true,0.3251875
exact,convnext_tiny,a3_imagenet_convnext_tiny_exact,all,10000,seed_stable,false,0.81109375
exact,convnext_tiny,a3_imagenet_convnext_tiny_exact,all,10000,seed_stable,true,0.18879375
exact,convnext_tiny,a3_imagenet_convnext_tiny_exact,all,10000,seed_stable,unavailable,0.0001125
exact,convnext_tiny,a3_imagenet_convnext_tiny_exact,all,10000,multi_strategy,false,6.25e-06
exact,convnext_tiny,a3_imagenet_convnext_tiny_exact,all,10000,multi_strategy,true,0.99999375
exact,convnext_tiny,a3_imagenet_convnext_tiny_exact,all,10000,ci_excludes_zero,true,1.0
exact,convnext_tiny,a3_imagenet_convnext_tiny_exact,all,10000,area_matched,false,0.993125
exact,convnext_tiny,a3_imagenet_convnext_tiny_exact,all,10000,area_matched,true,0.006875
exact,convnext_tiny,a3_imagenet_convnext_tiny_exact,common_correct,6002,sign_consistent,false,0.5836804398533822
exact,convnext_tiny,a3_imagenet_convnext_tiny_exact,common_correct,6002,sign_consistent,true,0.4163195601466178
exact,convnext_tiny,a3_imagenet_convnext_tiny_exact,common_correct,6002,exceeds_control,false,0.6779094468510497
exact,convnext_tiny,a3_imagenet_convnext_tiny_exact,common_correct,6002,exceeds_control,true,0.32209055314895035
exact,convnext_tiny,a3_imagenet_convnext_tiny_exact,common_correct,6002,seed_stable,false,0.8086158780406532
exact,convnext_tiny,a3_imagenet_convnext_tiny_exact,common_correct,6002,seed_stable,true,0.1912904031989337
exact,convnext_tiny,a3_imagenet_convnext_tiny_exact,common_correct,6002,seed_stable,unavailable,9.37187604131956e-05
exact,convnext_tiny,a3_imagenet_convnext_tiny_exact,common_correct,6002,multi_strategy,true,1.0
exact,convnext_tiny,a3_imagenet_convnext_tiny_exact,common_correct,6002,ci_excludes_zero,true,1.0
exact,convnext_tiny,a3_imagenet_convnext_tiny_exact,common_correct,6002,area_matched,false,0.9930127457514162
exact,convnext_tiny,a3_imagenet_convnext_tiny_exact,common_correct,6002,area_matched,true,0.0069872542485838055
exact,convnext_tiny,a3_imagenet_convnext_tiny_exact,model_correct,8203,sign_consistent,false,0.5852127270510789
exact,convnext_tiny,a3_imagenet_convnext_tiny_exact,model_correct,8203,sign_consistent,true,0.41478727294892115
exact,convnext_tiny,a3_imagenet_convnext_tiny_exact,model_correct,8203,exceeds_control,false,0.6801398878459101
exact,convnext_tiny,a3_imagenet_convnext_tiny_exact,model_correct,8203,exceeds_control,true,0.31986011215409
exact,convnext_tiny,a3_imagenet_convnext_tiny_exact,model_correct,8203,seed_stable,false,0.8102294892112641
exact,convnext_tiny,a3_imagenet_convnext_tiny_exact,model_correct,8203,seed_stable,true,0.18969431915152993
exact,convnext_tiny,a3_imagenet_convnext_tiny_exact,model_correct,8203,seed_stable,unavailable,7.619163720590028e-05
exact,convnext_tiny,a3_imagenet_convnext_tiny_exact,model_correct,8203,multi_strategy,false,7.619163720590028e-06
exact,convnext_tiny,a3_imagenet_convnext_tiny_exact,model_correct,8203,multi_strategy,true,0.9999923808362794
exact,convnext_tiny,a3_imagenet_convnext_tiny_exact,model_correct,8203,ci_excludes_zero,true,1.0
exact,convnext_tiny,a3_imagenet_convnext_tiny_exact,model_correct,8203,area_matched,false,0.993104656832866
exact,convnext_tiny,a3_imagenet_convnext_tiny_exact,model_correct,8203,area_matched,true,0.006895343167133975
exact,deit_small,a3_imagenet_deit_small_exact,all,10000,sign_consistent,false,0.6203125
exact,deit_small,a3_imagenet_deit_small_exact,all,10000,sign_consistent,true,0.3796875
exact,deit_small,a3_imagenet_deit_small_exact,all,10000,exceeds_control,false,0.6628625
exact,deit_small,a3_imagenet_deit_small_exact,all,10000,exceeds_control,true,0.3371375
exact,deit_small,a3_imagenet_deit_small_exact,all,10000,seed_stable,false,0.8589
exact,deit_small,a3_imagenet_deit_small_exact,all,10000,seed_stable,true,0.1394625
exact,deit_small,a3_imagenet_deit_small_exact,all,10000,seed_stable,unavailable,0.0016375
exact,deit_small,a3_imagenet_deit_small_exact,all,10000,multi_strategy,false,5e-05
exact,deit_small,a3_imagenet_deit_small_exact,all,10000,multi_strategy,true,0.99995
exact,deit_small,a3_imagenet_deit_small_exact,all,10000,ci_excludes_zero,true,1.0
exact,deit_small,a3_imagenet_deit_small_exact,all,10000,area_matched,false,0.98426875
exact,deit_small,a3_imagenet_deit_small_exact,all,10000,area_matched,true,0.01573125
exact,deit_small,a3_imagenet_deit_small_exact,common_correct,6002,sign_consistent,false,0.6140973842052649
exact,deit_small,a3_imagenet_deit_small_exact,common_correct,6002,sign_consistent,true,0.3859026157947351
exact,deit_small,a3_imagenet_deit_small_exact,common_correct,6002,exceeds_control,false,0.6647679940019994
exact,deit_small,a3_imagenet_deit_small_exact,common_correct,6002,exceeds_control,true,0.3352320059980007
exact,deit_small,a3_imagenet_deit_small_exact,common_correct,6002,seed_stable,false,0.8568498000666445
exact,deit_small,a3_imagenet_deit_small_exact,common_correct,6002,seed_stable,true,0.1413799566811063
exact,deit_small,a3_imagenet_deit_small_exact,common_correct,6002,seed_stable,unavailable,0.0017702432522492503
exact,deit_small,a3_imagenet_deit_small_exact,common_correct,6002,multi_strategy,false,3.123958680439853e-05
exact,deit_small,a3_imagenet_deit_small_exact,common_correct,6002,multi_strategy,true,0.9999687604131956
exact,deit_small,a3_imagenet_deit_small_exact,common_correct,6002,ci_excludes_zero,true,1.0
exact,deit_small,a3_imagenet_deit_small_exact,common_correct,6002,area_matched,false,0.9845051649450183
exact,deit_small,a3_imagenet_deit_small_exact,common_correct,6002,area_matched,true,0.015494835054981672
exact,deit_small,a3_imagenet_deit_small_exact,model_correct,7974,sign_consistent,false,0.6161979558565337
exact,deit_small,a3_imagenet_deit_small_exact,model_correct,7974,sign_consistent,true,0.38380204414346625
exact,deit_small,a3_imagenet_deit_small_exact,model_correct,7974,exceeds_control,false,0.6671212691246551
exact,deit_small,a3_imagenet_deit_small_exact,model_correct,7974,exceeds_control,true,0.33287873087534486
exact,deit_small,a3_imagenet_deit_small_exact,model_correct,7974,seed_stable,false,0.8579680837722599
exact,deit_small,a3_imagenet_deit_small_exact,model_correct,7974,seed_stable,true,0.1405113493855029
exact,deit_small,a3_imagenet_deit_small_exact,model_correct,7974,seed_stable,unavailable,0.0015205668422372711
exact,deit_small,a3_imagenet_deit_small_exact,model_correct,7974,multi_strategy,false,4.7027840481565085e-05
exact,deit_small,a3_imagenet_deit_small_exact,model_correct,7974,multi_strategy,true,0.9999529721595184
exact,deit_small,a3_imagenet_deit_small_exact,model_correct,7974,ci_excludes_zero,true,1.0
exact,deit_small,a3_imagenet_deit_small_exact,model_correct,7974,area_matched,false,0.9844102708803611
exact,deit_small,a3_imagenet_deit_small_exact,model_correct,7974,area_matched,true,0.015589729119638827
