protocol,model,run,kind,perturb_op,cell,value
crop_free,convnext_tiny,a3_imagenet_convnext_tiny_cf,cell,blur,r0/c0,0.053309058570861816
crop_free,convnext_tiny,a3_imagenet_convnext_tiny_cf,cell,blur,r0/c1,0.0741957423210144
crop_free,convnext_tiny,a3_imagenet_convnext_tiny_cf,cell,blur,r0/c2,0.07989536454677582
crop_free,convnext_tiny,a3_imagenet_convnext_tiny_cf,cell,blur,r0/c3,0.052904252314567565
crop_free,convnext_tiny,a3_imagenet_convnext_tiny_cf,cell,blur,r1/c0,0.06934321196079254
crop_free,convnext_tiny,a3_imagenet_convnext_tiny_cf,cell,blur,r1/c1,0.16054183864593505
crop_free,convnext_tiny,a3_imagenet_convnext_tiny_cf,cell,blur,r1/c2,0.1595996443271637
crop_free,convnext_tiny,a3_imagenet_convnext_tiny_cf,cell,blur,r1/c3,0.06994382090568542
crop_free,convnext_tiny,a3_imagenet_convnext_tiny_cf,cell,blur,r2/c0,0.08082253725528717
crop_free,convnext_tiny,a3_imagenet_convnext_tiny_cf,cell,blur,r2/c1,0.14456535470485687
crop_free,convnext_tiny,a3_imagenet_convnext_tiny_cf,cell,blur,r2/c2,0.13854253067970276
crop_free,convnext_tiny,a3_imagenet_convnext_tiny_cf,cell,blur,r2/c3,0.07831452472209931
crop_free,convnext_tiny,a3_imagenet_convnext_tiny_cf,cell,blur,r3/c0,0.07659698929786682
crop_free,convnext_tiny,a3_imagenet_convnext_tiny_cf,cell,blur,r3/c1,0.08740688841342927
crop_free,convnext_tiny,a3_imagenet_convnext_tiny_cf,cell,blur,r3/c2,0.08289176158905029
crop_free,convnext_tiny,a3_imagenet_convnext_tiny_cf,cell,blur,r3/c3,0.0712652155637741
crop_free,convnext_tiny,a3_imagenet_convnext_tiny_cf,cell,gaussian_noise,r0/c0,0.001961509720484416
crop_free,convnext_tiny,a3_imagenet_convnext_tiny_cf,cell,gaussian_noise,r0/c1,0.008296838816006978
crop_free,convnext_tiny,a3_imagenet_convnext_tiny_cf,cell,gaussian_noise,r0/c2,0.008524763695398967
crop_free,convnext_tiny,a3_imagenet_convnext_tiny_cf,cell,gaussian_noise,r0/c3,0.003384626126289368
crop_free,convnext_tiny,a3_imagenet_convnext_tiny_cf,cell,gaussian_noise,r1/c0,0.0061351259231567385
crop_free,convnext_tiny,a3_imagenet_convnext_tiny_cf,cell,gaussian_noise,r1/c1,0.017707295004526773
crop_free,convnext_tiny,a3_imagenet_convnext_tiny_cf,cell,gaussian_noise,r1/c2,0.015676254041989645
crop_free,convnext_tiny,a3_imagenet_convnext_tiny_cf,cell,gaussian_noise,r1/c3,0.007713979244232178
crop_free,convnext_tiny,a3_imagenet_convnext_tiny_cf,cell,gaussian_noise,r2/c0,0.005966014575958252
crop_free,convnext_tiny,a3_imagenet_convnext_tiny_cf,cell,gaussian_noise,r2/c1,0.014557906389236451
crop_free,convnext_tiny,a3_imagenet_convnext_tiny_cf,cell,gaussian_noise,r2/c2,0.01612797156969706
crop_free,convnext_tiny,a3_imagenet_convnext_tiny_cf,cell,gaussian_noise,r2/c3,0.003621658198038737
crop_free,convnext_tiny,a3_imagenet_convnext_tiny_cf,cell,gaussian_noise,r3/c0,0.0006594911495844524
crop_free,convnext_tiny,a3_imagenet_convnext_tiny_cf,cell,gaussian_noise,r3/c1,0.005507051348686219
crop_free,convnext_tiny,a3_imagenet_convnext_tiny_cf,cell,gaussian_noise,r3/c2,0.0036567041556040446
crop_free,convnext_tiny,a3_imagenet_convnext_tiny_cf,cell,gaussian_noise,r3/c3,0.0005022187868754069
crop_free,convnext_tiny,a3_imagenet_convnext_tiny_cf,cell,mean_fill,r0/c0,0.042697195076942446
crop_free,convnext_tiny,a3_imagenet_convnext_tiny_cf,cell,mean_fill,r0/c1,0.0873469354391098
crop_free,convnext_tiny,a3_imagenet_convnext_tiny_cf,cell,mean_fill,r0/c2,0.08812564804553985
crop_free,convnext_tiny,a3_imagenet_convnext_tiny_cf,cell,mean_fill,r0/c3,0.04574663622379303
crop_free,convnext_tiny,a3_imagenet_convnext_tiny_cf,cell,mean_fill,r1/c0,0.08606690502166749
crop_free,convnext_tiny,a3_imagenet_convnext_tiny_cf,cell,mean_fill,r1/c1,0.2193721460342407
crop_free,convnext_tiny,a3_imagenet_convnext_tiny_cf,cell,mean_fill,r1/c2,0.20848991322517396
crop_free,convnext_tiny,a3_imagenet_convnext_tiny_cf,cell,mean_fill,r1/c3,0.08341976737976074
crop_free,convnext_tiny,a3_imagenet_convnext_tiny_cf,cell,mean_fill,r2/c0,0.08920619189739228
crop_free,convnext_tiny,a3_imagenet_convnext_tiny_cf,cell,mean_fill,r2/c1,0.18487706124782563
crop_free,convnext_tiny,a3_imagenet_convnext_tiny_cf,cell,mean_fill,r2/c2,0.1731536803483963
crop_free,convnext_tiny,a3_imagenet_convnext_tiny_cf,cell,mean_fill,r2/c3,0.08465303146839141
crop_free,convnext_tiny,a3_imagenet_convnext_tiny_cf,cell,mean_fill,r3/c0,0.03901039538383484
crop_free,convnext_tiny,a3_imagenet_convnext_tiny_cf,cell,mean_fill,r3/c1,0.06571682014465333
crop_free,convnext_tiny,a3_imagenet_convnext_tiny_cf,cell,mean_fill,r3/c2,0.05744797849655151
crop_free,convnext_tiny,a3_imagenet_convnext_tiny_cf,cell,mean_fill,r3/c3,0.03734143228530884
crop_free,convnext_tiny,a3_imagenet_convnext_tiny_cf,range,blur,max_minus_min,0.10763758633136748
crop_free,convnext_tiny,a3_imagenet_convnext_tiny_cf,range,gaussian_noise,max_minus_min,0.017205076217651365
crop_free,convnext_tiny,a3_imagenet_convnext_tiny_cf,range,mean_fill,max_minus_min,0.18203071374893187
crop_free,convnext_tiny,a3_imagenet_convnext_tiny_cf,spearman,blur|gaussian_noise,,0.6676470588235294
crop_free,convnext_tiny,a3_imagenet_convnext_tiny_cf,spearman,blur|mean_fill,,0.7176470588235294
crop_free,convnext_tiny,a3_imagenet_convnext_tiny_cf,spearman,gaussian_noise|mean_fill,,0.9352941176470588
exact,convnext_tiny,a3_imagenet_convnext_tiny_exact,cell,blur,r0/c0,0.028435091805458067
exact,convnext_tiny,a3_imagenet_convnext_tiny_exact,cell,blur,r0/c1,0.09683961050510406
exact,convnext_tiny,a3_imagenet_convnext_tiny_exact,cell,blur,r0/c2,0.0887188114643097
exact,convnext_tiny,a3_imagenet_convnext_tiny_exact,cell,blur,r0/c3,0.02732850387096405
exact,convnext_tiny,a3_imagenet_convnext_tiny_exact,cell,blur,r1/c0,0.06645691075325012
exact,convnext_tiny,a3_imagenet_convnext_tiny_exact,cell,blur,r1/c1,0.2450103432893753
exact,convnext_tiny,a3_imagenet_convnext_tiny_exact,cell,blur,r1/c2,0.238141991686821
exact,convnext_tiny,a3_imagenet_convnext_tiny_exact,cell,blur,r1/c3,0.06595002555847168
exact,convnext_tiny,a3_imagenet_convnext_tiny_exact,cell,blur,r2/c0,0.07700712635517121
exact,convnext_tiny,a3_imagenet_convnext_tiny_exact,cell,blur,r2/c1,0.24361424601078033
exact,convnext_tiny,a3_imagenet_convnext_tiny_exact,cell,blur,r2/c2,0.23698393642902374
exact,convnext_tiny,a3_imagenet_convnext_tiny_exact,cell,blur,r2/c3,0.08022270035743713
exact,convnext_tiny,a3_imagenet_convnext_tiny_exact,cell,blur,r3/c0,0.035181057286262515
exact,convnext_tiny,a3_imagenet_convnext_tiny_exact,cell,blur,r3/c1,0.11999318208694458
exact,convnext_tiny,a3_imagenet_convnext_tiny_exact,cell,blur,r3/c2,0.11344177610874176
exact,convnext_tiny,a3_imagenet_convnext_tiny_exact,cell,blur,r3/c3,0.03801860566139221
exact,convnext_tiny,a3_imagenet_convnext_tiny_exact,cell,gaussian_noise,r0/c0,0.004617977992693583
exact,convnext_tiny,a3_imagenet_convnext_tiny_exact,cell,gaussian_noise,r0/c1,0.010444009637832641
exact,convnext_tiny,a3_imagenet_convnext_tiny_exact,cell,gaussian_noise,r0/c2,0.010244653789202373
exact,convnext_tiny,a3_imagenet_convnext_tiny_exact,cell,gaussian_noise,r0/c3,0.004073285667101542
exact,convnext_tiny,a3_imagenet_convnext_tiny_exact,cell,gaussian_noise,r1/c0,0.009117760308583578
exact,convnext_tiny,a3_imagenet_convnext_tiny_exact,cell,gaussian_noise,r1/c1,0.03112618311246236
exact,convnext_tiny,a3_imagenet_convnext_tiny_exact,cell,gaussian_noise,r1/c2,0.03126017383734385
exact,convnext_tiny,a3_imagenet_convnext_tiny_exact,cell,gaussian_noise,r1/c3,0.010982155593236287
exact,convnext_tiny,a3_imagenet_convnext_tiny_exact,cell,gaussian_noise,r2/c0,0.007059288771947225
exact,convnext_tiny,a3_imagenet_convnext_tiny_exact,cell,gaussian_noise,r2/c1,0.027052896014849344
exact,convnext_tiny,a3_imagenet_convnext_tiny_exact,cell,gaussian_noise,r2/c2,0.02917088165283203
exact,convnext_tiny,a3_imagenet_convnext_tiny_exact,cell,gaussian_noise,r2/c3,0.009100790476799011
exact,convnext_tiny,a3_imagenet_convnext_tiny_exact,cell,gaussian_noise,r3/c0,0.003978472193082174
exact,convnext_tiny,a3_imagenet_convnext_tiny_exact,cell,gaussian_noise,r3/c1,0.00895527988274892
exact,convnext_tiny,a3_imagenet_convnext_tiny_exact,cell,gaussian_noise,r3/c2,0.00768417842388153
exact,convnext_tiny,a3_imagenet_convnext_tiny_exact,cell,gaussian_noise,r3/c3,0.00414772428671519
exact,convnext_tiny,a3_imagenet_convnext_tiny_exact,cell,mean_fill,r0/c0,0.0014763649225234985
exact,convnext_tiny,a3_imagenet_convnext_tiny_exact,cell,mean_fill,r0/c1,0.11019693224430084
exact,convnext_tiny,a3_imagenet_convnext_tiny_exact,cell,mean_fill,r0/c2,0.10399668736457825
exact,convnext_tiny,a3_imagenet_convnext_tiny_exact,cell,mean_fill,r0/c3,-0.0005579928398132324
exact,convnext_tiny,a3_imagenet_convnext_tiny_exact,cell,mean_fill,r1/c0,0.05518624653816223
exact,convnext_tiny,a3_imagenet_convnext_tiny_exact,cell,mean_fill,r1/c1,0.3569239186048508
exact,convnext_tiny,a3_imagenet_convnext_tiny_exact,cell,mean_fill,r1/c2,0.35034449608325957
exact,convnext_tiny,a3_imagenet_convnext_tiny_exact,cell,mean_fill,r1/c3,0.0487650661945343
exact,convnext_tiny,a3_imagenet_convnext_tiny_exact,cell,mean_fill,r2/c0,0.05196818451881409
exact,convnext_tiny,a3_imagenet_convnext_tiny_exact,cell,mean_fill,r2/c1,0.33849896137714386
exact,convnext_tiny,a3_imagenet_convnext_tiny_exact,cell,mean_fill,r2/c2,0.3236333322763443
exact,convnext_tiny,a3_imagenet_convnext_tiny_exact,cell,mean_fill,r2/c3,0.04818858072757721
exact,convnext_tiny,a3_imagenet_convnext_tiny_exact,cell,mean_fill,r3/c0,-0.0009765002250671387
exact,convnext_tiny,a3_imagenet_convnext_tiny_exact,cell,mean_fill,r3/c1,0.09131105496883392
exact,convnext_tiny,a3_imagenet_convnext_tiny_exact,cell,mean_fill,r3/c2,0.09213715028762817
exact,convnext_tiny,a3_imagenet_convnext_tiny_exact,cell,mean_fill,r3/c3,-0.004874974060058594
exact,convnext_tiny,a3_imagenet_convnext_tiny_exact,range,blur,max_minus_min,0.21768183941841124
exact,convnext_tiny,a3_imagenet_convnext_tiny_exact,range,gaussian_noise,max_minus_min,0.027281701644261677
exact,convnext_tiny,a3_imagenet_convnext_tiny_exact,range,mean_fill,max_minus_min,0.3617988926649094
exact,convnext_tiny,a3_imagenet_convnext_tiny_exact,spearman,blur|gaussian_noise,,0.8029411764705883
exact,convnext_tiny,a3_imagenet_convnext_tiny_exact,spearman,blur|mean_fill,,0.9235294117647058
exact,convnext_tiny,a3_imagenet_convnext_tiny_exact,spearman,gaussian_noise|mean_fill,,0.8794117647058824
crop_free,deit_small,a3_imagenet_deit_small_cf,cell,blur,r0/c0,0.031162096786499022
crop_free,deit_small,a3_imagenet_deit_small_cf,cell,blur,r0/c1,0.0575556832075119
crop_free,deit_small,a3_imagenet_deit_small_cf,cell,blur,r0/c2,0.06306068184375763
crop_free,deit_small,a3_imagenet_deit_small_cf,cell,blur,r0/c3,0.031240871953964234
crop_free,deit_small,a3_imagenet_deit_small_cf,cell,blur,r1/c0,0.04830594394207001
crop_free,deit_small,a3_imagenet_deit_small_cf,cell,blur,r1/c1,0.1539129051923752
crop_free,deit_small,a3_imagenet_deit_small_cf,cell,blur,r1/c2,0.16348747115135193
crop_free,deit_small,a3_imagenet_deit_small_cf,cell,blur,r1/c3,0.05065123953819275
crop_free,deit_small,a3_imagenet_deit_small_cf,cell,blur,r2/c0,0.058944617462158205
crop_free,deit_small,a3_imagenet_deit_small_cf,cell,blur,r2/c1,0.14307618250846862
crop_free,deit_small,a3_imagenet_deit_small_cf,cell,blur,r2/c2,0.12703009910583496
crop_free,deit_small,a3_imagenet_deit_small_cf,cell,blur,r2/c3,0.04975698983669281
crop_free,deit_small,a3_imagenet_deit_small_cf,cell,blur,r3/c0,0.03879007580280304
crop_free,deit_small,a3_imagenet_deit_small_cf,cell,blur,r3/c1,0.06391373581886292
crop_free,deit_small,a3_imagenet_deit_small_cf,cell,blur,r3/c2,0.05809745812416077
crop_free,deit_small,a3_imagenet_deit_small_cf,cell,blur,r3/c3,0.03864938387870789
crop_free,deit_small,a3_imagenet_deit_small_cf,cell,gaussian_noise,r0/c0,0.02145485593477885
crop_free,deit_small,a3_imagenet_deit_small_cf,cell,gaussian_noise,r0/c1,0.02236100025177002
crop_free,deit_small,a3_imagenet_deit_small_cf,cell,gaussian_noise,r0/c2,0.021874374477068585
crop_free,deit_small,a3_imagenet_deit_small_cf,cell,gaussian_noise,r0/c3,0.02359608689149221
crop_free,deit_small,a3_imagenet_deit_small_cf,cell,gaussian_noise,r1/c0,0.018958215467135112
crop_free,deit_small,a3_imagenet_deit_small_cf,cell,gaussian_noise,r1/c1,0.017239253457387287
crop_free,deit_small,a3_imagenet_deit_small_cf,cell,gaussian_noise,r1/c2,0.015505235107739766
crop_free,deit_small,a3_imagenet_deit_small_cf,cell,gaussian_noise,r1/c3,0.01986900316874186
crop_free,deit_small,a3_imagenet_deit_small_cf,cell,gaussian_noise,r2/c0,0.014396153426170349
crop_free,deit_small,a3_imagenet_deit_small_cf,cell,gaussian_noise,r2/c1,0.012254571795463562
crop_free,deit_small,a3_imagenet_deit_small_cf,cell,gaussian_noise,r2/c2,0.013071393211682637
crop_free,deit_small,a3_imagenet_deit_small_cf,cell,gaussian_noise,r2/c3,0.014591507720947266
crop_free,deit_small,a3_imagenet_deit_small_cf,cell,gaussian_noise,r3/c0,0.014117030262947082
crop_free,deit_small,a3_imagenet_deit_small_cf,cell,gaussian_noise,r3/c1,0.013245482381184896
crop_free,deit_small,a3_imagenet_deit_small_cf,cell,gaussian_noise,r3/c2,0.014949616773923239
crop_free,deit_small,a3_imagenet_deit_small_cf,cell,gaussian_noise,r3/c3,0.014991707460085551
crop_free,deit_small,a3_imagenet_deit_small_cf,cell,mean_fill,r0/c0,0.025047076106071473
crop_free,deit_small,a3_imagenet_deit_small_cf,cell,mean_fill,r0/c1,0.08313887140750885
crop_free,deit_small,a3_imagenet_deit_small_cf,cell,mean_fill,r0/c2,0.09554038236141205
crop_free,deit_small,a3_imagenet_deit_small_cf,cell,mean_fill,r0/c3,0.024779026937484742
crop_free,deit_small,a3_imagenet_deit_small_cf,cell,mean_fill,r1/c0,0.08776131122112274
crop_free,deit_small,a3_imagenet_deit_small_cf,cell,mean_fill,r1/c1,0.21667226450443267
crop_free,deit_small,a3_imagenet_deit_small_cf,cell,mean_fill,r1/c2,0.2427871193408966
crop_free,deit_small,a3_imagenet_deit_small_cf,cell,mean_fill,r1/c3,0.09473378608226776
crop_free,deit_small,a3_imagenet_deit_small_cf,cell,mean_fill,r2/c0,0.10035427143573761
crop_free,deit_small,a3_imagenet_deit_small_cf,cell,mean_fill,r2/c1,0.20663352620601655
crop_free,deit_small,a3_imagenet_deit_small_cf,cell,mean_fill,r2/c2,0.19134655013084412
crop_free,deit_small,a3_imagenet_deit_small_cf,cell,mean_fill,r2/c3,0.08324707005023957
crop_free,deit_small,a3_imagenet_deit_small_cf,cell,mean_fill,r3/c0,0.05921385018825531
crop_free,deit_small,a3_imagenet_deit_small_cf,cell,mean_fill,r3/c1,0.09976478688716889
crop_free,deit_small,a3_imagenet_deit_small_cf,cell,mean_fill,r3/c2,0.0837742211341858
crop_free,deit_small,a3_imagenet_deit_small_cf,cell,mean_fill,r3/c3,0.0345493168592453
crop_free,deit_small,a3_imagenet_deit_small_cf,range,blur,max_minus_min,0.1323253743648529
crop_free,deit_small,a3_imagenet_deit_small_cf,range,gaussian_noise,max_minus_min,0.011341515096028647
crop_free,deit_small,a3_imagenet_deit_small_cf,range,mean_fill,max_minus_min,0.21800809240341187
crop_free,deit_small,a3_imagenet_deit_small_cf,spearman,blur|gaussian_noise,,-0.4088235294117647
crop_free,deit_small,a3_imagenet_deit_small_cf,spearman,blur|mean_fill,,0.95
crop_free,deit_small,a3_imagenet_deit_small_cf,spearman,gaussian_noise|mean_fill,,-0.4441176470588235
exact,deit_small,a3_imagenet_deit_small_exact,cell,blur,r0/c0,0.021920702648162843
exact,deit_small,a3_imagenet_deit_small_exact,cell,blur,r0/c1,0.07161168367862701
exact,deit_small,a3_imagenet_deit_small_exact,cell,blur,r0/c2,0.07316546680927277
exact,deit_small,a3_imagenet_deit_small_exact,cell,blur,r0/c3,0.02600574781894684
exact,deit_small,a3_imagenet_deit_small_exact,cell,blur,r1/c0,0.045954601788520816
exact,deit_small,a3_imagenet_deit_small_exact,cell,blur,r1/c1,0.18717150456905365
exact,deit_small,a3_imagenet_deit_small_exact,cell,blur,r1/c2,0.1957723879098892
exact,deit_small,a3_imagenet_deit_small_exact,cell,blur,r1/c3,0.04712231416702271
exact,deit_small,a3_imagenet_deit_small_exact,cell,blur,r2/c0,0.05285083527565002
exact,deit_small,a3_imagenet_deit_small_exact,cell,blur,r2/c1,0.1730599369764328
exact,deit_small,a3_imagenet_deit_small_exact,cell,blur,r2/c2,0.16249068381786347
exact,deit_small,a3_imagenet_deit_small_exact,cell,blur,r2/c3,0.04253473954200745
exact,deit_small,a3_imagenet_deit_small_exact,cell,blur,r3/c0,0.026013321471214296
exact,deit_small,a3_imagenet_deit_small_exact,cell,blur,r3/c1,0.07884400124549866
exact,deit_small,a3_imagenet_deit_small_exact,cell,blur,r3/c2,0.0748559154510498
exact,deit_small,a3_imagenet_deit_small_exact,cell,blur,r3/c3,0.026398366737365724
exact,deit_small,a3_imagenet_deit_small_exact,cell,gaussian_noise,r0/c0,0.02355039918422699
exact,deit_small,a3_imagenet_deit_small_exact,cell,gaussian_noise,r0/c1,0.026888635794321696
exact,deit_small,a3_imagenet_deit_small_exact,cell,gaussian_noise,r0/c2,0.026622232047716778
exact,deit_small,a3_imagenet_deit_small_exact,cell,gaussian_noise,r0/c3,0.02543251612186432
exact,deit_small,a3_imagenet_deit_small_exact,cell,gaussian_noise,r1/c0,0.02325624901453654
exact,deit_small,a3_imagenet_deit_small_exact,cell,gaussian_noise,r1/c1,0.03227588258584341
exact,deit_small,a3_imagenet_deit_small_exact,cell,gaussian_noise,r1/c2,0.032468041404088335
exact,deit_small,a3_imagenet_deit_small_exact,cell,gaussian_noise,r1/c3,0.02333579908212026
exact,deit_small,a3_imagenet_deit_small_exact,cell,gaussian_noise,r2/c0,0.02026892740726471
exact,deit_small,a3_imagenet_deit_small_exact,cell,gaussian_noise,r2/c1,0.02939722492694855
exact,deit_small,a3_imagenet_deit_small_exact,cell,gaussian_noise,r2/c2,0.027012424747149148
exact,deit_small,a3_imagenet_deit_small_exact,cell,gaussian_noise,r2/c3,0.02086610585053762
exact,deit_small,a3_imagenet_deit_small_exact,cell,gaussian_noise,r3/c0,0.015888232994079588
exact,deit_small,a3_imagenet_deit_small_exact,cell,gaussian_noise,r3/c1,0.023164136942227683
exact,deit_small,a3_imagenet_deit_small_exact,cell,gaussian_noise,r3/c2,0.02168275639216105
exact,deit_small,a3_imagenet_deit_small_exact,cell,gaussian_noise,r3/c3,0.016754922445615134
exact,deit_small,a3_imagenet_deit_small_exact,cell,mean_fill,r0/c0,-0.012519042754173279
exact,deit_small,a3_imagenet_deit_small_exact,cell,mean_fill,r0/c1,0.10524610736370087
exact,deit_small,a3_imagenet_deit_small_exact,cell,mean_fill,r0/c2,0.10819898595809936
exact,deit_small,a3_imagenet_deit_small_exact,cell,mean_fill,r0/c3,-0.006671255517005921
exact,deit_small,a3_imagenet_deit_small_exact,cell,mean_fill,r1/c0,0.04928470041751862
exact,deit_small,a3_imagenet_deit_small_exact,cell,mean_fill,r1/c1,0.28542205317020414
exact,deit_small,a3_imagenet_deit_small_exact,cell,mean_fill,r1/c2,0.31067412872314454
exact,deit_small,a3_imagenet_deit_small_exact,cell,mean_fill,r1/c3,0.05694524254798889
exact,deit_small,a3_imagenet_deit_small_exact,cell,mean_fill,r2/c0,0.05619901595115662
exact,deit_small,a3_imagenet_deit_small_exact,cell,mean_fill,r2/c1,0.27203221786022186
exact,deit_small,a3_imagenet_deit_small_exact,cell,mean_fill,r2/c2,0.27056850180625913
exact,deit_small,a3_imagenet_deit_small_exact,cell,mean_fill,r2/c3,0.05088205378055573
exact,deit_small,a3_imagenet_deit_small_exact,cell,mean_fill,r3/c0,-0.004670104098320007
exact,deit_small,a3_imagenet_deit_small_exact,cell,mean_fill,r3/c1,0.11089303262233734
exact,deit_small,a3_imagenet_deit_small_exact,cell,mean_fill,r3/c2,0.09588023474216462
exact,deit_small,a3_imagenet_deit_small_exact,cell,mean_fill,r3/c3,-0.004561485600471497
exact,deit_small,a3_imagenet_deit_small_exact,range,blur,max_minus_min,0.17385168526172637
exact,deit_small,a3_imagenet_deit_small_exact,range,gaussian_noise,max_minus_min,0.016579808410008747
exact,deit_small,a3_imagenet_deit_small_exact,range,mean_fill,max_minus_min,0.3231931714773178
exact,deit_small,a3_imagenet_deit_small_exact,spearman,blur|gaussian_noise,,0.6382352941176471
exact,deit_small,a3_imagenet_deit_small_exact,spearman,blur|mean_fill,,0.9852941176470588
exact,deit_small,a3_imagenet_deit_small_exact,spearman,gaussian_noise|mean_fill,,0.6823529411764706
crop_free,mobilenetv2_050,imagenet_mnv2_050_crop_free_k3,cell,blur,r0/c0,0.02248740027397871
crop_free,mobilenetv2_050,imagenet_mnv2_050_crop_free_k3,cell,blur,r0/c1,0.06043908674418926
crop_free,mobilenetv2_050,imagenet_mnv2_050_crop_free_k3,cell,blur,r0/c2,0.05627092419564724
crop_free,mobilenetv2_050,imagenet_mnv2_050_crop_free_k3,cell,blur,r0/c3,0.022026577685773374
crop_free,mobilenetv2_050,imagenet_mnv2_050_crop_free_k3,cell,blur,r1/c0,0.051301556749641895
crop_free,mobilenetv2_050,imagenet_mnv2_050_crop_free_k3,cell,blur,r1/c1,0.18514319051057102
crop_free,mobilenetv2_050,imagenet_mnv2_050_crop_free_k3,cell,blur,r1/c2,0.1848685967847705
crop_free,mobilenetv2_050,imagenet_mnv2_050_crop_free_k3,cell,blur,r1/c3,0.05108698060810566
crop_free,mobilenetv2_050,imagenet_mnv2_050_crop_free_k3,cell,blur,r2/c0,0.05427683217599988
crop_free,mobilenetv2_050,imagenet_mnv2_050_crop_free_k3,cell,blur,r2/c1,0.17155148622393607
crop_free,mobilenetv2_050,imagenet_mnv2_050_crop_free_k3,cell,blur,r2/c2,0.16757094755917787
crop_free,mobilenetv2_050,imagenet_mnv2_050_crop_free_k3,cell,blur,r2/c3,0.053230314119160176
crop_free,mobilenetv2_050,imagenet_mnv2_050_crop_free_k3,cell,blur,r3/c0,0.028641257180273532
crop_free,mobilenetv2_050,imagenet_mnv2_050_crop_free_k3,cell,blur,r3/c1,0.04831265645176172
crop_free,mobilenetv2_050,imagenet_mnv2_050_crop_free_k3,cell,blur,r3/c2,0.04768095755279064
crop_free,mobilenetv2_050,imagenet_mnv2_050_crop_free_k3,cell,blur,r3/c3,0.02121743262410164
crop_free,mobilenetv2_050,imagenet_mnv2_050_crop_free_k3,cell,gaussian_noise,r0/c0,0.002922307207683722
crop_free,mobilenetv2_050,imagenet_mnv2_050_crop_free_k3,cell,gaussian_noise,r0/c1,0.005975956548253695
crop_free,mobilenetv2_050,imagenet_mnv2_050_crop_free_k3,cell,gaussian_noise,r0/c2,0.004216302672028541
crop_free,mobilenetv2_050,imagenet_mnv2_050_crop_free_k3,cell,gaussian_noise,r0/c3,0.002138030924896399
crop_free,mobilenetv2_050,imagenet_mnv2_050_crop_free_k3,cell,gaussian_noise,r1/c0,0.005471033514539401
crop_free,mobilenetv2_050,imagenet_mnv2_050_crop_free_k3,cell,gaussian_noise,r1/c1,0.01467871042639017
crop_free,mobilenetv2_050,imagenet_mnv2_050_crop_free_k3,cell,gaussian_noise,r1/c2,0.013770277580122153
crop_free,mobilenetv2_050,imagenet_mnv2_050_crop_free_k3,cell,gaussian_noise,r1/c3,0.004029403193295002
crop_free,mobilenetv2_050,imagenet_mnv2_050_crop_free_k3,cell,gaussian_noise,r2/c0,0.0035879972557226816
crop_free,mobilenetv2_050,imagenet_mnv2_050_crop_free_k3,cell,gaussian_noise,r2/c1,0.011542287066578866
crop_free,mobilenetv2_050,imagenet_mnv2_050_crop_free_k3,cell,gaussian_noise,r2/c2,0.01296287449846665
crop_free,mobilenetv2_050,imagenet_mnv2_050_crop_free_k3,cell,gaussian_noise,r2/c3,0.004042752838631471
crop_free,mobilenetv2_050,imagenet_mnv2_050_crop_free_k3,cell,gaussian_noise,r3/c0,0.00256593606621027
crop_free,mobilenetv2_050,imagenet_mnv2_050_crop_free_k3,cell,gaussian_noise,r3/c1,0.003875042421122392
crop_free,mobilenetv2_050,imagenet_mnv2_050_crop_free_k3,cell,gaussian_noise,r3/c2,0.004146237257122994
crop_free,mobilenetv2_050,imagenet_mnv2_050_crop_free_k3,cell,gaussian_noise,r3/c3,0.00016475428640842438
crop_free,mobilenetv2_050,imagenet_mnv2_050_crop_free_k3,cell,mean_fill,r0/c0,0.01982107706218958
crop_free,mobilenetv2_050,imagenet_mnv2_050_crop_free_k3,cell,mean_fill,r0/c1,0.10340795237720013
crop_free,mobilenetv2_050,imagenet_mnv2_050_crop_free_k3,cell,mean_fill,r0/c2,0.0823187826409936
crop_free,mobilenetv2_050,imagenet_mnv2_050_crop_free_k3,cell,mean_fill,r0/c3,0.01073765226751566
crop_free,mobilenetv2_050,imagenet_mnv2_050_crop_free_k3,cell,mean_fill,r1/c0,0.06274566188231111
crop_free,mobilenetv2_050,imagenet_mnv2_050_crop_free_k3,cell,mean_fill,r1/c1,0.2924688178986311
crop_free,mobilenetv2_050,imagenet_mnv2_050_crop_free_k3,cell,mean_fill,r1/c2,0.2806130194380879
crop_free,mobilenetv2_050,imagenet_mnv2_050_crop_free_k3,cell,mean_fill,r1/c3,0.05613526328057051
crop_free,mobilenetv2_050,imagenet_mnv2_050_crop_free_k3,cell,mean_fill,r2/c0,0.05870742494463921
crop_free,mobilenetv2_050,imagenet_mnv2_050_crop_free_k3,cell,mean_fill,r2/c1,0.25242102973759173
crop_free,mobilenetv2_050,imagenet_mnv2_050_crop_free_k3,cell,mean_fill,r2/c2,0.23477955295294523
crop_free,mobilenetv2_050,imagenet_mnv2_050_crop_free_k3,cell,mean_fill,r2/c3,0.04936945563852787
crop_free,mobilenetv2_050,imagenet_mnv2_050_crop_free_k3,cell,mean_fill,r3/c0,0.02070791580080986
crop_free,mobilenetv2_050,imagenet_mnv2_050_crop_free_k3,cell,mean_fill,r3/c1,0.06826219475269317
crop_free,mobilenetv2_050,imagenet_mnv2_050_crop_free_k3,cell,mean_fill,r3/c2,0.0653819293692708
crop_free,mobilenetv2_050,imagenet_mnv2_050_crop_free_k3,cell,mean_fill,r3/c3,0.00975876631140709
crop_free,mobilenetv2_050,imagenet_mnv2_050_crop_free_k3,range,blur,max_minus_min,0.16392575788646938
crop_free,mobilenetv2_050,imagenet_mnv2_050_crop_free_k3,range,gaussian_noise,max_minus_min,0.014513956139981746
crop_free,mobilenetv2_050,imagenet_mnv2_050_crop_free_k3,range,mean_fill,max_minus_min,0.282710051587224
crop_free,mobilenetv2_050,imagenet_mnv2_050_crop_free_k3,spearman,blur|gaussian_noise,,0.9176470588235294
crop_free,mobilenetv2_050,imagenet_mnv2_050_crop_free_k3,spearman,blur|mean_fill,,0.9147058823529413
crop_free,mobilenetv2_050,imagenet_mnv2_050_crop_free_k3,spearman,gaussian_noise|mean_fill,,0.9352941176470588
exact,mobilenetv2_050,imagenet_mnv2_050_exact_k3,cell,blur,r0/c0,0.019788074531406165
exact,mobilenetv2_050,imagenet_mnv2_050_exact_k3,cell,blur,r0/c1,0.06744978590458632
exact,mobilenetv2_050,imagenet_mnv2_050_exact_k3,cell,blur,r0/c2,0.06641382795199752
exact,mobilenetv2_050,imagenet_mnv2_050_exact_k3,cell,blur,r0/c3,0.013147196039557456
exact,mobilenetv2_050,imagenet_mnv2_050_exact_k3,cell,blur,r1/c0,0.036619055340439084
exact,mobilenetv2_050,imagenet_mnv2_050_exact_k3,cell,blur,r1/c1,0.24343733599409462
exact,mobilenetv2_050,imagenet_mnv2_050_exact_k3,cell,blur,r1/c2,0.2443122772194445
exact,mobilenetv2_050,imagenet_mnv2_050_exact_k3,cell,blur,r1/c3,0.0385124493226409
exact,mobilenetv2_050,imagenet_mnv2_050_exact_k3,cell,blur,r2/c0,0.045586505398899316
exact,mobilenetv2_050,imagenet_mnv2_050_exact_k3,cell,blur,r2/c1,0.21318767992854118
exact,mobilenetv2_050,imagenet_mnv2_050_exact_k3,cell,blur,r2/c2,0.2245055204860866
exact,mobilenetv2_050,imagenet_mnv2_050_exact_k3,cell,blur,r2/c3,0.042119726987183095
exact,mobilenetv2_050,imagenet_mnv2_050_exact_k3,cell,blur,r3/c0,0.018475651340931654
exact,mobilenetv2_050,imagenet_mnv2_050_exact_k3,cell,blur,r3/c1,0.06218337820246816
exact,mobilenetv2_050,imagenet_mnv2_050_exact_k3,cell,blur,r3/c2,0.0584232747964561
exact,mobilenetv2_050,imagenet_mnv2_050_exact_k3,cell,blur,r3/c3,0.015171580301970243
exact,mobilenetv2_050,imagenet_mnv2_050_exact_k3,cell,gaussian_noise,r0/c0,0.0018200715924302736
exact,mobilenetv2_050,imagenet_mnv2_050_exact_k3,cell,gaussian_noise,r0/c1,0.005308996769537528
exact,mobilenetv2_050,imagenet_mnv2_050_exact_k3,cell,gaussian_noise,r0/c2,0.005622611863662799
exact,mobilenetv2_050,imagenet_mnv2_050_exact_k3,cell,gaussian_noise,r0/c3,0.0028979648855825264
exact,mobilenetv2_050,imagenet_mnv2_050_exact_k3,cell,gaussian_noise,r1/c0,0.004817588321119547
exact,mobilenetv2_050,imagenet_mnv2_050_exact_k3,cell,gaussian_noise,r1/c1,0.025427706508586802
exact,mobilenetv2_050,imagenet_mnv2_050_exact_k3,cell,gaussian_noise,r1/c2,0.018419984841843446
exact,mobilenetv2_050,imagenet_mnv2_050_exact_k3,cell,gaussian_noise,r1/c3,0.004997793777783712
exact,mobilenetv2_050,imagenet_mnv2_050_exact_k3,cell,gaussian_noise,r2/c0,0.007221705842763186
exact,mobilenetv2_050,imagenet_mnv2_050_exact_k3,cell,gaussian_noise,r2/c1,0.02356378658687075
exact,mobilenetv2_050,imagenet_mnv2_050_exact_k3,cell,gaussian_noise,r2/c2,0.024285182482252518
exact,mobilenetv2_050,imagenet_mnv2_050_exact_k3,cell,gaussian_noise,r2/c3,0.004795801230023305
exact,mobilenetv2_050,imagenet_mnv2_050_exact_k3,cell,gaussian_noise,r3/c0,0.0016139544166624547
exact,mobilenetv2_050,imagenet_mnv2_050_exact_k3,cell,gaussian_noise,r3/c1,0.008259202590833108
exact,mobilenetv2_050,imagenet_mnv2_050_exact_k3,cell,gaussian_noise,r3/c2,0.00637853312479953
exact,mobilenetv2_050,imagenet_mnv2_050_exact_k3,cell,gaussian_noise,r3/c3,0.0017270872491101424
exact,mobilenetv2_050,imagenet_mnv2_050_exact_k3,cell,mean_fill,r0/c0,0.022249567737430333
exact,mobilenetv2_050,imagenet_mnv2_050_exact_k3,cell,mean_fill,r0/c1,0.0951317519761622
exact,mobilenetv2_050,imagenet_mnv2_050_exact_k3,cell,mean_fill,r0/c2,0.08402633108273148
exact,mobilenetv2_050,imagenet_mnv2_050_exact_k3,cell,mean_fill,r0/c3,0.012362527310103177
exact,mobilenetv2_050,imagenet_mnv2_050_exact_k3,cell,mean_fill,r1/c0,0.04258655299469829
exact,mobilenetv2_050,imagenet_mnv2_050_exact_k3,cell,mean_fill,r1/c1,0.30314879807308315
exact,mobilenetv2_050,imagenet_mnv2_050_exact_k3,cell,mean_fill,r1/c2,0.2936909128420055
exact,mobilenetv2_050,imagenet_mnv2_050_exact_k3,cell,mean_fill,r1/c3,0.03905977642163634
exact,mobilenetv2_050,imagenet_mnv2_050_exact_k3,cell,mean_fill,r2/c0,0.049171635306626556
exact,mobilenetv2_050,imagenet_mnv2_050_exact_k3,cell,mean_fill,r2/c1,0.24760296018645167
exact,mobilenetv2_050,imagenet_mnv2_050_exact_k3,cell,mean_fill,r2/c2,0.25345305602177975
exact,mobilenetv2_050,imagenet_mnv2_050_exact_k3,cell,mean_fill,r2/c3,0.04246680854335427
exact,mobilenetv2_050,imagenet_mnv2_050_exact_k3,cell,mean_fill,r3/c0,0.017968732050806284
exact,mobilenetv2_050,imagenet_mnv2_050_exact_k3,cell,mean_fill,r3/c1,0.072616718211025
exact,mobilenetv2_050,imagenet_mnv2_050_exact_k3,cell,mean_fill,r3/c2,0.0664598665677011
exact,mobilenetv2_050,imagenet_mnv2_050_exact_k3,cell,mean_fill,r3/c3,0.013156845063716173
exact,mobilenetv2_050,imagenet_mnv2_050_exact_k3,range,blur,max_minus_min,0.23116508117988704
exact,mobilenetv2_050,imagenet_mnv2_050_exact_k3,range,gaussian_noise,max_minus_min,0.023813752091924347
exact,mobilenetv2_050,imagenet_mnv2_050_exact_k3,range,mean_fill,max_minus_min,0.29078627076297997
exact,mobilenetv2_050,imagenet_mnv2_050_exact_k3,spearman,blur|gaussian_noise,,0.9029411764705882
exact,mobilenetv2_050,imagenet_mnv2_050_exact_k3,spearman,blur|mean_fill,,0.988235294117647
exact,mobilenetv2_050,imagenet_mnv2_050_exact_k3,spearman,gaussian_noise|mean_fill,,0.911764705882353
crop_free,mobilenetv2_100,imagenet_mnv2_100_crop_free_k3,cell,blur,r0/c0,0.02204808130264282
crop_free,mobilenetv2_100,imagenet_mnv2_100_crop_free_k3,cell,blur,r0/c1,0.0643960357427597
crop_free,mobilenetv2_100,imagenet_mnv2_100_crop_free_k3,cell,blur,r0/c2,0.05927976183891297
crop_free,mobilenetv2_100,imagenet_mnv2_100_crop_free_k3,cell,blur,r0/c3,0.01930377814769745
crop_free,mobilenetv2_100,imagenet_mnv2_100_crop_free_k3,cell,blur,r1/c0,0.047276178431510926
crop_free,mobilenetv2_100,imagenet_mnv2_100_crop_free_k3,cell,blur,r1/c1,0.18788583958148955
crop_free,mobilenetv2_100,imagenet_mnv2_100_crop_free_k3,cell,blur,r1/c2,0.1855035338640213
crop_free,mobilenetv2_100,imagenet_mnv2_100_crop_free_k3,cell,blur,r1/c3,0.04150808563232422
crop_free,mobilenetv2_100,imagenet_mnv2_100_crop_free_k3,cell,blur,r2/c0,0.05234402885437012
crop_free,mobilenetv2_100,imagenet_mnv2_100_crop_free_k3,cell,blur,r2/c1,0.1641593570947647
crop_free,mobilenetv2_100,imagenet_mnv2_100_crop_free_k3,cell,blur,r2/c2,0.1718581603527069
crop_free,mobilenetv2_100,imagenet_mnv2_100_crop_free_k3,cell,blur,r2/c3,0.042469925951957706
crop_free,mobilenetv2_100,imagenet_mnv2_100_crop_free_k3,cell,blur,r3/c0,0.026898693799972534
crop_free,mobilenetv2_100,imagenet_mnv2_100_crop_free_k3,cell,blur,r3/c1,0.05088568425178528
crop_free,mobilenetv2_100,imagenet_mnv2_100_crop_free_k3,cell,blur,r3/c2,0.04379565131664276
crop_free,mobilenetv2_100,imagenet_mnv2_100_crop_free_k3,cell,blur,r3/c3,0.021256384587287902
crop_free,mobilenetv2_100,imagenet_mnv2_100_crop_free_k3,cell,gaussian_noise,r0/c0,0.0024161611636479697
crop_free,mobilenetv2_100,imagenet_mnv2_100_crop_free_k3,cell,gaussian_noise,r0/c1,0.007978164347012838
crop_free,mobilenetv2_100,imagenet_mnv2_100_crop_free_k3,cell,gaussian_noise,r0/c2,0.006957527923583984
crop_free,mobilenetv2_100,imagenet_mnv2_100_crop_free_k3,cell,gaussian_noise,r0/c3,0.0010725310802459716
crop_free,mobilenetv2_100,imagenet_mnv2_100_crop_free_k3,cell,gaussian_noise,r1/c0,0.0028847136815388997
crop_free,mobilenetv2_100,imagenet_mnv2_100_crop_free_k3,cell,gaussian_noise,r1/c1,0.020075784587860107
crop_free,mobilenetv2_100,imagenet_mnv2_100_crop_free_k3,cell,gaussian_noise,r1/c2,0.01788774360815684
crop_free,mobilenetv2_100,imagenet_mnv2_100_crop_free_k3,cell,gaussian_noise,r1/c3,0.002490796875953674
crop_free,mobilenetv2_100,imagenet_mnv2_100_crop_free_k3,cell,gaussian_noise,r2/c0,0.007066906754175822
crop_free,mobilenetv2_100,imagenet_mnv2_100_crop_free_k3,cell,gaussian_noise,r2/c1,0.018179651816685995
crop_free,mobilenetv2_100,imagenet_mnv2_100_crop_free_k3,cell,gaussian_noise,r2/c2,0.016321833976109822
crop_free,mobilenetv2_100,imagenet_mnv2_100_crop_free_k3,cell,gaussian_noise,r2/c3,0.006553785022099813
crop_free,mobilenetv2_100,imagenet_mnv2_100_crop_free_k3,cell,gaussian_noise,r3/c0,0.004877724933624267
crop_free,mobilenetv2_100,imagenet_mnv2_100_crop_free_k3,cell,gaussian_noise,r3/c1,0.007629475688934326
crop_free,mobilenetv2_100,imagenet_mnv2_100_crop_free_k3,cell,gaussian_noise,r3/c2,0.0031779003620147706
crop_free,mobilenetv2_100,imagenet_mnv2_100_crop_free_k3,cell,gaussian_noise,r3/c3,0.0018287527004877727
crop_free,mobilenetv2_100,imagenet_mnv2_100_crop_free_k3,cell,mean_fill,r0/c0,0.01766960690021515
crop_free,mobilenetv2_100,imagenet_mnv2_100_crop_free_k3,cell,mean_fill,r0/c1,0.08265186855793
crop_free,mobilenetv2_100,imagenet_mnv2_100_crop_free_k3,cell,mean_fill,r0/c2,0.07826154208183289
crop_free,mobilenetv2_100,imagenet_mnv2_100_crop_free_k3,cell,mean_fill,r0/c3,0.008287521529197693
crop_free,mobilenetv2_100,imagenet_mnv2_100_crop_free_k3,cell,mean_fill,r1/c0,0.05689919400215149
crop_free,mobilenetv2_100,imagenet_mnv2_100_crop_free_k3,cell,mean_fill,r1/c1,0.23800592005252838
crop_free,mobilenetv2_100,imagenet_mnv2_100_crop_free_k3,cell,mean_fill,r1/c2,0.2447900680065155
crop_free,mobilenetv2_100,imagenet_mnv2_100_crop_free_k3,cell,mean_fill,r1/c3,0.04645536341667175
crop_free,mobilenetv2_100,imagenet_mnv2_100_crop_free_k3,cell,mean_fill,r2/c0,0.05619929792881012
crop_free,mobilenetv2_100,imagenet_mnv2_100_crop_free_k3,cell,mean_fill,r2/c1,0.1927610182285309
crop_free,mobilenetv2_100,imagenet_mnv2_100_crop_free_k3,cell,mean_fill,r2/c2,0.19766831538677215
crop_free,mobilenetv2_100,imagenet_mnv2_100_crop_free_k3,cell,mean_fill,r2/c3,0.049616769671440124
crop_free,mobilenetv2_100,imagenet_mnv2_100_crop_free_k3,cell,mean_fill,r3/c0,0.019536529350280763
crop_free,mobilenetv2_100,imagenet_mnv2_100_crop_free_k3,cell,mean_fill,r3/c1,0.05796873767375946
crop_free,mobilenetv2_100,imagenet_mnv2_100_crop_free_k3,cell,mean_fill,r3/c2,0.0558758691072464
crop_free,mobilenetv2_100,imagenet_mnv2_100_crop_free_k3,cell,mean_fill,r3/c3,0.01976275169849396
crop_free,mobilenetv2_100,imagenet_mnv2_100_crop_free_k3,range,blur,max_minus_min,0.1685820614337921
crop_free,mobilenetv2_100,imagenet_mnv2_100_crop_free_k3,range,gaussian_noise,max_minus_min,0.019003253507614136
crop_free,mobilenetv2_100,imagenet_mnv2_100_crop_free_k3,range,mean_fill,max_minus_min,0.2365025464773178
crop_free,mobilenetv2_100,imagenet_mnv2_100_crop_free_k3,spearman,blur|gaussian_noise,,0.9441176470588234
crop_free,mobilenetv2_100,imagenet_mnv2_100_crop_free_k3,spearman,blur|mean_fill,,0.9794117647058824
crop_free,mobilenetv2_100,imagenet_mnv2_100_crop_free_k3,spearman,gaussian_noise|mean_fill,,0.9088235294117648
exact,mobilenetv2_100,imagenet_mnv2_100_exact_k3,cell,blur,r0/c0,0.02065172035694122
exact,mobilenetv2_100,imagenet_mnv2_100_exact_k3,cell,blur,r0/c1,0.06831730065345765
exact,mobilenetv2_100,imagenet_mnv2_100_exact_k3,cell,blur,r0/c2,0.06722898638248444
exact,mobilenetv2_100,imagenet_mnv2_100_exact_k3,cell,blur,r0/c3,0.010252952241897583
exact,mobilenetv2_100,imagenet_mnv2_100_exact_k3,cell,blur,r1/c0,0.042306454730033874
exact,mobilenetv2_100,imagenet_mnv2_100_exact_k3,cell,blur,r1/c1,0.2348075229883194
exact,mobilenetv2_100,imagenet_mnv2_100_exact_k3,cell,blur,r1/c2,0.2276127007007599
exact,mobilenetv2_100,imagenet_mnv2_100_exact_k3,cell,blur,r1/c3,0.03486667568683624
exact,mobilenetv2_100,imagenet_mnv2_100_exact_k3,cell,blur,r2/c0,0.03598937389850616
exact,mobilenetv2_100,imagenet_mnv2_100_exact_k3,cell,blur,r2/c1,0.2155924332141876
exact,mobilenetv2_100,imagenet_mnv2_100_exact_k3,cell,blur,r2/c2,0.2103522995710373
exact,mobilenetv2_100,imagenet_mnv2_100_exact_k3,cell,blur,r2/c3,0.03360292537212372
exact,mobilenetv2_100,imagenet_mnv2_100_exact_k3,cell,blur,r3/c0,0.012700310802459716
exact,mobilenetv2_100,imagenet_mnv2_100_exact_k3,cell,blur,r3/c1,0.05142544565200806
exact,mobilenetv2_100,imagenet_mnv2_100_exact_k3,cell,blur,r3/c2,0.04734189314842224
exact,mobilenetv2_100,imagenet_mnv2_100_exact_k3,cell,blur,r3/c3,0.01048924686908722
exact,mobilenetv2_100,imagenet_mnv2_100_exact_k3,cell,gaussian_noise,r0/c0,0.0029265044450759886
exact,mobilenetv2_100,imagenet_mnv2_100_exact_k3,cell,gaussian_noise,r0/c1,0.004662421369552612
exact,mobilenetv2_100,imagenet_mnv2_100_exact_k3,cell,gaussian_noise,r0/c2,0.006046594206492106
exact,mobilenetv2_100,imagenet_mnv2_100_exact_k3,cell,gaussian_noise,r0/c3,0.0021381081899007164
exact,mobilenetv2_100,imagenet_mnv2_100_exact_k3,cell,gaussian_noise,r1/c0,0.003579014309247335
exact,mobilenetv2_100,imagenet_mnv2_100_exact_k3,cell,gaussian_noise,r1/c1,0.02775459043979645
exact,mobilenetv2_100,imagenet_mnv2_100_exact_k3,cell,gaussian_noise,r1/c2,0.019187533593177795
exact,mobilenetv2_100,imagenet_mnv2_100_exact_k3,cell,gaussian_noise,r1/c3,0.003642316953341166
exact,mobilenetv2_100,imagenet_mnv2_100_exact_k3,cell,gaussian_noise,r2/c0,0.006530502446492513
exact,mobilenetv2_100,imagenet_mnv2_100_exact_k3,cell,gaussian_noise,r2/c1,0.02843903514544169
exact,mobilenetv2_100,imagenet_mnv2_100_exact_k3,cell,gaussian_noise,r2/c2,0.02375986892382304
exact,mobilenetv2_100,imagenet_mnv2_100_exact_k3,cell,gaussian_noise,r2/c3,0.005008768796920776
exact,mobilenetv2_100,imagenet_mnv2_100_exact_k3,cell,gaussian_noise,r3/c0,0.003443517518043518
exact,mobilenetv2_100,imagenet_mnv2_100_exact_k3,cell,gaussian_noise,r3/c1,0.008738542421658833
exact,mobilenetv2_100,imagenet_mnv2_100_exact_k3,cell,gaussian_noise,r3/c2,0.008590284856160481
exact,mobilenetv2_100,imagenet_mnv2_100_exact_k3,cell,gaussian_noise,r3/c3,0.0030145423014958698
exact,mobilenetv2_100,imagenet_mnv2_100_exact_k3,cell,mean_fill,r0/c0,0.019002250933647154
exact,mobilenetv2_100,imagenet_mnv2_100_exact_k3,cell,mean_fill,r0/c1,0.08072525629997253
exact,mobilenetv2_100,imagenet_mnv2_100_exact_k3,cell,mean_fill,r0/c2,0.07561362833976745
exact,mobilenetv2_100,imagenet_mnv2_100_exact_k3,cell,mean_fill,r0/c3,0.012087045216560365
exact,mobilenetv2_100,imagenet_mnv2_100_exact_k3,cell,mean_fill,r1/c0,0.04062077639102936
exact,mobilenetv2_100,imagenet_mnv2_100_exact_k3,cell,mean_fill,r1/c1,0.25837269270420077
exact,mobilenetv2_100,imagenet_mnv2_100_exact_k3,cell,mean_fill,r1/c2,0.2652245798110962
exact,mobilenetv2_100,imagenet_mnv2_100_exact_k3,cell,mean_fill,r1/c3,0.03591445381641388
exact,mobilenetv2_100,imagenet_mnv2_100_exact_k3,cell,mean_fill,r2/c0,0.03856577217578888
exact,mobilenetv2_100,imagenet_mnv2_100_exact_k3,cell,mean_fill,r2/c1,0.21592517178058623
exact,mobilenetv2_100,imagenet_mnv2_100_exact_k3,cell,mean_fill,r2/c2,0.2210411623239517
exact,mobilenetv2_100,imagenet_mnv2_100_exact_k3,cell,mean_fill,r2/c3,0.034098966002464294
exact,mobilenetv2_100,imagenet_mnv2_100_exact_k3,cell,mean_fill,r3/c0,0.015542163252830506
exact,mobilenetv2_100,imagenet_mnv2_100_exact_k3,cell,mean_fill,r3/c1,0.060933238363265994
exact,mobilenetv2_100,imagenet_mnv2_100_exact_k3,cell,mean_fill,r3/c2,0.05087764210700989
exact,mobilenetv2_100,imagenet_mnv2_100_exact_k3,cell,mean_fill,r3/c3,0.010933277130126953
exact,mobilenetv2_100,imagenet_mnv2_100_exact_k3,range,blur,max_minus_min,0.2245545707464218
exact,mobilenetv2_100,imagenet_mnv2_100_exact_k3,range,gaussian_noise,max_minus_min,0.026300926955540975
exact,mobilenetv2_100,imagenet_mnv2_100_exact_k3,range,mean_fill,max_minus_min,0.2542913026809693
exact,mobilenetv2_100,imagenet_mnv2_100_exact_k3,spearman,blur|gaussian_noise,,0.8823529411764707
exact,mobilenetv2_100,imagenet_mnv2_100_exact_k3,spearman,blur|mean_fill,,0.9911764705882352
exact,mobilenetv2_100,imagenet_mnv2_100_exact_k3,spearman,gaussian_noise|mean_fill,,0.8647058823529412
