section,comparison,cell_type,stat,value
grade_distribution,a_exact_k3,all,unreliable_share,0.58615625
grade_distribution,a_exact_k3,all,low_share,0.2699375
grade_distribution,a_exact_k3,all,moderate_share,0.0
grade_distribution,a_exact_k3,all,high_share,0.14390625
grade_distribution,a_exact_k3,all,exceeds_control_unavailable_share,0.0
grade_distribution,a_exact_k3,corner,unreliable_share,0.596
grade_distribution,a_exact_k3,corner,low_share,0.312375
grade_distribution,a_exact_k3,corner,moderate_share,0.0
grade_distribution,a_exact_k3,corner,high_share,0.091625
grade_distribution,a_exact_k3,corner,exceeds_control_unavailable_share,0.0
grade_distribution,a_exact_k3,edge,unreliable_share,0.5885
grade_distribution,a_exact_k3,edge,low_share,0.277375
grade_distribution,a_exact_k3,edge,moderate_share,0.0
grade_distribution,a_exact_k3,edge,high_share,0.134125
grade_distribution,a_exact_k3,edge,exceeds_control_unavailable_share,0.0
grade_distribution,a_exact_k3,center,unreliable_share,0.571625
grade_distribution,a_exact_k3,center,low_share,0.212625
grade_distribution,a_exact_k3,center,moderate_share,0.0
grade_distribution,a_exact_k3,center,high_share,0.21575
grade_distribution,a_exact_k3,center,exceeds_control_unavailable_share,0.0
grade_distribution,b_exact_k20,all,unreliable_share,0.58615625
grade_distribution,b_exact_k20,all,low_share,0.3555
grade_distribution,b_exact_k20,all,moderate_share,0.0
grade_distribution,b_exact_k20,all,high_share,0.05834375
grade_distribution,b_exact_k20,all,exceeds_control_unavailable_share,0.0
grade_distribution,b_exact_k20,corner,unreliable_share,0.596
grade_distribution,b_exact_k20,corner,low_share,0.387125
grade_distribution,b_exact_k20,corner,moderate_share,0.0
grade_distribution,b_exact_k20,corner,high_share,0.016875
grade_distribution,b_exact_k20,corner,exceeds_control_unavailable_share,0.0
grade_distribution,b_exact_k20,edge,unreliable_share,0.5885
grade_distribution,b_exact_k20,edge,low_share,0.3706875
grade_distribution,b_exact_k20,edge,moderate_share,0.0
grade_distribution,b_exact_k20,edge,high_share,0.0408125
grade_distribution,b_exact_k20,edge,exceeds_control_unavailable_share,0.0
grade_distribution,b_exact_k20,center,unreliable_share,0.571625
grade_distribution,b_exact_k20,center,low_share,0.2935
grade_distribution,b_exact_k20,center,moderate_share,0.0
grade_distribution,b_exact_k20,center,high_share,0.134875
grade_distribution,b_exact_k20,center,exceeds_control_unavailable_share,0.0
grade_distribution,c_exact_ea,all,unreliable_share,0.58615625
grade_distribution,c_exact_ea,all,low_share,0.16303125
grade_distribution,c_exact_ea,all,moderate_share,0.2160625
grade_distribution,c_exact_ea,all,high_share,0.03475
grade_distribution,c_exact_ea,all,exceeds_control_unavailable_share,0.52759375
grade_distribution,c_exact_ea,corner,unreliable_share,0.596
grade_distribution,c_exact_ea,corner,low_share,0.0
grade_distribution,c_exact_ea,corner,moderate_share,0.404
grade_distribution,c_exact_ea,corner,high_share,0.0
grade_distribution,c_exact_ea,corner,exceeds_control_unavailable_share,1.0
grade_distribution,c_exact_ea,edge,unreliable_share,0.5885
grade_distribution,c_exact_ea,edge,low_share,0.155875
grade_distribution,c_exact_ea,edge,moderate_share,0.22975
grade_distribution,c_exact_ea,edge,high_share,0.025875
grade_distribution,c_exact_ea,edge,exceeds_control_unavailable_share,0.554375
grade_distribution,c_exact_ea,center,unreliable_share,0.571625
grade_distribution,c_exact_ea,center,low_share,0.340375
grade_distribution,c_exact_ea,center,moderate_share,0.00075
grade_distribution,c_exact_ea,center,high_share,0.08725
grade_distribution,c_exact_ea,center,exceeds_control_unavailable_share,0.001625
grade_distribution,d_cf_k20,all,unreliable_share,0.61565625
grade_distribution,d_cf_k20,all,low_share,0.31678125
grade_distribution,d_cf_k20,all,moderate_share,0.0
grade_distribution,d_cf_k20,all,high_share,0.0675625
grade_distribution,d_cf_k20,all,exceeds_control_unavailable_share,0.0
grade_distribution,d_cf_k20,corner,unreliable_share,0.630625
grade_distribution,d_cf_k20,corner,low_share,0.33
grade_distribution,d_cf_k20,corner,moderate_share,0.0
grade_distribution,d_cf_k20,corner,high_share,0.039375
grade_distribution,d_cf_k20,corner,exceeds_control_unavailable_share,0.0
grade_distribution,d_cf_k20,edge,unreliable_share,0.6190625
grade_distribution,d_cf_k20,edge,low_share,0.32325
grade_distribution,d_cf_k20,edge,moderate_share,0.0
grade_distribution,d_cf_k20,edge,high_share,0.0576875
grade_distribution,d_cf_k20,edge,exceeds_control_unavailable_share,0.0
grade_distribution,d_cf_k20,center,unreliable_share,0.593875
grade_distribution,d_cf_k20,center,low_share,0.290625
grade_distribution,d_cf_k20,center,moderate_share,0.0
grade_distribution,d_cf_k20,center,high_share,0.1155
grade_distribution,d_cf_k20,center,exceeds_control_unavailable_share,0.0
agreement,a_exact_k3_vs_b_exact_k20,all,agreement,0.90825
agreement,a_exact_k3_vs_b_exact_k20,all,kappa_linear,0.7856483899270799
agreement,a_exact_k3_vs_b_exact_k20,all,delta_ge2,0.09175
agreement,a_exact_k3_vs_b_exact_k20,corner,agreement,0.92075
agreement,a_exact_k3_vs_b_exact_k20,corner,kappa_linear,0.7710805602351951
agreement,a_exact_k3_vs_b_exact_k20,corner,delta_ge2,0.07925
agreement,a_exact_k3_vs_b_exact_k20,edge,agreement,0.9023125
agreement,a_exact_k3_vs_b_exact_k20,edge,kappa_linear,0.7594835775409827
agreement,a_exact_k3_vs_b_exact_k20,edge,delta_ge2,0.0976875
agreement,a_exact_k3_vs_b_exact_k20,center,agreement,0.907625
agreement,a_exact_k3_vs_b_exact_k20,center,kappa_linear,0.8280743780717128
agreement,a_exact_k3_vs_b_exact_k20,center,delta_ge2,0.092375
agreement,a_exact_k3_vs_c_exact_ea,all,agreement,0.722875
agreement,a_exact_k3_vs_c_exact_ea,all,kappa_linear,0.6536173441192682
agreement,a_exact_k3_vs_c_exact_ea,all,delta_ge2,0.0610625
agreement,a_exact_k3_vs_c_exact_ea,corner,agreement,0.596
agreement,a_exact_k3_vs_c_exact_ea,corner,kappa_linear,0.5938820951260824
agreement,a_exact_k3_vs_c_exact_ea,corner,delta_ge2,0.0
agreement,a_exact_k3_vs_c_exact_ea,edge,agreement,0.7154375
agreement,a_exact_k3_vs_c_exact_ea,edge,kappa_linear,0.6459581526448493
agreement,a_exact_k3_vs_c_exact_ea,edge,delta_ge2,0.0548125
agreement,a_exact_k3_vs_c_exact_ea,center,agreement,0.864625
agreement,a_exact_k3_vs_c_exact_ea,center,kappa_linear,0.7355195337650181
agreement,a_exact_k3_vs_c_exact_ea,center,delta_ge2,0.134625
agreement,a_exact_k3_vs_d_cf_k20,all,agreement,0.50675
agreement,a_exact_k3_vs_d_cf_k20,all,kappa_linear,0.11340214988903416
agreement,a_exact_k3_vs_d_cf_k20,all,delta_ge2,0.16346875
agreement,a_exact_k3_vs_d_cf_k20,corner,agreement,0.51625
agreement,a_exact_k3_vs_d_cf_k20,corner,kappa_linear,0.06451871027459283
agreement,a_exact_k3_vs_d_cf_k20,corner,delta_ge2,0.11675
agreement,a_exact_k3_vs_d_cf_k20,edge,agreement,0.4999375
agreement,a_exact_k3_vs_d_cf_k20,edge,kappa_linear,0.08181693525043193
agreement,a_exact_k3_vs_d_cf_k20,edge,delta_ge2,0.1584375
agreement,a_exact_k3_vs_d_cf_k20,center,agreement,0.510875
agreement,a_exact_k3_vs_d_cf_k20,center,kappa_linear,0.179035848956533
agreement,a_exact_k3_vs_d_cf_k20,center,delta_ge2,0.22025
agreement,b_exact_k20_vs_c_exact_ea,all,agreement,0.75496875
agreement,b_exact_k20_vs_c_exact_ea,all,kappa_linear,0.6791879481526581
agreement,b_exact_k20_vs_c_exact_ea,all,delta_ge2,0.02896875
agreement,b_exact_k20_vs_c_exact_ea,corner,agreement,0.596
agreement,b_exact_k20_vs_c_exact_ea,corner,kappa_linear,0.5539278091782663
agreement,b_exact_k20_vs_c_exact_ea,corner,delta_ge2,0.0
agreement,b_exact_k20_vs_c_exact_ea,edge,agreement,0.742875
agreement,b_exact_k20_vs_c_exact_ea,edge,kappa_linear,0.6549353007479156
agreement,b_exact_k20_vs_c_exact_ea,edge,delta_ge2,0.027375
agreement,b_exact_k20_vs_c_exact_ea,center,agreement,0.938125
agreement,b_exact_k20_vs_c_exact_ea,center,kappa_linear,0.8614031459584388
agreement,b_exact_k20_vs_c_exact_ea,center,delta_ge2,0.061125
agreement,b_exact_k20_vs_d_cf_k20,all,agreement,0.52653125
agreement,b_exact_k20_vs_d_cf_k20,all,kappa_linear,0.12199989071364209
agreement,b_exact_k20_vs_d_cf_k20,all,delta_ge2,0.09478125
agreement,b_exact_k20_vs_d_cf_k20,corner,agreement,0.53625
agreement,b_exact_k20_vs_d_cf_k20,corner,kappa_linear,0.06564581007557102
agreement,b_exact_k20_vs_d_cf_k20,corner,delta_ge2,0.052
agreement,b_exact_k20_vs_d_cf_k20,edge,agreement,0.5215625
agreement,b_exact_k20_vs_d_cf_k20,edge,kappa_linear,0.08375130557351136
agreement,b_exact_k20_vs_d_cf_k20,edge,delta_ge2,0.082
agreement,b_exact_k20_vs_d_cf_k20,center,agreement,0.52675
agreement,b_exact_k20_vs_d_cf_k20,center,kappa_linear,0.19215356514773688
agreement,b_exact_k20_vs_d_cf_k20,center,delta_ge2,0.163125
agreement,c_exact_ea_vs_d_cf_k20,all,agreement,0.4494375
agreement,c_exact_ea_vs_d_cf_k20,all,kappa_linear,0.07747509923878707
agreement,c_exact_ea_vs_d_cf_k20,all,delta_ge2,0.19621875
agreement,c_exact_ea_vs_d_cf_k20,corner,agreement,0.392125
agreement,c_exact_ea_vs_d_cf_k20,corner,kappa_linear,0.041291562933721056
agreement,c_exact_ea_vs_d_cf_k20,corner,delta_ge2,0.259125
agreement,c_exact_ea_vs_d_cf_k20,edge,agreement,0.4403125
agreement,c_exact_ea_vs_d_cf_k20,edge,kappa_linear,0.057522897146599354
agreement,c_exact_ea_vs_d_cf_k20,edge,delta_ge2,0.192125
agreement,c_exact_ea_vs_d_cf_k20,center,agreement,0.525
agreement,c_exact_ea_vs_d_cf_k20,center,kappa_linear,0.17372549742835963
agreement,c_exact_ea_vs_d_cf_k20,center,delta_ge2,0.1415
eligibility,c_exact_ea,all,eligible_item_share,0.14680125
eligibility,c_exact_ea,all,eligible_controls_mean,3.782625
eligibility,c_exact_ea,all,eligible_controls_p10,0.0
eligibility,c_exact_ea,all,eligible_controls_p50,1.0
eligibility,c_exact_ea,all,eligible_controls_p90,14.0
eligibility,c_exact_ea,all,share_conditions_ge3,0.3406458333333333
eligibility,c_exact_ea,all,share_conditions_0,0.45227083333333334
eligibility,c_exact_ea,corner,eligible_item_share,0.00041
eligibility,c_exact_ea,corner,eligible_controls_mean,0.013625
eligibility,c_exact_ea,corner,eligible_controls_p10,0.0
eligibility,c_exact_ea,corner,eligible_controls_p50,0.0
eligibility,c_exact_ea,corner,eligible_controls_p90,0.0
eligibility,c_exact_ea,corner,share_conditions_ge3,0.0
eligibility,c_exact_ea,corner,share_conditions_0,0.9865416666666667
eligibility,c_exact_ea,edge,eligible_item_share,0.039965625
eligibility,c_exact_ea,edge,eligible_controls_mean,1.2890625
eligibility,c_exact_ea,edge,eligible_controls_p10,0.0
eligibility,c_exact_ea,edge,eligible_controls_p50,1.0
eligibility,c_exact_ea,edge,eligible_controls_p90,4.0
eligibility,c_exact_ea,edge,share_conditions_ge3,0.18389583333333334
eligibility,c_exact_ea,edge,share_conditions_0,0.4104791666666667
eligibility,c_exact_ea,center,eligible_item_share,0.50686375
eligibility,c_exact_ea,center,eligible_controls_mean,12.53875
eligibility,c_exact_ea,center,eligible_controls_p10,7.0
eligibility,c_exact_ea,center,eligible_controls_p50,12.0
eligibility,c_exact_ea,center,eligible_controls_p90,19.0
eligibility,c_exact_ea,center,share_conditions_ge3,0.9947916666666666
eligibility,c_exact_ea,center,share_conditions_0,0.0015833333333333333
