pair_type,run_a,run_b,population,from_grade,to_grade,n
protocol,imagenet_mnv2_050_exact_k3,imagenet_mnv2_050_crop_free_k3,all,unreliable,unreliable,61219
protocol,imagenet_mnv2_050_exact_k3,imagenet_mnv2_050_crop_free_k3,all,unreliable,low,21287
protocol,imagenet_mnv2_050_exact_k3,imagenet_mnv2_050_crop_free_k3,all,unreliable,moderate,0
protocol,imagenet_mnv2_050_exact_k3,imagenet_mnv2_050_crop_free_k3,all,unreliable,high,11941
protocol,imagenet_mnv2_050_exact_k3,imagenet_mnv2_050_crop_free_k3,all,low,unreliable,25050
protocol,imagenet_mnv2_050_exact_k3,imagenet_mnv2_050_crop_free_k3,all,low,low,12812
protocol,imagenet_mnv2_050_exact_k3,imagenet_mnv2_050_crop_free_k3,all,low,moderate,0
protocol,imagenet_mnv2_050_exact_k3,imagenet_mnv2_050_crop_free_k3,all,low,high,4836
protocol,imagenet_mnv2_050_exact_k3,imagenet_mnv2_050_crop_free_k3,all,moderate,unreliable,0
protocol,imagenet_mnv2_050_exact_k3,imagenet_mnv2_050_crop_free_k3,all,moderate,low,0
protocol,imagenet_mnv2_050_exact_k3,imagenet_mnv2_050_crop_free_k3,all,moderate,moderate,0
protocol,imagenet_mnv2_050_exact_k3,imagenet_mnv2_050_crop_free_k3,all,moderate,high,0
protocol,imagenet_mnv2_050_exact_k3,imagenet_mnv2_050_crop_free_k3,all,high,unreliable,12303
protocol,imagenet_mnv2_050_exact_k3,imagenet_mnv2_050_crop_free_k3,all,high,low,4064
protocol,imagenet_mnv2_050_exact_k3,imagenet_mnv2_050_crop_free_k3,all,high,moderate,0
protocol,imagenet_mnv2_050_exact_k3,imagenet_mnv2_050_crop_free_k3,all,high,high,6488
protocol,imagenet_mnv2_050_exact_k3,imagenet_mnv2_050_crop_free_k3,both_correct,unreliable,unreliable,34987
protocol,imagenet_mnv2_050_exact_k3,imagenet_mnv2_050_crop_free_k3,both_correct,unreliable,low,12083
protocol,imagenet_mnv2_050_exact_k3,imagenet_mnv2_050_crop_free_k3,both_correct,unreliable,moderate,0
protocol,imagenet_mnv2_050_exact_k3,imagenet_mnv2_050_crop_free_k3,both_correct,unreliable,high,6852
protocol,imagenet_mnv2_050_exact_k3,imagenet_mnv2_050_crop_free_k3,both_correct,low,unreliable,14139
protocol,imagenet_mnv2_050_exact_k3,imagenet_mnv2_050_crop_free_k3,both_correct,low,low,7208
protocol,imagenet_mnv2_050_exact_k3,imagenet_mnv2_050_crop_free_k3,both_correct,low,moderate,0
protocol,imagenet_mnv2_050_exact_k3,imagenet_mnv2_050_crop_free_k3,both_correct,low,high,2819
protocol,imagenet_mnv2_050_exact_k3,imagenet_mnv2_050_crop_free_k3,both_correct,moderate,unreliable,0
protocol,imagenet_mnv2_050_exact_k3,imagenet_mnv2_050_crop_free_k3,both_correct,moderate,low,0
protocol,imagenet_mnv2_050_exact_k3,imagenet_mnv2_050_crop_free_k3,both_correct,moderate,moderate,0
protocol,imagenet_mnv2_050_exact_k3,imagenet_mnv2_050_crop_free_k3,both_correct,moderate,high,0
protocol,imagenet_mnv2_050_exact_k3,imagenet_mnv2_050_crop_free_k3,both_correct,high,unreliable,7020
protocol,imagenet_mnv2_050_exact_k3,imagenet_mnv2_050_crop_free_k3,both_correct,high,low,2281
protocol,imagenet_mnv2_050_exact_k3,imagenet_mnv2_050_crop_free_k3,both_correct,high,moderate,0
protocol,imagenet_mnv2_050_exact_k3,imagenet_mnv2_050_crop_free_k3,both_correct,high,high,4019
protocol,imagenet_mnv2_100_exact_k3,imagenet_mnv2_100_crop_free_k3,all,unreliable,unreliable,61151
protocol,imagenet_mnv2_100_exact_k3,imagenet_mnv2_100_crop_free_k3,all,unreliable,low,21887
protocol,imagenet_mnv2_100_exact_k3,imagenet_mnv2_100_crop_free_k3,all,unreliable,moderate,0
protocol,imagenet_mnv2_100_exact_k3,imagenet_mnv2_100_crop_free_k3,all,unreliable,high,11686
protocol,imagenet_mnv2_100_exact_k3,imagenet_mnv2_100_crop_free_k3,all,low,unreliable,24932
protocol,imagenet_mnv2_100_exact_k3,imagenet_mnv2_100_crop_free_k3,all,low,low,13460
protocol,imagenet_mnv2_100_exact_k3,imagenet_mnv2_100_crop_free_k3,all,low,moderate,0
protocol,imagenet_mnv2_100_exact_k3,imagenet_mnv2_100_crop_free_k3,all,low,high,4597
protocol,imagenet_mnv2_100_exact_k3,imagenet_mnv2_100_crop_free_k3,all,moderate,unreliable,0
protocol,imagenet_mnv2_100_exact_k3,imagenet_mnv2_100_crop_free_k3,all,moderate,low,0
protocol,imagenet_mnv2_100_exact_k3,imagenet_mnv2_100_crop_free_k3,all,moderate,moderate,0
protocol,imagenet_mnv2_100_exact_k3,imagenet_mnv2_100_crop_free_k3,all,moderate,high,0
protocol,imagenet_mnv2_100_exact_k3,imagenet_mnv2_100_crop_free_k3,all,high,unreliable,11746
protocol,imagenet_mnv2_100_exact_k3,imagenet_mnv2_100_crop_free_k3,all,high,low,3959
protocol,imagenet_mnv2_100_exact_k3,imagenet_mnv2_100_crop_free_k3,all,high,moderate,0
protocol,imagenet_mnv2_100_exact_k3,imagenet_mnv2_100_crop_free_k3,all,high,high,6582
protocol,imagenet_mnv2_100_exact_k3,imagenet_mnv2_100_crop_free_k3,both_correct,unreliable,unreliable,40404
protocol,imagenet_mnv2_100_exact_k3,imagenet_mnv2_100_crop_free_k3,both_correct,unreliable,low,14471
protocol,imagenet_mnv2_100_exact_k3,imagenet_mnv2_100_crop_free_k3,both_correct,unreliable,moderate,0
protocol,imagenet_mnv2_100_exact_k3,imagenet_mnv2_100_crop_free_k3,both_correct,unreliable,high,7751
protocol,imagenet_mnv2_100_exact_k3,imagenet_mnv2_100_crop_free_k3,both_correct,low,unreliable,16610
protocol,imagenet_mnv2_100_exact_k3,imagenet_mnv2_100_crop_free_k3,both_correct,low,low,8845
protocol,imagenet_mnv2_100_exact_k3,imagenet_mnv2_100_crop_free_k3,both_correct,low,moderate,0
protocol,imagenet_mnv2_100_exact_k3,imagenet_mnv2_100_crop_free_k3,both_correct,low,high,3033
protocol,imagenet_mnv2_100_exact_k3,imagenet_mnv2_100_crop_free_k3,both_correct,moderate,unreliable,0
protocol,imagenet_mnv2_100_exact_k3,imagenet_mnv2_100_crop_free_k3,both_correct,moderate,low,0
protocol,imagenet_mnv2_100_exact_k3,imagenet_mnv2_100_crop_free_k3,both_correct,moderate,moderate,0
protocol,imagenet_mnv2_100_exact_k3,imagenet_mnv2_100_crop_free_k3,both_correct,moderate,high,0
protocol,imagenet_mnv2_100_exact_k3,imagenet_mnv2_100_crop_free_k3,both_correct,high,unreliable,7833
protocol,imagenet_mnv2_100_exact_k3,imagenet_mnv2_100_crop_free_k3,both_correct,high,low,2615
protocol,imagenet_mnv2_100_exact_k3,imagenet_mnv2_100_crop_free_k3,both_correct,high,moderate,0
protocol,imagenet_mnv2_100_exact_k3,imagenet_mnv2_100_crop_free_k3,both_correct,high,high,4598
