pair_type,run_a,run_b,population,bin_left,bin_right,count
protocol,imagenet_mnv2_050_exact_k3,imagenet_mnv2_050_crop_free_k3,all,-1.0,-0.95,0
protocol,imagenet_mnv2_050_exact_k3,imagenet_mnv2_050_crop_free_k3,all,-0.95,-0.9,0
protocol,imagenet_mnv2_050_exact_k3,imagenet_mnv2_050_crop_free_k3,all,-0.9,-0.85,0
protocol,imagenet_mnv2_050_exact_k3,imagenet_mnv2_050_crop_free_k3,all,-0.85,-0.8,0
protocol,imagenet_mnv2_050_exact_k3,imagenet_mnv2_050_crop_free_k3,all,-0.8,-0.75,0
protocol,imagenet_mnv2_050_exact_k3,imagenet_mnv2_050_crop_free_k3,all,-0.75,-0.7,2
protocol,imagenet_mnv2_050_exact_k3,imagenet_mnv2_050_crop_free_k3,all,-0.7,-0.65,2
protocol,imagenet_mnv2_050_exact_k3,imagenet_mnv2_050_crop_free_k3,all,-0.65,-0.6,7
protocol,imagenet_mnv2_050_exact_k3,imagenet_mnv2_050_crop_free_k3,all,-0.6,-0.55,3
protocol,imagenet_mnv2_050_exact_k3,imagenet_mnv2_050_crop_free_k3,all,-0.55,-0.5,14
protocol,imagenet_mnv2_050_exact_k3,imagenet_mnv2_050_crop_free_k3,all,-0.5,-0.45,22
protocol,imagenet_mnv2_050_exact_k3,imagenet_mnv2_050_crop_free_k3,all,-0.45,-0.4,31
protocol,imagenet_mnv2_050_exact_k3,imagenet_mnv2_050_crop_free_k3,all,-0.4,-0.35,46
protocol,imagenet_mnv2_050_exact_k3,imagenet_mnv2_050_crop_free_k3,all,-0.35,-0.3,67
protocol,imagenet_mnv2_050_exact_k3,imagenet_mnv2_050_crop_free_k3,all,-0.3,-0.25,80
protocol,imagenet_mnv2_050_exact_k3,imagenet_mnv2_050_crop_free_k3,all,-0.25,-0.2,109
protocol,imagenet_mnv2_050_exact_k3,imagenet_mnv2_050_crop_free_k3,all,-0.2,-0.15,160
protocol,imagenet_mnv2_050_exact_k3,imagenet_mnv2_050_crop_free_k3,all,-0.15,-0.1,152
protocol,imagenet_mnv2_050_exact_k3,imagenet_mnv2_050_crop_free_k3,all,-0.1,-0.05,235
protocol,imagenet_mnv2_050_exact_k3,imagenet_mnv2_050_crop_free_k3,all,-0.05,0.0,276
protocol,imagenet_mnv2_050_exact_k3,imagenet_mnv2_050_crop_free_k3,all,0.0,0.05,295
protocol,imagenet_mnv2_050_exact_k3,imagenet_mnv2_050_crop_free_k3,all,0.05,0.1,356
protocol,imagenet_mnv2_050_exact_k3,imagenet_mnv2_050_crop_free_k3,all,0.1,0.15,417
protocol,imagenet_mnv2_050_exact_k3,imagenet_mnv2_050_crop_free_k3,all,0.15,0.2,475
protocol,imagenet_mnv2_050_exact_k3,imagenet_mnv2_050_crop_free_k3,all,0.2,0.25,572
protocol,imagenet_mnv2_050_exact_k3,imagenet_mnv2_050_crop_free_k3,all,0.25,0.3,581
protocol,imagenet_mnv2_050_exact_k3,imagenet_mnv2_050_crop_free_k3,all,0.3,0.35,656
protocol,imagenet_mnv2_050_exact_k3,imagenet_mnv2_050_crop_free_k3,all,0.35,0.4,637
protocol,imagenet_mnv2_050_exact_k3,imagenet_mnv2_050_crop_free_k3,all,0.4,0.45,661
protocol,imagenet_mnv2_050_exact_k3,imagenet_mnv2_050_crop_free_k3,all,0.45,0.5,690
protocol,imagenet_mnv2_050_exact_k3,imagenet_mnv2_050_crop_free_k3,all,0.5,0.55,626
protocol,imagenet_mnv2_050_exact_k3,imagenet_mnv2_050_crop_free_k3,all,0.55,0.6,604
protocol,imagenet_mnv2_050_exact_k3,imagenet_mnv2_050_crop_free_k3,all,0.6,0.65,596
protocol,imagenet_mnv2_050_exact_k3,imagenet_mnv2_050_crop_free_k3,all,0.65,0.7,525
protocol,imagenet_mnv2_050_exact_k3,imagenet_mnv2_050_crop_free_k3,all,0.7,0.75,422
protocol,imagenet_mnv2_050_exact_k3,imagenet_mnv2_050_crop_free_k3,all,0.75,0.8,318
protocol,imagenet_mnv2_050_exact_k3,imagenet_mnv2_050_crop_free_k3,all,0.8,0.85,209
protocol,imagenet_mnv2_050_exact_k3,imagenet_mnv2_050_crop_free_k3,all,0.85,0.9,119
protocol,imagenet_mnv2_050_exact_k3,imagenet_mnv2_050_crop_free_k3,all,0.9,0.95,33
protocol,imagenet_mnv2_050_exact_k3,imagenet_mnv2_050_crop_free_k3,all,0.95,1.0,2
protocol,imagenet_mnv2_050_exact_k3,imagenet_mnv2_050_crop_free_k3,both_correct,-1.0,-0.95,0
protocol,imagenet_mnv2_050_exact_k3,imagenet_mnv2_050_crop_free_k3,both_correct,-0.95,-0.9,0
protocol,imagenet_mnv2_050_exact_k3,imagenet_mnv2_050_crop_free_k3,both_correct,-0.9,-0.85,0
protocol,imagenet_mnv2_050_exact_k3,imagenet_mnv2_050_crop_free_k3,both_correct,-0.85,-0.8,0
protocol,imagenet_mnv2_050_exact_k3,imagenet_mnv2_050_crop_free_k3,both_correct,-0.8,-0.75,0
protocol,imagenet_mnv2_050_exact_k3,imagenet_mnv2_050_crop_free_k3,both_correct,-0.75,-0.7,1
protocol,imagenet_mnv2_050_exact_k3,imagenet_mnv2_050_crop_free_k3,both_correct,-0.7,-0.65,1
protocol,imagenet_mnv2_050_exact_k3,imagenet_mnv2_050_crop_free_k3,both_correct,-0.65,-0.6,3
protocol,imagenet_mnv2_050_exact_k3,imagenet_mnv2_050_crop_free_k3,both_correct,-0.6,-0.55,3
protocol,imagenet_mnv2_050_exact_k3,imagenet_mnv2_050_crop_free_k3,both_correct,-0.55,-0.5,7
protocol,imagenet_mnv2_050_exact_k3,imagenet_mnv2_050_crop_free_k3,both_correct,-0.5,-0.45,16
protocol,imagenet_mnv2_050_exact_k3,imagenet_mnv2_050_crop_free_k3,both_correct,-0.45,-0.4,13
protocol,imagenet_mnv2_050_exact_k3,imagenet_mnv2_050_crop_free_k3,both_correct,-0.4,-0.35,26
protocol,imagenet_mnv2_050_exact_k3,imagenet_mnv2_050_crop_free_k3,both_correct,-0.35,-0.3,40
protocol,imagenet_mnv2_050_exact_k3,imagenet_mnv2_050_crop_free_k3,both_correct,-0.3,-0.25,52
protocol,imagenet_mnv2_050_exact_k3,imagenet_mnv2_050_crop_free_k3,both_correct,-0.25,-0.2,59
protocol,imagenet_mnv2_050_exact_k3,imagenet_mnv2_050_crop_free_k3,both_correct,-0.2,-0.15,83
protocol,imagenet_mnv2_050_exact_k3,imagenet_mnv2_050_crop_free_k3,both_correct,-0.15,-0.1,77
protocol,imagenet_mnv2_050_exact_k3,imagenet_mnv2_050_crop_free_k3,both_correct,-0.1,-0.05,116
protocol,imagenet_mnv2_050_exact_k3,imagenet_mnv2_050_crop_free_k3,both_correct,-0.05,0.0,130
protocol,imagenet_mnv2_050_exact_k3,imagenet_mnv2_050_crop_free_k3,both_correct,0.0,0.05,140
protocol,imagenet_mnv2_050_exact_k3,imagenet_mnv2_050_crop_free_k3,both_correct,0.05,0.1,193
protocol,imagenet_mnv2_050_exact_k3,imagenet_mnv2_050_crop_free_k3,both_correct,0.1,0.15,224
protocol,imagenet_mnv2_050_exact_k3,imagenet_mnv2_050_crop_free_k3,both_correct,0.15,0.2,262
protocol,imagenet_mnv2_050_exact_k3,imagenet_mnv2_050_crop_free_k3,both_correct,0.2,0.25,317
protocol,imagenet_mnv2_050_exact_k3,imagenet_mnv2_050_crop_free_k3,both_correct,0.25,0.3,336
protocol,imagenet_mnv2_050_exact_k3,imagenet_mnv2_050_crop_free_k3,both_correct,0.3,0.35,392
protocol,imagenet_mnv2_050_exact_k3,imagenet_mnv2_050_crop_free_k3,both_correct,0.35,0.4,342
protocol,imagenet_mnv2_050_exact_k3,imagenet_mnv2_050_crop_free_k3,both_correct,0.4,0.45,388
protocol,imagenet_mnv2_050_exact_k3,imagenet_mnv2_050_crop_free_k3,both_correct,0.45,0.5,403
protocol,imagenet_mnv2_050_exact_k3,imagenet_mnv2_050_crop_free_k3,both_correct,0.5,0.55,388
protocol,imagenet_mnv2_050_exact_k3,imagenet_mnv2_050_crop_free_k3,both_correct,0.55,0.6,347
protocol,imagenet_mnv2_050_exact_k3,imagenet_mnv2_050_crop_free_k3,both_correct,0.6,0.65,347
protocol,imagenet_mnv2_050_exact_k3,imagenet_mnv2_050_crop_free_k3,both_correct,0.65,0.7,322
protocol,imagenet_mnv2_050_exact_k3,imagenet_mnv2_050_crop_free_k3,both_correct,0.7,0.75,258
protocol,imagenet_mnv2_050_exact_k3,imagenet_mnv2_050_crop_free_k3,both_correct,0.75,0.8,197
protocol,imagenet_mnv2_050_exact_k3,imagenet_mnv2_050_crop_free_k3,both_correct,0.8,0.85,132
protocol,imagenet_mnv2_050_exact_k3,imagenet_mnv2_050_crop_free_k3,both_correct,0.85,0.9,77
protocol,imagenet_mnv2_050_exact_k3,imagenet_mnv2_050_crop_free_k3,both_correct,0.9,0.95,19
protocol,imagenet_mnv2_050_exact_k3,imagenet_mnv2_050_crop_free_k3,both_correct,0.95,1.0,2
protocol,imagenet_mnv2_100_exact_k3,imagenet_mnv2_100_crop_free_k3,all,-1.0,-0.95,0
protocol,imagenet_mnv2_100_exact_k3,imagenet_mnv2_100_crop_free_k3,all,-0.95,-0.9,0
protocol,imagenet_mnv2_100_exact_k3,imagenet_mnv2_100_crop_free_k3,all,-0.9,-0.85,0
protocol,imagenet_mnv2_100_exact_k3,imagenet_mnv2_100_crop_free_k3,all,-0.85,-0.8,0
protocol,imagenet_mnv2_100_exact_k3,imagenet_mnv2_100_crop_free_k3,all,-0.8,-0.75,1
protocol,imagenet_mnv2_100_exact_k3,imagenet_mnv2_100_crop_free_k3,all,-0.75,-0.7,1
protocol,imagenet_mnv2_100_exact_k3,imagenet_mnv2_100_crop_free_k3,all,-0.7,-0.65,3
protocol,imagenet_mnv2_100_exact_k3,imagenet_mnv2_100_crop_free_k3,all,-0.65,-0.6,7
protocol,imagenet_mnv2_100_exact_k3,imagenet_mnv2_100_crop_free_k3,all,-0.6,-0.55,11
protocol,imagenet_mnv2_100_exact_k3,imagenet_mnv2_100_crop_free_k3,all,-0.55,-0.5,20
protocol,imagenet_mnv2_100_exact_k3,imagenet_mnv2_100_crop_free_k3,all,-0.5,-0.45,23
protocol,imagenet_mnv2_100_exact_k3,imagenet_mnv2_100_crop_free_k3,all,-0.45,-0.4,31
protocol,imagenet_mnv2_100_exact_k3,imagenet_mnv2_100_crop_free_k3,all,-0.4,-0.35,43
protocol,imagenet_mnv2_100_exact_k3,imagenet_mnv2_100_crop_free_k3,all,-0.35,-0.3,71
protocol,imagenet_mnv2_100_exact_k3,imagenet_mnv2_100_crop_free_k3,all,-0.3,-0.25,78
protocol,imagenet_mnv2_100_exact_k3,imagenet_mnv2_100_crop_free_k3,all,-0.25,-0.2,88
protocol,imagenet_mnv2_100_exact_k3,imagenet_mnv2_100_crop_free_k3,all,-0.2,-0.15,121
protocol,imagenet_mnv2_100_exact_k3,imagenet_mnv2_100_crop_free_k3,all,-0.15,-0.1,156
protocol,imagenet_mnv2_100_exact_k3,imagenet_mnv2_100_crop_free_k3,all,-0.1,-0.05,188
protocol,imagenet_mnv2_100_exact_k3,imagenet_mnv2_100_crop_free_k3,all,-0.05,0.0,260
protocol,imagenet_mnv2_100_exact_k3,imagenet_mnv2_100_crop_free_k3,all,0.0,0.05,322
protocol,imagenet_mnv2_100_exact_k3,imagenet_mnv2_100_crop_free_k3,all,0.05,0.1,406
protocol,imagenet_mnv2_100_exact_k3,imagenet_mnv2_100_crop_free_k3,all,0.1,0.15,418
protocol,imagenet_mnv2_100_exact_k3,imagenet_mnv2_100_crop_free_k3,all,0.15,0.2,477
protocol,imagenet_mnv2_100_exact_k3,imagenet_mnv2_100_crop_free_k3,all,0.2,0.25,514
protocol,imagenet_mnv2_100_exact_k3,imagenet_mnv2_100_crop_free_k3,all,0.25,0.3,590
protocol,imagenet_mnv2_100_exact_k3,imagenet_mnv2_100_crop_free_k3,all,0.3,0.35,668
protocol,imagenet_mnv2_100_exact_k3,imagenet_mnv2_100_crop_free_k3,all,0.35,0.4,669
protocol,imagenet_mnv2_100_exact_k3,imagenet_mnv2_100_crop_free_k3,all,0.4,0.45,633
protocol,imagenet_mnv2_100_exact_k3,imagenet_mnv2_100_crop_free_k3,all,0.45,0.5,692
protocol,imagenet_mnv2_100_exact_k3,imagenet_mnv2_100_crop_free_k3,all,0.5,0.55,677
protocol,imagenet_mnv2_100_exact_k3,imagenet_mnv2_100_crop_free_k3,all,0.55,0.6,650
protocol,imagenet_mnv2_100_exact_k3,imagenet_mnv2_100_crop_free_k3,all,0.6,0.65,566
protocol,imagenet_mnv2_100_exact_k3,imagenet_mnv2_100_crop_free_k3,all,0.65,0.7,490
protocol,imagenet_mnv2_100_exact_k3,imagenet_mnv2_100_crop_free_k3,all,0.7,0.75,412
protocol,imagenet_mnv2_100_exact_k3,imagenet_mnv2_100_crop_free_k3,all,0.75,0.8,332
protocol,imagenet_mnv2_100_exact_k3,imagenet_mnv2_100_crop_free_k3,all,0.8,0.85,230
protocol,imagenet_mnv2_100_exact_k3,imagenet_mnv2_100_crop_free_k3,all,0.85,0.9,102
protocol,imagenet_mnv2_100_exact_k3,imagenet_mnv2_100_crop_free_k3,all,0.9,0.95,48
protocol,imagenet_mnv2_100_exact_k3,imagenet_mnv2_100_crop_free_k3,all,0.95,1.0,2
protocol,imagenet_mnv2_100_exact_k3,imagenet_mnv2_100_crop_free_k3,both_correct,-1.0,-0.95,0
protocol,imagenet_mnv2_100_exact_k3,imagenet_mnv2_100_crop_free_k3,both_correct,-0.95,-0.9,0
protocol,imagenet_mnv2_100_exact_k3,imagenet_mnv2_100_crop_free_k3,both_correct,-0.9,-0.85,0
protocol,imagenet_mnv2_100_exact_k3,imagenet_mnv2_100_crop_free_k3,both_correct,-0.85,-0.8,0
protocol,imagenet_mnv2_100_exact_k3,imagenet_mnv2_100_crop_free_k3,both_correct,-0.8,-0.75,0
protocol,imagenet_mnv2_100_exact_k3,imagenet_mnv2_100_crop_free_k3,both_correct,-0.75,-0.7,0
protocol,imagenet_mnv2_100_exact_k3,imagenet_mnv2_100_crop_free_k3,both_correct,-0.7,-0.65,2
protocol,imagenet_mnv2_100_exact_k3,imagenet_mnv2_100_crop_free_k3,both_correct,-0.65,-0.6,4
protocol,imagenet_mnv2_100_exact_k3,imagenet_mnv2_100_crop_free_k3,both_correct,-0.6,-0.55,6
protocol,imagenet_mnv2_100_exact_k3,imagenet_mnv2_100_crop_free_k3,both_correct,-0.55,-0.5,10
protocol,imagenet_mnv2_100_exact_k3,imagenet_mnv2_100_crop_free_k3,both_correct,-0.5,-0.45,14
protocol,imagenet_mnv2_100_exact_k3,imagenet_mnv2_100_crop_free_k3,both_correct,-0.45,-0.4,16
protocol,imagenet_mnv2_100_exact_k3,imagenet_mnv2_100_crop_free_k3,both_correct,-0.4,-0.35,25
protocol,imagenet_mnv2_100_exact_k3,imagenet_mnv2_100_crop_free_k3,both_correct,-0.35,-0.3,42
protocol,imagenet_mnv2_100_exact_k3,imagenet_mnv2_100_crop_free_k3,both_correct,-0.3,-0.25,52
protocol,imagenet_mnv2_100_exact_k3,imagenet_mnv2_100_crop_free_k3,both_correct,-0.25,-0.2,53
protocol,imagenet_mnv2_100_exact_k3,imagenet_mnv2_100_crop_free_k3,both_correct,-0.2,-0.15,79
protocol,imagenet_mnv2_100_exact_k3,imagenet_mnv2_100_crop_free_k3,both_correct,-0.15,-0.1,102
protocol,imagenet_mnv2_100_exact_k3,imagenet_mnv2_100_crop_free_k3,both_correct,-0.1,-0.05,127
protocol,imagenet_mnv2_100_exact_k3,imagenet_mnv2_100_crop_free_k3,both_correct,-0.05,0.0,160
protocol,imagenet_mnv2_100_exact_k3,imagenet_mnv2_100_crop_free_k3,both_correct,0.0,0.05,214
protocol,imagenet_mnv2_100_exact_k3,imagenet_mnv2_100_crop_free_k3,both_correct,0.05,0.1,257
protocol,imagenet_mnv2_100_exact_k3,imagenet_mnv2_100_crop_free_k3,both_correct,0.1,0.15,286
protocol,imagenet_mnv2_100_exact_k3,imagenet_mnv2_100_crop_free_k3,both_correct,0.15,0.2,327
protocol,imagenet_mnv2_100_exact_k3,imagenet_mnv2_100_crop_free_k3,both_correct,0.2,0.25,334
protocol,imagenet_mnv2_100_exact_k3,imagenet_mnv2_100_crop_free_k3,both_correct,0.25,0.3,387
protocol,imagenet_mnv2_100_exact_k3,imagenet_mnv2_100_crop_free_k3,both_correct,0.3,0.35,445
protocol,imagenet_mnv2_100_exact_k3,imagenet_mnv2_100_crop_free_k3,both_correct,0.35,0.4,451
protocol,imagenet_mnv2_100_exact_k3,imagenet_mnv2_100_crop_free_k3,both_correct,0.4,0.45,425
protocol,imagenet_mnv2_100_exact_k3,imagenet_mnv2_100_crop_free_k3,both_correct,0.45,0.5,450
protocol,imagenet_mnv2_100_exact_k3,imagenet_mnv2_100_crop_free_k3,both_correct,0.5,0.55,457
protocol,imagenet_mnv2_100_exact_k3,imagenet_mnv2_100_crop_free_k3,both_correct,0.55,0.6,439
protocol,imagenet_mnv2_100_exact_k3,imagenet_mnv2_100_crop_free_k3,both_correct,0.6,0.65,375
protocol,imagenet_mnv2_100_exact_k3,imagenet_mnv2_100_crop_free_k3,both_correct,0.65,0.7,334
protocol,imagenet_mnv2_100_exact_k3,imagenet_mnv2_100_crop_free_k3,both_correct,0.7,0.75,286
protocol,imagenet_mnv2_100_exact_k3,imagenet_mnv2_100_crop_free_k3,both_correct,0.75,0.8,222
protocol,imagenet_mnv2_100_exact_k3,imagenet_mnv2_100_crop_free_k3,both_correct,0.8,0.85,153
protocol,imagenet_mnv2_100_exact_k3,imagenet_mnv2_100_crop_free_k3,both_correct,0.85,0.9,66
protocol,imagenet_mnv2_100_exact_k3,imagenet_mnv2_100_crop_free_k3,both_correct,0.9,0.95,33
protocol,imagenet_mnv2_100_exact_k3,imagenet_mnv2_100_crop_free_k3,both_correct,0.95,1.0,2
yardstick,imagenet_mnv2_050_exact_k3,imagenet_mnv2_100_exact_k3,all,-1.0,-0.95,0
yardstick,imagenet_mnv2_050_exact_k3,imagenet_mnv2_100_exact_k3,all,-0.95,-0.9,0
yardstick,imagenet_mnv2_050_exact_k3,imagenet_mnv2_100_exact_k3,all,-0.9,-0.85,0
yardstick,imagenet_mnv2_050_exact_k3,imagenet_mnv2_100_exact_k3,all,-0.85,-0.8,2
yardstick,imagenet_mnv2_050_exact_k3,imagenet_mnv2_100_exact_k3,all,-0.8,-0.75,1
yardstick,imagenet_mnv2_050_exact_k3,imagenet_mnv2_100_exact_k3,all,-0.75,-0.7,6
yardstick,imagenet_mnv2_050_exact_k3,imagenet_mnv2_100_exact_k3,all,-0.7,-0.65,6
yardstick,imagenet_mnv2_050_exact_k3,imagenet_mnv2_100_exact_k3,all,-0.65,-0.6,16
yardstick,imagenet_mnv2_050_exact_k3,imagenet_mnv2_100_exact_k3,all,-0.6,-0.55,17
yardstick,imagenet_mnv2_050_exact_k3,imagenet_mnv2_100_exact_k3,all,-0.55,-0.5,46
yardstick,imagenet_mnv2_050_exact_k3,imagenet_mnv2_100_exact_k3,all,-0.5,-0.45,67
yardstick,imagenet_mnv2_050_exact_k3,imagenet_mnv2_100_exact_k3,all,-0.45,-0.4,71
yardstick,imagenet_mnv2_050_exact_k3,imagenet_mnv2_100_exact_k3,all,-0.4,-0.35,76
yardstick,imagenet_mnv2_050_exact_k3,imagenet_mnv2_100_exact_k3,all,-0.35,-0.3,122
yardstick,imagenet_mnv2_050_exact_k3,imagenet_mnv2_100_exact_k3,all,-0.3,-0.25,159
yardstick,imagenet_mnv2_050_exact_k3,imagenet_mnv2_100_exact_k3,all,-0.25,-0.2,213
yardstick,imagenet_mnv2_050_exact_k3,imagenet_mnv2_100_exact_k3,all,-0.2,-0.15,265
yardstick,imagenet_mnv2_050_exact_k3,imagenet_mnv2_100_exact_k3,all,-0.15,-0.1,307
yardstick,imagenet_mnv2_050_exact_k3,imagenet_mnv2_100_exact_k3,all,-0.1,-0.05,354
yardstick,imagenet_mnv2_050_exact_k3,imagenet_mnv2_100_exact_k3,all,-0.05,0.0,392
yardstick,imagenet_mnv2_050_exact_k3,imagenet_mnv2_100_exact_k3,all,0.0,0.05,459
yardstick,imagenet_mnv2_050_exact_k3,imagenet_mnv2_100_exact_k3,all,0.05,0.1,527
yardstick,imagenet_mnv2_050_exact_k3,imagenet_mnv2_100_exact_k3,all,0.1,0.15,530
yardstick,imagenet_mnv2_050_exact_k3,imagenet_mnv2_100_exact_k3,all,0.15,0.2,590
yardstick,imagenet_mnv2_050_exact_k3,imagenet_mnv2_100_exact_k3,all,0.2,0.25,589
yardstick,imagenet_mnv2_050_exact_k3,imagenet_mnv2_100_exact_k3,all,0.25,0.3,605
yardstick,imagenet_mnv2_050_exact_k3,imagenet_mnv2_100_exact_k3,all,0.3,0.35,644
yardstick,imagenet_mnv2_050_exact_k3,imagenet_mnv2_100_exact_k3,all,0.35,0.4,661
yardstick,imagenet_mnv2_050_exact_k3,imagenet_mnv2_100_exact_k3,all,0.4,0.45,620
yardstick,imagenet_mnv2_050_exact_k3,imagenet_mnv2_100_exact_k3,all,0.45,0.5,567
yardstick,imagenet_mnv2_050_exact_k3,imagenet_mnv2_100_exact_k3,all,0.5,0.55,506
yardstick,imagenet_mnv2_050_exact_k3,imagenet_mnv2_100_exact_k3,all,0.55,0.6,410
yardstick,imagenet_mnv2_050_exact_k3,imagenet_mnv2_100_exact_k3,all,0.6,0.65,401
yardstick,imagenet_mnv2_050_exact_k3,imagenet_mnv2_100_exact_k3,all,0.65,0.7,275
yardstick,imagenet_mnv2_050_exact_k3,imagenet_mnv2_100_exact_k3,all,0.7,0.75,218
yardstick,imagenet_mnv2_050_exact_k3,imagenet_mnv2_100_exact_k3,all,0.75,0.8,144
yardstick,imagenet_mnv2_050_exact_k3,imagenet_mnv2_100_exact_k3,all,0.8,0.85,81
yardstick,imagenet_mnv2_050_exact_k3,imagenet_mnv2_100_exact_k3,all,0.85,0.9,37
yardstick,imagenet_mnv2_050_exact_k3,imagenet_mnv2_100_exact_k3,all,0.9,0.95,9
yardstick,imagenet_mnv2_050_exact_k3,imagenet_mnv2_100_exact_k3,all,0.95,1.0,7
yardstick,imagenet_mnv2_050_exact_k3,imagenet_mnv2_100_exact_k3,both_correct,-1.0,-0.95,0
yardstick,imagenet_mnv2_050_exact_k3,imagenet_mnv2_100_exact_k3,both_correct,-0.95,-0.9,0
yardstick,imagenet_mnv2_050_exact_k3,imagenet_mnv2_100_exact_k3,both_correct,-0.9,-0.85,0
yardstick,imagenet_mnv2_050_exact_k3,imagenet_mnv2_100_exact_k3,both_correct,-0.85,-0.8,1
yardstick,imagenet_mnv2_050_exact_k3,imagenet_mnv2_100_exact_k3,both_correct,-0.8,-0.75,1
yardstick,imagenet_mnv2_050_exact_k3,imagenet_mnv2_100_exact_k3,both_correct,-0.75,-0.7,2
yardstick,imagenet_mnv2_050_exact_k3,imagenet_mnv2_100_exact_k3,both_correct,-0.7,-0.65,3
yardstick,imagenet_mnv2_050_exact_k3,imagenet_mnv2_100_exact_k3,both_correct,-0.65,-0.6,11
yardstick,imagenet_mnv2_050_exact_k3,imagenet_mnv2_100_exact_k3,both_correct,-0.6,-0.55,9
yardstick,imagenet_mnv2_050_exact_k3,imagenet_mnv2_100_exact_k3,both_correct,-0.55,-0.5,36
yardstick,imagenet_mnv2_050_exact_k3,imagenet_mnv2_100_exact_k3,both_correct,-0.5,-0.45,35
yardstick,imagenet_mnv2_050_exact_k3,imagenet_mnv2_100_exact_k3,both_correct,-0.45,-0.4,34
yardstick,imagenet_mnv2_050_exact_k3,imagenet_mnv2_100_exact_k3,both_correct,-0.4,-0.35,47
yardstick,imagenet_mnv2_050_exact_k3,imagenet_mnv2_100_exact_k3,both_correct,-0.35,-0.3,71
yardstick,imagenet_mnv2_050_exact_k3,imagenet_mnv2_100_exact_k3,both_correct,-0.3,-0.25,99
yardstick,imagenet_mnv2_050_exact_k3,imagenet_mnv2_100_exact_k3,both_correct,-0.25,-0.2,117
yardstick,imagenet_mnv2_050_exact_k3,imagenet_mnv2_100_exact_k3,both_correct,-0.2,-0.15,164
yardstick,imagenet_mnv2_050_exact_k3,imagenet_mnv2_100_exact_k3,both_correct,-0.15,-0.1,194
yardstick,imagenet_mnv2_050_exact_k3,imagenet_mnv2_100_exact_k3,both_correct,-0.1,-0.05,216
yardstick,imagenet_mnv2_050_exact_k3,imagenet_mnv2_100_exact_k3,both_correct,-0.05,0.0,242
yardstick,imagenet_mnv2_050_exact_k3,imagenet_mnv2_100_exact_k3,both_correct,0.0,0.05,286
yardstick,imagenet_mnv2_050_exact_k3,imagenet_mnv2_100_exact_k3,both_correct,0.05,0.1,318
yardstick,imagenet_mnv2_050_exact_k3,imagenet_mnv2_100_exact_k3,both_correct,0.1,0.15,332
yardstick,imagenet_mnv2_050_exact_k3,imagenet_mnv2_100_exact_k3,both_correct,0.15,0.2,365
yardstick,imagenet_mnv2_050_exact_k3,imagenet_mnv2_100_exact_k3,both_correct,0.2,0.25,387
yardstick,imagenet_mnv2_050_exact_k3,imagenet_mnv2_100_exact_k3,both_correct,0.25,0.3,355
yardstick,imagenet_mnv2_050_exact_k3,imagenet_mnv2_100_exact_k3,both_correct,0.3,0.35,398
yardstick,imagenet_mnv2_050_exact_k3,imagenet_mnv2_100_exact_k3,both_correct,0.35,0.4,421
yardstick,imagenet_mnv2_050_exact_k3,imagenet_mnv2_100_exact_k3,both_correct,0.4,0.45,396
yardstick,imagenet_mnv2_050_exact_k3,imagenet_mnv2_100_exact_k3,both_correct,0.45,0.5,355
yardstick,imagenet_mnv2_050_exact_k3,imagenet_mnv2_100_exact_k3,both_correct,0.5,0.55,312
yardstick,imagenet_mnv2_050_exact_k3,imagenet_mnv2_100_exact_k3,both_correct,0.55,0.6,259
yardstick,imagenet_mnv2_050_exact_k3,imagenet_mnv2_100_exact_k3,both_correct,0.6,0.65,262
yardstick,imagenet_mnv2_050_exact_k3,imagenet_mnv2_100_exact_k3,both_correct,0.65,0.7,183
yardstick,imagenet_mnv2_050_exact_k3,imagenet_mnv2_100_exact_k3,both_correct,0.7,0.75,140
yardstick,imagenet_mnv2_050_exact_k3,imagenet_mnv2_100_exact_k3,both_correct,0.75,0.8,96
yardstick,imagenet_mnv2_050_exact_k3,imagenet_mnv2_100_exact_k3,both_correct,0.8,0.85,51
yardstick,imagenet_mnv2_050_exact_k3,imagenet_mnv2_100_exact_k3,both_correct,0.85,0.9,21
yardstick,imagenet_mnv2_050_exact_k3,imagenet_mnv2_100_exact_k3,both_correct,0.9,0.95,6
yardstick,imagenet_mnv2_050_exact_k3,imagenet_mnv2_100_exact_k3,both_correct,0.95,1.0,3
yardstick,imagenet_mnv2_050_crop_free_k3,imagenet_mnv2_100_crop_free_k3,all,-1.0,-0.95,0
yardstick,imagenet_mnv2_050_crop_free_k3,imagenet_mnv2_100_crop_free_k3,all,-0.95,-0.9,0
yardstick,imagenet_mnv2_050_crop_free_k3,imagenet_mnv2_100_crop_free_k3,all,-0.9,-0.85,0
yardstick,imagenet_mnv2_050_crop_free_k3,imagenet_mnv2_100_crop_free_k3,all,-0.85,-0.8,1
yardstick,imagenet_mnv2_050_crop_free_k3,imagenet_mnv2_100_crop_free_k3,all,-0.8,-0.75,0
yardstick,imagenet_mnv2_050_crop_free_k3,imagenet_mnv2_100_crop_free_k3,all,-0.75,-0.7,8
yardstick,imagenet_mnv2_050_crop_free_k3,imagenet_mnv2_100_crop_free_k3,all,-0.7,-0.65,9
yardstick,imagenet_mnv2_050_crop_free_k3,imagenet_mnv2_100_crop_free_k3,all,-0.65,-0.6,13
yardstick,imagenet_mnv2_050_crop_free_k3,imagenet_mnv2_100_crop_free_k3,all,-0.6,-0.55,25
yardstick,imagenet_mnv2_050_crop_free_k3,imagenet_mnv2_100_crop_free_k3,all,-0.55,-0.5,35
yardstick,imagenet_mnv2_050_crop_free_k3,imagenet_mnv2_100_crop_free_k3,all,-0.5,-0.45,62
yardstick,imagenet_mnv2_050_crop_free_k3,imagenet_mnv2_100_crop_free_k3,all,-0.45,-0.4,57
yardstick,imagenet_mnv2_050_crop_free_k3,imagenet_mnv2_100_crop_free_k3,all,-0.4,-0.35,88
yardstick,imagenet_mnv2_050_crop_free_k3,imagenet_mnv2_100_crop_free_k3,all,-0.35,-0.3,128
yardstick,imagenet_mnv2_050_crop_free_k3,imagenet_mnv2_100_crop_free_k3,all,-0.3,-0.25,181
yardstick,imagenet_mnv2_050_crop_free_k3,imagenet_mnv2_100_crop_free_k3,all,-0.25,-0.2,223
yardstick,imagenet_mnv2_050_crop_free_k3,imagenet_mnv2_100_crop_free_k3,all,-0.2,-0.15,247
yardstick,imagenet_mnv2_050_crop_free_k3,imagenet_mnv2_100_crop_free_k3,all,-0.15,-0.1,282
yardstick,imagenet_mnv2_050_crop_free_k3,imagenet_mnv2_100_crop_free_k3,all,-0.1,-0.05,304
yardstick,imagenet_mnv2_050_crop_free_k3,imagenet_mnv2_100_crop_free_k3,all,-0.05,0.0,411
yardstick,imagenet_mnv2_050_crop_free_k3,imagenet_mnv2_100_crop_free_k3,all,0.0,0.05,439
yardstick,imagenet_mnv2_050_crop_free_k3,imagenet_mnv2_100_crop_free_k3,all,0.05,0.1,489
yardstick,imagenet_mnv2_050_crop_free_k3,imagenet_mnv2_100_crop_free_k3,all,0.1,0.15,568
yardstick,imagenet_mnv2_050_crop_free_k3,imagenet_mnv2_100_crop_free_k3,all,0.15,0.2,627
yardstick,imagenet_mnv2_050_crop_free_k3,imagenet_mnv2_100_crop_free_k3,all,0.2,0.25,621
yardstick,imagenet_mnv2_050_crop_free_k3,imagenet_mnv2_100_crop_free_k3,all,0.25,0.3,648
yardstick,imagenet_mnv2_050_crop_free_k3,imagenet_mnv2_100_crop_free_k3,all,0.3,0.35,624
yardstick,imagenet_mnv2_050_crop_free_k3,imagenet_mnv2_100_crop_free_k3,all,0.35,0.4,658
yardstick,imagenet_mnv2_050_crop_free_k3,imagenet_mnv2_100_crop_free_k3,all,0.4,0.45,571
yardstick,imagenet_mnv2_050_crop_free_k3,imagenet_mnv2_100_crop_free_k3,all,0.45,0.5,555
yardstick,imagenet_mnv2_050_crop_free_k3,imagenet_mnv2_100_crop_free_k3,all,0.5,0.55,528
yardstick,imagenet_mnv2_050_crop_free_k3,imagenet_mnv2_100_crop_free_k3,all,0.55,0.6,461
yardstick,imagenet_mnv2_050_crop_free_k3,imagenet_mnv2_100_crop_free_k3,all,0.6,0.65,408
yardstick,imagenet_mnv2_050_crop_free_k3,imagenet_mnv2_100_crop_free_k3,all,0.65,0.7,261
yardstick,imagenet_mnv2_050_crop_free_k3,imagenet_mnv2_100_crop_free_k3,all,0.7,0.75,230
yardstick,imagenet_mnv2_050_crop_free_k3,imagenet_mnv2_100_crop_free_k3,all,0.75,0.8,115
yardstick,imagenet_mnv2_050_crop_free_k3,imagenet_mnv2_100_crop_free_k3,all,0.8,0.85,81
yardstick,imagenet_mnv2_050_crop_free_k3,imagenet_mnv2_100_crop_free_k3,all,0.85,0.9,33
yardstick,imagenet_mnv2_050_crop_free_k3,imagenet_mnv2_100_crop_free_k3,all,0.9,0.95,7
yardstick,imagenet_mnv2_050_crop_free_k3,imagenet_mnv2_100_crop_free_k3,all,0.95,1.0,2
yardstick,imagenet_mnv2_050_crop_free_k3,imagenet_mnv2_100_crop_free_k3,both_correct,-1.0,-0.95,0
yardstick,imagenet_mnv2_050_crop_free_k3,imagenet_mnv2_100_crop_free_k3,both_correct,-0.95,-0.9,0
yardstick,imagenet_mnv2_050_crop_free_k3,imagenet_mnv2_100_crop_free_k3,both_correct,-0.9,-0.85,0
yardstick,imagenet_mnv2_050_crop_free_k3,imagenet_mnv2_100_crop_free_k3,both_correct,-0.85,-0.8,1
yardstick,imagenet_mnv2_050_crop_free_k3,imagenet_mnv2_100_crop_free_k3,both_correct,-0.8,-0.75,0
yardstick,imagenet_mnv2_050_crop_free_k3,imagenet_mnv2_100_crop_free_k3,both_correct,-0.75,-0.7,3
yardstick,imagenet_mnv2_050_crop_free_k3,imagenet_mnv2_100_crop_free_k3,both_correct,-0.7,-0.65,6
yardstick,imagenet_mnv2_050_crop_free_k3,imagenet_mnv2_100_crop_free_k3,both_correct,-0.65,-0.6,7
yardstick,imagenet_mnv2_050_crop_free_k3,imagenet_mnv2_100_crop_free_k3,both_correct,-0.6,-0.55,16
yardstick,imagenet_mnv2_050_crop_free_k3,imagenet_mnv2_100_crop_free_k3,both_correct,-0.55,-0.5,21
yardstick,imagenet_mnv2_050_crop_free_k3,imagenet_mnv2_100_crop_free_k3,both_correct,-0.5,-0.45,25
yardstick,imagenet_mnv2_050_crop_free_k3,imagenet_mnv2_100_crop_free_k3,both_correct,-0.45,-0.4,34
yardstick,imagenet_mnv2_050_crop_free_k3,imagenet_mnv2_100_crop_free_k3,both_correct,-0.4,-0.35,48
yardstick,imagenet_mnv2_050_crop_free_k3,imagenet_mnv2_100_crop_free_k3,both_correct,-0.35,-0.3,68
yardstick,imagenet_mnv2_050_crop_free_k3,imagenet_mnv2_100_crop_free_k3,both_correct,-0.3,-0.25,96
yardstick,imagenet_mnv2_050_crop_free_k3,imagenet_mnv2_100_crop_free_k3,both_correct,-0.25,-0.2,122
yardstick,imagenet_mnv2_050_crop_free_k3,imagenet_mnv2_100_crop_free_k3,both_correct,-0.2,-0.15,137
yardstick,imagenet_mnv2_050_crop_free_k3,imagenet_mnv2_100_crop_free_k3,both_correct,-0.15,-0.1,171
yardstick,imagenet_mnv2_050_crop_free_k3,imagenet_mnv2_100_crop_free_k3,both_correct,-0.1,-0.05,182
yardstick,imagenet_mnv2_050_crop_free_k3,imagenet_mnv2_100_crop_free_k3,both_correct,-0.05,0.0,230
yardstick,imagenet_mnv2_050_crop_free_k3,imagenet_mnv2_100_crop_free_k3,both_correct,0.0,0.05,259
yardstick,imagenet_mnv2_050_crop_free_k3,imagenet_mnv2_100_crop_free_k3,both_correct,0.05,0.1,285
yardstick,imagenet_mnv2_050_crop_free_k3,imagenet_mnv2_100_crop_free_k3,both_correct,0.1,0.15,312
yardstick,imagenet_mnv2_050_crop_free_k3,imagenet_mnv2_100_crop_free_k3,both_correct,0.15,0.2,380
yardstick,imagenet_mnv2_050_crop_free_k3,imagenet_mnv2_100_crop_free_k3,both_correct,0.2,0.25,375
yardstick,imagenet_mnv2_050_crop_free_k3,imagenet_mnv2_100_crop_free_k3,both_correct,0.25,0.3,375
yardstick,imagenet_mnv2_050_crop_free_k3,imagenet_mnv2_100_crop_free_k3,both_correct,0.3,0.35,339
yardstick,imagenet_mnv2_050_crop_free_k3,imagenet_mnv2_100_crop_free_k3,both_correct,0.35,0.4,383
yardstick,imagenet_mnv2_050_crop_free_k3,imagenet_mnv2_100_crop_free_k3,both_correct,0.4,0.45,332
yardstick,imagenet_mnv2_050_crop_free_k3,imagenet_mnv2_100_crop_free_k3,both_correct,0.45,0.5,344
yardstick,imagenet_mnv2_050_crop_free_k3,imagenet_mnv2_100_crop_free_k3,both_correct,0.5,0.55,318
yardstick,imagenet_mnv2_050_crop_free_k3,imagenet_mnv2_100_crop_free_k3,both_correct,0.55,0.6,265
yardstick,imagenet_mnv2_050_crop_free_k3,imagenet_mnv2_100_crop_free_k3,both_correct,0.6,0.65,255
yardstick,imagenet_mnv2_050_crop_free_k3,imagenet_mnv2_100_crop_free_k3,both_correct,0.65,0.7,169
yardstick,imagenet_mnv2_050_crop_free_k3,imagenet_mnv2_100_crop_free_k3,both_correct,0.7,0.75,137
yardstick,imagenet_mnv2_050_crop_free_k3,imagenet_mnv2_100_crop_free_k3,both_correct,0.75,0.8,75
yardstick,imagenet_mnv2_050_crop_free_k3,imagenet_mnv2_100_crop_free_k3,both_correct,0.8,0.85,55
yardstick,imagenet_mnv2_050_crop_free_k3,imagenet_mnv2_100_crop_free_k3,both_correct,0.85,0.9,19
yardstick,imagenet_mnv2_050_crop_free_k3,imagenet_mnv2_100_crop_free_k3,both_correct,0.9,0.95,4
yardstick,imagenet_mnv2_050_crop_free_k3,imagenet_mnv2_100_crop_free_k3,both_correct,0.95,1.0,0
