model,protocol,cell,n_zero_area,n_samples,n_high,n_moderate,n_low,n_unreliable,margin_drop_mean,margin_drop_abs_max
mobilenetv2_050,exact,all,896,115,116,0,749,31,0.0008917431014456919,0.10781078338623047
mobilenetv2_050,exact,r0/c0,109,109,15,0,93,1,0.0006752416628216385,0.037656307220458984
mobilenetv2_050,exact,r0/c1,32,32,8,0,23,1,0.001364811137318611,0.037656307220458984
mobilenetv2_050,exact,r0/c2,32,32,1,0,30,1,0.0013607647269964218,0.037656307220458984
mobilenetv2_050,exact,r0/c3,113,113,16,0,90,7,0.0007166790751229345,0.037656307220458984
mobilenetv2_050,exact,r1/c0,77,77,5,0,71,1,0.0005466475115193949,0.016306161880493164
mobilenetv2_050,exact,r1/c3,81,81,14,0,63,4,0.0018819510936737064,0.10781078338623047
mobilenetv2_050,exact,r2/c0,77,77,12,0,63,2,0.0006168447531662977,0.02329225540161133
mobilenetv2_050,exact,r2/c3,81,81,6,0,71,4,0.0007119722572373756,0.035470199584960935
mobilenetv2_050,exact,r3/c0,111,111,15,0,95,1,0.0008649946333051801,0.037656307220458984
mobilenetv2_050,exact,r3/c1,34,34,6,0,27,1,0.001207974027184879,0.037656307220458984
mobilenetv2_050,exact,r3/c2,34,34,3,0,29,2,0.0013626403668347527,0.037656307220458984
mobilenetv2_050,exact,r3/c3,115,115,15,0,94,6,0.0006442202174145242,0.037656307220458984
mobilenetv2_100,exact,all,896,115,107,0,747,42,-0.0002436551664556775,0.04790010452270508
mobilenetv2_100,exact,r0/c0,109,109,15,0,91,3,-0.00033912483705293147,0.02553424835205078
mobilenetv2_100,exact,r0/c1,32,32,4,0,27,1,-0.001098369061946869,0.014653205871582031
mobilenetv2_100,exact,r0/c2,32,32,2,0,30,0,-0.0009901836514472962,0.014653205871582031
mobilenetv2_100,exact,r0/c3,113,113,12,0,94,7,0.0002928818221640798,0.04512004852294922
mobilenetv2_100,exact,r1/c0,77,77,12,0,62,3,9.650255178476301e-05,0.02939605712890625
mobilenetv2_100,exact,r1/c3,81,81,12,0,63,6,0.0006743590037027995,0.04790010452270508
mobilenetv2_100,exact,r2/c0,77,77,6,0,69,2,6.92993015437932e-05,0.024444580078125
mobilenetv2_100,exact,r2/c3,81,81,11,0,65,5,-0.00013058097274215135,0.024444580078125
mobilenetv2_100,exact,r3/c0,111,111,10,0,97,4,-0.0005258216514243735,0.024444580078125
mobilenetv2_100,exact,r3/c1,34,34,3,0,29,2,-0.001006475616903866,0.014653205871582031
mobilenetv2_100,exact,r3/c2,34,34,2,0,30,2,-0.0011667097316068761,0.014653205871582031
mobilenetv2_100,exact,r3/c3,115,115,18,0,90,7,-0.0006275707742442255,0.024444580078125
