axis,elapsed_s,estimated_remaining_seconds,estimated_total_dump_bytes,profile_items_per_second,returncode,setting,total_clean_samples,total_perturbed_items,items,run_s_mean,run_loop_s_mean,predicted_over_run,predicted_over_loop
samples,17.978056551888585,454.89952560394266,215675584,177.97768797513586,0,n250_g4_v5_k3,250,80000,80250,320.1376217578848,301.3333333333333,1.4209499124347722,1.5096223194821108
samples,15.780591456219554,530.3778155761606,431334784,308.3124706626339,0,n500_g4_v5_k3,500,160000,160500,697.7315022060648,680.6666666666666,0.7601460073097306,0.7792034508954369
samples,21.878793135285378,1135.1375241213561,862653184,287.33411335985966,0,n1000_g4_v5_k3,1000,320000,321000,1210.583785654356,1188.6666666666667,0.9376777861829539,0.9549670702086562
samples,33.20257765240967,2222.0883195554575,1725289984,293.7785902259221,0,n2000_g4_v5_k3,2000,640000,642000,2568.614045017399,2524.0,0.865092334080267,0.8803836448317978
samples,55.2429981417954,5527.254802671571,3450563584,235.7397690186317,0,n4000_g4_v5_k3,4000,1280000,1284000,4884.397529623471,4825.0,1.1316144456197972,1.1455450368231235
regions,11.503509287722409,293.98137936368585,217533184,292.69646290087366,0,n1000_g2_v5_k3,1000,80000,81000,325.2413762755071,313.0,0.903886777046038,0.9392376337497951
regions,38.895653208717704,2719.183743909149,1937853184,267.10292923617243,0,n1000_g6_v5_k3,1000,720000,721000,3010.453198613599,2971.6666666666665,0.9032473068046406,0.9150365935757092
regions,62.1937963757664,5757.836103392765,3443133184,223.26408950364743,0,n1000_g8_v5_k3,1000,1280000,1281000,4774.3284343803925,4714.0,1.2059991646008348,1.2214331997014776
controls,9.340152435936034,138.77673230599612,108774784,311.4568055619375,0,n500_g4_v5_k0,500,40000,40500,167.92728501713523,158.0,0.8264096706609375,0.8783337487721273
controls,10.78649762365967,272.7692642249167,216294784,303.9054329096159,0,n500_g4_v5_k1,500,80000,80500,329.90502008174855,318.6666666666667,0.8268114991318594,0.8559704944296549
controls,28.853616544045508,1677.6784016679571,1183974784,263.86601120917504,0,n500_g4_v5_k10,500,440000,440500,1675.6037247246131,1647.3333333333333,1.0012381668247277,1.0184207213686507
controls,45.15411195810884,3239.7754745318693,2259174784,260.1600506475529,0,n500_g4_v5_k20,500,840000,840500,3401.0261601107195,3355.3333333333335,0.9525876373813013,0.9655599467112664
perturbations,8.446022474206984,105.32261922489852,87270784,335.4272913343129,0,n500_g4_v1_k3,500,32000,32500,108.06998352892697,99.66666666666667,0.9745779150295413,1.056748687875236
perturbations,12.927770293317735,198.41831354424357,173286784,338.71776901061924,0,n500_g4_v2_k3,500,64000,64500,244.4955650307238,231.0,0.8115415652603348,0.8589537382867687
perturbations,17.834082142449915,745.4399103065953,603366784,304.5985759984634,0,n500_g4_v7_k3,500,224000,224500,816.0947671920682,797.6666666666666,0.9134232202853418,0.9345255875134918
