axis,y,model,a,b,r2,n_points,x_min,x_max
samples,run_s,a + b*items,40.31408588547458,0.0037922922419537726,0.9974287070474144,11,80250.0,1284000.0
samples,run_loop_s,a + b*items,27.323126142596006,0.0037550558982156986,0.9974459428946352,11,80250.0,1284000.0
samples,preflight_s,a + b*items,12.990959742879044,3.7236343738073386e-05,0.9333019956432363,11,80250.0,1284000.0
samples,metrics_s,a + b*items,0.7490321745503582,0.0004719901794518831,0.9999764384840569,11,80250.0,1284000.0
samples,analyze_s,a + b*items,1.6100620208261665,0.0003541416800016593,0.9999173914470965,11,80250.0,1284000.0
samples,report_s,a + b*items,4.61803762543472,0.00011452194363374365,0.9996828688570948,11,80250.0,1284000.0
samples,pipeline_s,a + b*items,47.29121770628647,0.004732946045041058,0.9983021888944887,11,80250.0,1284000.0
samples,run_rss_gib,a + b*items,16.71818490350922,8.255420554831397e-06,0.2058861452546371,11,80250.0,1284000.0
samples,metrics_rss_gib,a + b*items,1.0417830957137235,1.567668122143816e-05,0.9972055416921644,11,80250.0,1284000.0
samples,analyze_rss_gib,a + b*items,0.5808647441689644,1.796292822801217e-05,0.9999639988229938,11,80250.0,1284000.0
samples,report_rss_gib,a + b*items,0.34483942558386155,1.2316403915301945e-05,0.9999438159547523,11,80250.0,1284000.0
samples,raw_bytes,c*items,0.0,3764.451609184745,0.9999999052409667,11,80250.0,1284000.0
samples,total_bytes,c*items,0.0,4178.949949976819,0.9999844612061969,11,80250.0,1284000.0
regions,run_s,a + b*items,73.70189872726391,0.0037544921797066557,0.9504167952995736,12,81000.0,1281000.0
regions,run_loop_s,a + b*items,64.53375322997562,0.003714308785529716,0.9494746047639098,12,81000.0,1281000.0
regions,preflight_s,a + b*items,9.168145497289192,4.018339417694023e-05,0.9988184256960266,12,81000.0,1281000.0
regions,metrics_s,a + b*items,3.719865939835427,0.00045197215778178615,0.9997594446050299,12,81000.0,1281000.0
regions,analyze_s,a + b*items,1.3426752335381793,0.000350450863155238,0.9998964286027905,12,81000.0,1281000.0
regions,report_s,a + b*items,4.55271507956374,0.0001137458694216769,0.9995360132442862,12,81000.0,1281000.0
regions,pipeline_s,a + b*items,83.31715498020054,0.004670661070065358,0.96725516256061,12,81000.0,1281000.0
regions,run_rss_gib,a + b*items,14.087739246575413,1.9369571892790096e-05,0.8584343984271458,12,81000.0,1281000.0
regions,metrics_rss_gib,a + b*items,1.0627418672699676,1.556808640482506e-05,0.9983928095904897,12,81000.0,1281000.0
regions,analyze_rss_gib,a + b*items,0.5698885059479922,1.7954745834804013e-05,0.9999551218967572,12,81000.0,1281000.0
regions,report_rss_gib,a + b*items,0.290770991335235,1.2349170800635367e-05,0.9990771024236458,12,81000.0,1281000.0
regions,raw_bytes,c*items,0.0,3446.8389791420386,0.9992858995183941,12,81000.0,1281000.0
regions,total_bytes,c*items,0.0,3798.4232523313035,0.9991849058565424,12,81000.0,1281000.0
controls,run_s,a + b*items,6.099234594480323,0.003994686412267445,0.996853356502133,15,40500.0,840500.0
controls,run_loop_s,a + b*items,-2.4385162601621677,0.00395020325203252,0.9967891274709916,15,40500.0,840500.0
controls,preflight_s,a + b*items,8.537750854642136,4.4483160234925156e-05,0.9958760195966011,15,40500.0,840500.0
controls,metrics_s,a + b*items,1.918440491755622,0.0004503420610388524,0.9997906344381692,15,40500.0,840500.0
controls,analyze_s,a + b*items,4.770857308757754,0.00032031522129948156,0.9997405640524873,15,40500.0,840500.0
controls,report_s,a + b*items,7.449331835277485,9.081460791371633e-05,0.999373904932492,15,40500.0,840500.0
controls,pipeline_s,a + b*items,20.237864230271047,0.004856158302519495,0.9977343174021331,15,40500.0,840500.0
controls,run_rss_gib,a + b*items,15.54391551738376,2.9600565721976132e-05,0.8127997325415036,15,40500.0,840500.0
controls,metrics_rss_gib,a + b*items,0.9030380008438492,1.585360522021636e-05,0.9932982350968389,15,40500.0,840500.0
controls,analyze_rss_gib,a + b*items,0.6232778780543609,1.75366167472573e-05,0.9999053792808514,15,40500.0,840500.0
controls,report_rss_gib,a + b*items,0.5962765538139481,1.1153309884566204e-05,0.9997525175889751,15,40500.0,840500.0
controls,raw_bytes,c*items,0.0,3767.0723262640645,0.9999999732161362,15,40500.0,840500.0
controls,total_bytes,c*items,0.0,3974.4192571069266,0.9995232814779306,15,40500.0,840500.0
perturbations,run_s,a + b*items,3.233630789404694,0.0038453470846476464,0.955052868001213,12,32500.0,224500.0
perturbations,run_loop_s,a + b*items,-5.404475732600596,0.0037979624542124535,0.9545954561788326,12,32500.0,224500.0
perturbations,preflight_s,a + b*items,8.63810652200525,4.738463043519245e-05,0.8606855847886341,12,32500.0,224500.0
perturbations,metrics_s,a + b*items,1.6340363590634708,0.0004538235261065343,0.9987120413316236,12,32500.0,224500.0
perturbations,analyze_s,a + b*items,5.436791781472009,0.00033523431793644145,0.9991821476255099,12,32500.0,224500.0
perturbations,report_s,a + b*items,6.067628030234902,0.0001056632239640402,0.996494817275932,12,32500.0,224500.0
perturbations,pipeline_s,a + b*items,16.372086960174904,0.0047400681526546615,0.969030440018499,12,32500.0,224500.0
perturbations,run_rss_gib,a + b*items,10.260448236168525,7.6297877909063e-05,0.7819582090282248,12,32500.0,224500.0
perturbations,metrics_rss_gib,a + b*items,0.5591059534540981,1.848116025819883e-05,0.999852823609987,12,32500.0,224500.0
perturbations,analyze_rss_gib,a + b*items,0.7971598634789728,1.7814039747356928e-05,0.9921507744858854,12,32500.0,224500.0
perturbations,report_rss_gib,a + b*items,0.6332538708662377,1.1972592427180363e-05,0.9789735790050946,12,32500.0,224500.0
perturbations,raw_bytes,c*items,0.0,3771.0243512356055,0.9999991934042282,12,32500.0,224500.0
perturbations,total_bytes,c*items,0.0,4225.935458555037,0.9998094475855444,12,32500.0,224500.0
pooled,run_s,a + b*items,22.228880932354638,0.0038445468609441015,0.979272807585651,41,32500.0,1284000.0
pooled,run_loop_s,a + b*items,12.220676271051339,0.0038041316815785576,0.9789106381814761,41,32500.0,1284000.0
pooled,preflight_s,a + b*items,10.008204661303449,4.041517936554376e-05,0.9760082715029701,41,32500.0,1284000.0
pooled,metrics_s,a + b*items,1.3294520338246252,0.0004566887737184176,0.9994049700290385,41,32500.0,1284000.0
pooled,analyze_s,a + b*items,2.10512698812329,0.000344547562537222,0.997828603069731,41,32500.0,1284000.0
pooled,report_s,a + b*items,4.756123238448464,0.00010931453126836584,0.9895259402371039,41,32500.0,1284000.0
pooled,pipeline_s,a + b*items,30.419583192751666,0.004755097728468105,0.9864618236451547,41,32500.0,1284000.0
pooled,run_rss_gib,a + b*items,15.387936997082505,1.9188382778243292e-05,0.6020182328501229,41,32500.0,1284000.0
pooled,metrics_rss_gib,a + b*items,0.8967008330715039,1.5764152483946067e-05,0.9974832535091681,41,32500.0,1284000.0
pooled,analyze_rss_gib,a + b*items,0.6634076278919717,1.7783480617701388e-05,0.9995573614416167,41,32500.0,1284000.0
pooled,report_rss_gib,a + b*items,0.4933393791775081,1.1967060369154141e-05,0.9971841894214954,41,32500.0,1284000.0
pooled,raw_bytes,c*items,0.0,3582.7257388631106,0.997685176661981,41,32500.0,1284000.0
pooled,total_bytes,c*items,0.0,3911.8902334285535,0.9980184847451161,41,32500.0,1284000.0
