measure,unit,workflow,mean,min,max,n_repeats
end-to-end wall time,s,captum,185.11706206264594,181.46141744498163,192.01235547475517,3
end-to-end wall time,s,ssat,1333.554288012286,1317.8494317624718,1354.0879229540005,3
audit stage (all model evaluations),s,captum,172.67931292640665,169.11635357141495,179.38443804252893,3
audit stage (all model evaluations),s,ssat,1032.8770920904353,1018.2368062855676,1051.5513908416033,3
analysis + report stage,s,captum,12.43774913623929,12.340266102924943,12.62791743222624,3
analysis + report stage,s,ssat,300.6771959218507,299.6126254769042,302.53653211239725,3
perturbed model evaluations,items,captum,320000.0,320000.0,320000.0,3
perturbed model evaluations,items,ssat,320000.0,320000.0,320000.0,3
end-to-end wall time per perturbed item,ms,captum,0.5784908189457686,0.5670669295155676,0.6000386108586099,3
end-to-end wall time per perturbed item,ms,ssat,4.167357150038393,4.118279474257724,4.2315247592312515,3
audit wall time per perturbed item,ms,captum,0.5396228528950209,0.5284886049106717,0.5605763688829029,3
audit wall time per perturbed item,ms,ssat,3.2277409127826107,3.1819900196423987,3.28609809638001,3
"peak host RSS, largest process",GiB,captum,4.074515024820964,4.053874969482422,4.107368469238281,3
"peak host RSS, largest process",GiB,ssat,16.180203755696613,14.825870513916016,18.888774871826172,3
"peak host RSS, summed process tree",GiB,captum,12.007779439290365,11.988933563232422,12.030567169189453,3
"peak host RSS, summed process tree",GiB,ssat,34.73486073811849,34.38862609863281,35.0789794921875,3
"peak GPU memory, device total",MiB,captum,13346.333333333334,13234.0,13570.0,3
"peak GPU memory, device total",MiB,ssat,3218.3333333333335,3049.0,3415.0,3
peak GPU memory above the idle baseline,MiB,captum,11652.333333333334,11632.0,11665.0,3
peak GPU memory above the idle baseline,MiB,ssat,1504.6666666666667,1478.0,1520.0,3
mean GPU utilization during the audit stage,%,captum,67.42469867509006,66.76455368693402,67.85714285714286,3
mean GPU utilization during the audit stage,%,ssat,3.957894211685526,3.553915275994865,4.61519302615193,3
total storage,bytes,captum,75934703.66666667,75934703.0,75934704.0,3
total storage,bytes,ssat,1346342263.0,1346342262.0,1346342264.0,3
