label_id,action_name,two_person,relevant_groups,primary_groups,top_group,auroc,top1_hit,spearman
0,drink water,0,head;torso;arms;hands,hands,head,0.5,0.0,-0.44721359549995787
1,eat meal/snack,0,head;torso;arms;hands,hands,head,1.0,0.0,0.6708203932499368
2,brushing teeth,0,head;arms;hands,arms;hands,head,1.0,0.0,0.6324555320336759
3,brushing hair,0,head;arms;hands,head;arms;hands,head,1.0,1.0,0.8660254037844386
4,drop,0,torso;arms;hands;legs,,legs,0.25,,-0.35355339059327373
5,pickup,0,torso;arms;hands;legs,,legs,1.0,,0.7071067811865475
6,throw,0,arms;hands,arms,hands,1.0,0.0,0.7826237921249264
7,sitting down,0,torso;legs,,legs,1.0,,0.8660254037844386
8,standing up (from sitting position),0,torso;legs,,legs,1.0,,0.8660254037844386
9,clapping,0,torso;arms;hands,torso;arms;hands,head,0.5,0.0,0.0
10,reading,0,torso;arms;hands,torso;arms;hands,head,0.16666666666666666,0.0,-0.5773502691896257
11,writing,0,torso;arms;hands,torso;arms;hands,legs,0.16666666666666666,0.0,-0.5773502691896257
12,tear up paper,0,torso;arms;hands,arms;hands,torso,0.6666666666666666,0.0,0.0
13,wear jacket,0,torso;arms;hands,,head,0.0,,-0.8660254037844386
14,take off jacket,0,torso;arms;hands;legs,,legs,0.75,,0.35355339059327373
15,wear a shoe,0,torso;arms;hands;legs,legs,head,0.0,0.0,-0.22360679774997894
16,take off a shoe,0,torso;arms;hands;legs,legs,legs,0.25,1.0,0.22360679774997894
17,wear on glasses,0,head;torso;arms;hands,hands,hands,1.0,1.0,0.8944271909999157
18,take off glasses,0,head;torso;arms;hands,hands,arms,1.0,0.0,0.6708203932499368
19,put on a hat/cap,0,head;arms;hands,head,legs,0.5,0.0,0.0
20,take off a hat/cap,0,head;arms;hands,head,legs,0.16666666666666666,0.0,-0.5797509043642028
21,cheer up,0,arms;hands,,arms,1.0,,0.8660254037844386
22,hand waving,0,arms;hands,hands,arms,1.0,0.0,0.7826237921249264
23,kicking something,0,legs,legs,legs,1.0,1.0,0.7071067811865475
24,reach into pocket,0,torso;arms;hands;legs,torso;hands;legs,legs,1.0,1.0,0.8944271909999157
25,hopping (one foot jumping),0,torso;legs,legs,legs,0.8333333333333334,1.0,0.6708203932499368
26,jump up,0,torso;legs,legs,head,0.6666666666666666,0.0,0.3354101966249684
27,make a phone call/answer phone,0,head;arms;hands,hands,arms,0.5,0.0,0.0
28,playing with phone/tablet,0,torso;arms;hands,torso;hands,hands,0.8333333333333334,1.0,0.4743416490252569
29,typing on a keyboard,0,torso;arms;hands,arms;hands,hands,0.6666666666666666,1.0,0.4743416490252569
30,pointing to something with finger,0,arms;hands,arms;hands,hands,1.0,1.0,0.8660254037844386
31,taking a selfie,0,head;arms;hands,hands,arms,1.0,0.0,0.6324555320336759
32,check time (from watch),0,head;torso;arms;hands,arms,torso,1.0,0.0,0.6708203932499368
33,rub two hands together,0,torso;arms;hands,arms,arms,0.6666666666666666,1.0,0.5270462766947299
34,nod head/bow,0,head;torso,torso,legs,0.6666666666666666,0.0,0.22360679774997894
35,shake head,0,head,head,head,1.0,1.0,0.7071067811865475
36,wipe face,0,head;arms;hands,head;hands,torso,0.0,0.0,-0.9486832980505138
37,salute,0,head;arms;hands,arms,hands,0.8333333333333334,0.0,0.5797509043642028
38,put the palms together,0,torso;arms;hands,torso;arms,hands,1.0,0.0,0.6324555320336759
39,cross hands in front (say stop),0,head;arms;hands,arms,torso,0.3333333333333333,0.0,-0.05270462766947298
40,sneeze/cough,0,head;torso;arms;hands,torso,head,1.0,0.0,0.6708203932499368
41,staggering,0,legs,legs,legs,1.0,1.0,0.7071067811865475
42,falling,0,torso;legs,,legs,1.0,,0.8660254037844386
43,touch head (headache),0,head;arms;hands,head;hands,hands,0.8333333333333334,1.0,0.4743416490252569
44,touch chest (stomachache/heart pain),0,head;torso;arms;hands,torso;arms,torso,0.25,1.0,0.26352313834736496
45,touch back (backache),0,torso;arms;hands,torso;arms,torso,0.5,1.0,0.31622776601683794
46,touch neck (neckache),0,head;arms;hands,arms,head,1.0,0.0,0.7905694150420948
47,nausea or vomiting condition,0,head;torso;arms;hands,,torso,1.0,,0.7071067811865475
48,use a fan (with hand or paper)/feeling warm,0,arms;hands,,torso,0.0,,-0.8660254037844386
49,punching/slapping other person,1,torso;arms;hands,arms,head,0.16666666666666666,0.0,-0.26352313834736496
50,kicking other person,1,legs,legs,torso,0.5,0.0,0.0
51,pushing other person,1,arms;hands,,head,0.5,,0.0
52,pat on back of other person,1,arms;hands,arms,hands,0.8333333333333334,0.0,0.44721359549995787
53,point finger at the other person,1,arms;hands,arms;hands,head,0.6666666666666666,0.0,0.28867513459481287
54,hugging other person,1,torso;arms;hands,,torso,0.8333333333333334,,0.5773502691896257
55,giving something to other person,1,arms;hands,arms;hands,arms,0.5,1.0,0.0
56,touch other person's pocket,1,arms;hands,arms;hands,hands,0.6666666666666666,1.0,0.28867513459481287
57,handshaking,1,arms;hands,arms;hands,arms,1.0,1.0,0.8660254037844386
58,walking towards each other,1,legs,,legs,1.0,,0.7071067811865475
59,walking apart from each other,1,legs,,head,0.25,,-0.35355339059327373
