label_id,head,torso,arms,hands,legs,relevant,primary
0,1.0,1.0,1.0,2.0,0.0,4,1
1,1.0,1.0,1.0,2.0,0.0,4,1
2,1.0,0.0,2.0,2.0,0.0,3,2
3,2.0,0.0,2.0,2.0,0.0,3,3
4,0.0,1.0,1.0,1.0,1.0,4,0
5,0.0,1.0,1.0,1.0,1.0,4,0
6,0.0,0.0,2.0,1.0,0.0,2,1
7,0.0,1.0,0.0,0.0,1.0,2,0
8,0.0,1.0,0.0,0.0,1.0,2,0
9,0.0,2.0,2.0,2.0,0.0,3,3
10,0.0,2.0,2.0,2.0,0.0,3,3
11,0.0,2.0,2.0,2.0,0.0,3,3
12,0.0,1.0,2.0,2.0,0.0,3,2
13,0.0,1.0,1.0,1.0,0.0,3,0
14,0.0,1.0,1.0,1.0,1.0,4,0
15,0.0,1.0,1.0,1.0,2.0,4,1
16,0.0,1.0,1.0,1.0,2.0,4,1
17,1.0,1.0,1.0,2.0,0.0,4,1
18,1.0,1.0,1.0,2.0,0.0,4,1
19,2.0,0.0,1.0,1.0,0.0,3,1
20,2.0,0.0,1.0,1.0,0.0,3,1
21,0.0,0.0,1.0,1.0,0.0,2,0
22,0.0,0.0,1.0,2.0,0.0,2,1
23,0.0,0.0,0.0,0.0,2.0,1,1
24,0.0,2.0,1.0,2.0,2.0,4,3
25,0.0,1.0,0.0,0.0,2.0,2,1
26,0.0,1.0,0.0,0.0,2.0,2,1
27,1.0,0.0,1.0,2.0,0.0,3,1
28,0.0,2.0,1.0,2.0,0.0,3,2
29,0.0,1.0,2.0,2.0,0.0,3,2
30,0.0,0.0,2.0,2.0,0.0,2,2
31,1.0,0.0,1.0,2.0,0.0,3,1
32,1.0,1.0,2.0,1.0,0.0,4,1
33,0.0,1.0,2.0,1.0,0.0,3,1
34,1.0,2.0,0.0,0.0,0.0,2,1
35,2.0,0.0,0.0,0.0,0.0,1,1
36,2.0,0.0,1.0,2.0,0.0,3,2
37,1.0,0.0,2.0,1.0,0.0,3,1
38,0.0,2.0,2.0,1.0,0.0,3,2
39,1.0,0.0,2.0,1.0,0.0,3,1
40,1.0,2.0,1.0,1.0,0.0,4,1
41,0.0,0.0,0.0,0.0,2.0,1,1
42,0.0,1.0,0.0,0.0,1.0,2,0
43,2.0,0.0,1.0,2.0,0.0,3,2
44,1.0,2.0,2.0,1.0,0.0,4,2
45,0.0,2.0,2.0,1.0,0.0,3,2
46,1.0,0.0,2.0,1.0,0.0,3,1
47,1.0,1.0,1.0,1.0,0.0,4,0
48,0.0,0.0,1.0,1.0,0.0,2,0
49,0.0,1.0,2.0,1.0,0.0,3,1
50,0.0,0.0,0.0,0.0,2.0,1,1
51,0.0,0.0,1.0,1.0,0.0,2,0
52,0.0,0.0,2.0,1.0,0.0,2,1
53,0.0,0.0,2.0,2.0,0.0,2,2
54,0.0,1.0,1.0,1.0,0.0,3,0
55,0.0,0.0,2.0,2.0,0.0,2,2
56,0.0,0.0,2.0,2.0,0.0,2,2
57,0.0,0.0,2.0,2.0,0.0,2,2
58,0.0,0.0,0.0,0.0,1.0,1,0
59,0.0,0.0,0.0,0.0,1.0,1,0
