group,n_relevant_classes,n_primary_classes,auroc_across_classes,mean_lift_relevant,mean_lift_not_relevant,n_classes_top_group,run
head,21,6,0.7167277167277167,0.46920455426590424,-0.2526486061431792,16,exact
torso,32,10,0.7142857142857143,0.28079066899338245,-0.3209036217067225,10,exact
arms,48,23,0.8315972222222222,0.2078517723082817,-0.8314070892331271,8,exact
hands,48,23,0.7256944444444444,0.14159893529734927,-0.5663957411893975,10,exact
legs,16,8,0.7301136363636364,0.6683062826332303,-0.2430204664120836,16,exact
head,21,6,0.6593406593406593,0.4529488606581148,-0.24389554035436922,17,crop_free
torso,32,10,0.75,0.3533062451864243,-0.40377856592734185,10,crop_free
arms,48,23,0.7934027777777778,0.1870507132565381,-0.748202853026152,6,crop_free
hands,48,23,0.6770833333333334,0.1192173981654815,-0.4768695926619259,11,crop_free
legs,16,8,0.6789772727272727,0.5888598920695916,-0.21413086984348773,16,crop_free
