axis,level,repeat,setting,n,grid,regions,v,k,planned_items,manifest_items,started_at,run_loop_s,gpu_peak_mib,gpu_util_mean,run_s,run_rss_gib,metrics_s,metrics_rss_gib,analyze_s,analyze_rss_gib,report_s,report_rss_gib,preflight_s,pipeline_s,raw_bytes,total_bytes,bytes_clean,bytes_perturbed,bytes_index,bytes_metrics,bytes_analysis,bytes_report,bytes_other,bytes_total,items,loop_items_per_s,run_items_per_s
samples,1000,0,n1000_g4_v5_k3,1000,4,16,5,3,321000,321000,2026-10-02T05:54:31.620719+00:00,1152.0,3436,4.541496092296241,1173.0064952773973,23.32599639892578,150.59384120907634,6.483806610107422,114.82089967373759,6.3664398193359375,41.079756383784115,4.325504302978516,21.006495277397335,1479.5009925439954,1208943020,1347950596,4093715,1193271023,11574094,27542958,22078927,89385691,4188,1347950596,321000,278.6458333333333,273.6557736827268
samples,4000,0,n4000_g4_v5_k3,4000,4,16,5,3,1284000,1284000,2026-10-02T06:19:11.316369+00:00,4537.0,3613,4.053214761270687,4594.053441192955,23.36712646484375,597.6454511079937,21.075706481933594,459.18988855183125,23.646106719970703,154.32717102207243,16.18387222290039,57.05344119295478,5805.215951874852,4832983648,5355760862,15131883,4771610394,46237182,108995692,85773962,328007560,4189,5355760862,1284000,283.00639188891336,279.4917421915273
samples,1000,1,n1000_g4_v5_k3,1000,4,16,5,3,321000,321000,2026-10-02T07:55:56.869072+00:00,1166.0,3401,3.9619345347554247,1188.6065927846357,23.23133087158203,153.4099517511204,6.486629486083984,115.12390921171755,6.365348815917969,42.372089450247586,4.2795562744140625,22.606592784635723,1499.5125431977212,1208943020,1347950596,4093715,1193271023,11574094,27542958,22078927,89385691,4188,1347950596,321000,275.3001715265866,270.0641254630515
samples,1000,2,n1000_g4_v5_k3,1000,4,16,5,3,321000,321000,2026-10-02T08:20:56.546588+00:00,1205.0,3343,4.4691181720814,1226.416472863406,23.30044174194336,153.9523492436856,6.470367431640625,117.30470560397953,6.362758636474609,42.91190713644028,4.312274932861328,21.416472863405943,1540.5854348475114,1208943020,1347950595,4093715,1193271023,11574094,27542958,22078927,89385690,4188,1347950595,321000,266.3900414937759,261.73816733767234
controls,0,0,n500_g4_v5_k0,500,4,16,5,0,40500,40500,2026-10-02T08:49:18.010735+00:00,170.0,3580,4.391515151515152,180.4439160451293,12.14510726928711,20.83625479694456,1.2559700012207031,16.826880899257958,1.2883682250976562,11.391448150388896,1.1372909545898438,10.4439160451293,229.4984998917207,152940694,209458909,2357470,149134058,1445062,4108917,2763938,49645360,4104,209458909,40500,238.23529411764707,224.446470059267
controls,20,0,n500_g4_v5_k20,500,4,16,5,20,840500,840500,2026-10-02T08:53:07.623897+00:00,2997.0,3553,3.4157279029462737,3043.037540643476,38.9699821472168,377.60656741727144,13.85818099975586,273.88810505066067,15.339962005615234,83.43644741084427,9.92110824584961,46.03754064347595,3777.9686605222523,3166213875,3318140877,2357470,3133495306,30356911,69952500,33287076,48687426,4188,3318140877,840500,280.4471137804471,276.20428232451883
controls,20,1,n500_g4_v5_k20,500,4,16,5,20,840500,840500,2026-10-02T09:56:05.834159+00:00,3185.0,3599,3.5730847457627117,3230.5906911054626,47.78345489501953,380.3645901111886,13.853477478027344,274.99544385354966,15.309314727783203,83.06548913009465,10.040847778320312,45.59069110546261,3969.0162142002955,3166213875,3318140876,2357470,3133495306,30356911,69952500,33287076,48687425,4188,3318140876,840500,263.8932496075353,260.16913944378166
controls,0,1,n500_g4_v5_k0,500,4,16,5,0,40500,40500,2026-10-02T11:02:15.117019+00:00,156.0,2813,2.7353324641460235,166.94089989271015,11.992504119873047,19.687208587303758,1.247955322265625,16.06445616018027,1.2571640014648438,10.718236199580133,1.1140289306640625,10.94089989271015,213.4108008397743,152940694,209458910,2357470,149134058,1445062,4108917,2763938,49645361,4104,209458910,40500,259.61538461538464,242.60082475911298
controls,20,2,n500_g4_v5_k20,500,4,16,5,20,840500,840500,2026-10-02T11:05:48.646016+00:00,3074.0,2807,3.057164901451918,3116.7199619598687,29.240467071533203,379.4733289796859,13.868549346923828,270.3417847007513,15.298919677734375,83.90696009900421,9.919273376464844,42.71996195986867,3850.44203573931,3166213875,3318140877,2357470,3133495306,30356911,69952500,33287076,48687426,4188,3318140877,840500,273.42225113858166,269.6745329251439
controls,0,2,n500_g4_v5_k0,500,4,16,5,0,40500,40500,2026-10-02T12:09:59.302853+00:00,155.0,2754,2.8641160949868074,164.9024524902925,12.126655578613281,19.92225302197039,1.2331314086914062,16.08956194948405,1.2588729858398438,10.64967012219131,1.1189842224121094,9.90245249029249,211.56393758393824,152940694,209458910,2357470,149134058,1445062,4108917,2763938,49645361,4104,209458910,40500,261.2903225806452,245.59974329298808
