run,dataset,scheme,k,n_replicates,n_anchor_conditions,median,p90,replicate_median_mean,replicate_median_p05,replicate_median_p95
a2_imagenet_mnv2_050_cf_k20,imagenet,prefix,1,1,96000,0.6489171940020244,1.592613128726525,0.6489171940020244,0.6489171940020244,0.6489171940020244
a2_imagenet_mnv2_050_cf_k20,imagenet,prefix,2,1,96000,0.46543307955388125,1.0933770712734483,0.46543307955388125,0.46543307955388125,0.46543307955388125
a2_imagenet_mnv2_050_cf_k20,imagenet,prefix,3,1,96000,0.37402356680138715,0.871688429743763,0.37402356680138715,0.37402356680138715,0.37402356680138715
a2_imagenet_mnv2_050_cf_k20,imagenet,prefix,5,1,96000,0.27238414742267913,0.6388259406154438,0.27238414742267913,0.27238414742267913,0.27238414742267913
a2_imagenet_mnv2_050_cf_k20,imagenet,prefix,10,1,96000,0.15766879718230142,0.3688965795197082,0.15766879718230142,0.15766879718230142,0.15766879718230142
a2_imagenet_mnv2_050_cf_k20,imagenet,global_random,1,200,96000,0.6482446378946416,1.6027783701649478,0.6481624657841452,0.6442544142366511,0.6517475390096944
a2_imagenet_mnv2_050_cf_k20,imagenet,global_random,2,200,96000,0.46631530937002774,1.0971724454729919,0.4663211103880158,0.46308944733705126,0.4688012456347028
a2_imagenet_mnv2_050_cf_k20,imagenet,global_random,3,200,96000,0.3732078550726482,0.8712545633001995,0.3732046969885631,0.371050851625584,0.37562720121382676
a2_imagenet_mnv2_050_cf_k20,imagenet,global_random,5,200,96000,0.2725233507132219,0.635952179053651,0.27251956219131557,0.2709988757114977,0.2741886658428069
a2_imagenet_mnv2_050_cf_k20,imagenet,global_random,10,200,96000,0.15742788879196773,0.3683250437836906,0.15742436773118726,0.15649144660264405,0.1584213706209885
a2_imagenet_mnv2_050_exact_k20,imagenet,prefix,1,1,96000,0.6365138620285491,1.6069962834904106,0.6365138620285491,0.6365138620285491,0.6365138620285491
a2_imagenet_mnv2_050_exact_k20,imagenet,prefix,2,1,96000,0.4632315107733306,1.0948853015383617,0.4632315107733306,0.4632315107733306,0.4632315107733306
a2_imagenet_mnv2_050_exact_k20,imagenet,prefix,3,1,96000,0.3737446333765191,0.8701955648994774,0.3737446333765191,0.3737446333765191,0.3737446333765191
a2_imagenet_mnv2_050_exact_k20,imagenet,prefix,5,1,96000,0.2721983832342608,0.6335419734111974,0.2721983832342608,0.2721983832342608,0.2721983832342608
a2_imagenet_mnv2_050_exact_k20,imagenet,prefix,10,1,96000,0.15818680620665312,0.36764400850759904,0.15818680620665312,0.15818680620665312,0.15818680620665312
a2_imagenet_mnv2_050_exact_k20,imagenet,global_random,1,200,96000,0.6350712100802365,1.6068235724830982,0.6350670679075457,0.6325322959874942,0.6384725056819045
a2_imagenet_mnv2_050_exact_k20,imagenet,global_random,2,200,96000,0.4638335055944644,1.096938942502454,0.4638304278236533,0.46068777318577475,0.4670884652606031
a2_imagenet_mnv2_050_exact_k20,imagenet,global_random,3,200,96000,0.3728712915042572,0.8708145959421125,0.3728764119652157,0.3707128365621774,0.3751959763704466
a2_imagenet_mnv2_050_exact_k20,imagenet,global_random,5,200,96000,0.2729501949711731,0.6356440579435815,0.2729470160724963,0.2713572385986114,0.2746343870046551
a2_imagenet_mnv2_050_exact_k20,imagenet,global_random,10,200,96000,0.157886385822702,0.368267860225157,0.15788658721062301,0.15687915439988517,0.15873180137877171
a2_synthetic_shortcut_k20,synthetic,prefix,1,1,16000,0.44519901140396345,1.534357584997276,0.44519901140396345,0.44519901140396345,0.44519901140396345
a2_synthetic_shortcut_k20,synthetic,prefix,2,1,16000,0.41746087838610735,1.1343489831614033,0.41746087838610735,0.41746087838610735,0.41746087838610735
a2_synthetic_shortcut_k20,synthetic,prefix,3,1,16000,0.3787307709848464,0.8703820000066683,0.3787307709848464,0.3787307709848464,0.3787307709848464
a2_synthetic_shortcut_k20,synthetic,prefix,5,1,16000,0.3032220590193322,0.6076386282017743,0.3032220590193322,0.3032220590193322,0.3032220590193322
a2_synthetic_shortcut_k20,synthetic,prefix,10,1,16000,0.18125974379809628,0.35110351977362525,0.18125974379809628,0.18125974379809628,0.18125974379809628
a2_synthetic_shortcut_k20,synthetic,global_random,1,200,16000,0.44396473151223886,1.478069378978429,0.44395307319215016,0.4411366867661961,0.4454956783788184
a2_synthetic_shortcut_k20,synthetic,global_random,2,200,16000,0.41406650701993897,1.102540066958909,0.41405273946826854,0.4115262363603369,0.4172180917126532
a2_synthetic_shortcut_k20,synthetic,global_random,3,200,16000,0.3770700051811169,0.8566526187029707,0.37706793436710123,0.37433962445182717,0.37959064933360454
a2_synthetic_shortcut_k20,synthetic,global_random,5,200,16000,0.3021938187633979,0.6038212667393013,0.302211038970298,0.29912549191181653,0.3052183835454349
a2_synthetic_shortcut_k20,synthetic,global_random,10,200,16000,0.18021857097599583,0.3530720893332629,0.18022421475984376,0.17782731774904473,0.18256409901787618
