run,dataset,scheme,k,ddof,n_replicates,abs_dz_median_mean,abs_dz_median_p05,abs_dz_median_p95,abs_dz_p90_mean,abs_dz_p90_p05,abs_dz_p90_p95,abs_dexcess_median_mean,abs_dexcess_median_p05,abs_dexcess_median_p95,abs_dexcess_p90_mean,abs_dexcess_p90_p05,abs_dexcess_p90_p95,max_z_spearman_mean,max_z_spearman_p05,max_z_spearman_p95
a2_imagenet_mnv2_050_cf_k20,imagenet,prefix,2,0,1,1.1521301412171356,1.1521301412171356,1.1521301412171356,10.624216153985351,10.624216153985351,10.624216153985351,0.11329614520072936,0.11329614520072936,0.11329614520072936,0.5359218955039979,0.5359218955039979,0.5359218955039979,0.6787841399447356,0.6787841399447356,0.6787841399447356
a2_imagenet_mnv2_050_cf_k20,imagenet,prefix,2,1,1,0.8173887437576228,0.8173887437576228,0.8173887437576228,7.176738902451099,7.176738902451099,7.176738902451099,0.11329614520072936,0.11329614520072936,0.11329614520072936,0.5359218955039979,0.5359218955039979,0.5359218955039979,0.6787841399447356,0.6787841399447356,0.6787841399447356
a2_imagenet_mnv2_050_cf_k20,imagenet,prefix,3,0,1,0.6355463096758278,0.6355463096758278,0.6355463096758278,3.104704713871006,3.104704713871006,3.104704713871006,0.09050733645757039,0.09050733645757039,0.09050733645757039,0.4280118429660798,0.4280118429660798,0.4280118429660798,0.7871757929414559,0.7871757929414559,0.7871757929414559
a2_imagenet_mnv2_050_cf_k20,imagenet,prefix,3,1,1,0.5272683332524661,0.5272683332524661,0.5272683332524661,2.3724281978779636,2.3724281978779636,2.3724281978779636,0.09050733645757039,0.09050733645757039,0.09050733645757039,0.4280118429660798,0.4280118429660798,0.4280118429660798,0.7871757929414559,0.7871757929414559,0.7871757929414559
a2_imagenet_mnv2_050_cf_k20,imagenet,prefix,5,0,1,0.37580155480773414,0.37580155480773414,0.37580155480773414,1.3302173401359028,1.3302173401359028,1.3302173401359028,0.06626911163330079,0.06626911163330079,0.06626911163330079,0.3136301922798157,0.3136301922798157,0.3136301922798157,0.8798049321954884,0.8798049321954884,0.8798049321954884
a2_imagenet_mnv2_050_cf_k20,imagenet,prefix,5,1,1,0.34080994976308093,0.34080994976308093,0.34080994976308093,1.1364123584317554,1.1364123584317554,1.1364123584317554,0.06626911163330079,0.06626911163330079,0.06626911163330079,0.3136301922798157,0.3136301922798157,0.3136301922798157,0.8798049321954884,0.8798049321954884,0.8798049321954884
a2_imagenet_mnv2_050_cf_k20,imagenet,prefix,10,0,1,0.19173316035764973,0.19173316035764973,0.19173316035764973,0.558016858766976,0.558016858766976,0.558016858766976,0.03778544068336488,0.03778544068336488,0.03778544068336488,0.18236077785491944,0.18236077785491944,0.18236077785491944,0.9573043595906295,0.9573043595906295,0.9573043595906295
a2_imagenet_mnv2_050_cf_k20,imagenet,prefix,10,1,1,0.18408076891021674,0.18408076891021674,0.18408076891021674,0.5260646192797154,0.5260646192797154,0.5260646192797154,0.03778544068336488,0.03778544068336488,0.03778544068336488,0.18236077785491944,0.18236077785491944,0.18236077785491944,0.9573043595906295,0.9573043595906295,0.9573043595906295
a2_imagenet_mnv2_050_cf_k20,imagenet,prefix,20,0,1,0.0,0.0,0.0,0.0,0.0,0.0,0.0,0.0,0.0,0.0,0.0,0.0,1.0,1.0,1.0
a2_imagenet_mnv2_050_cf_k20,imagenet,prefix,20,1,1,0.0,0.0,0.0,0.0,0.0,0.0,0.0,0.0,0.0,0.0,0.0,0.0,1.0,1.0,1.0
a2_imagenet_mnv2_050_cf_k20,imagenet,global_random,2,0,200,1.1502867094614624,1.1424221639612873,1.1576409930586977,10.686575760566466,10.496504720086282,10.881480875403113,0.11367119876046974,0.11252031326293946,0.11468138188123703,0.5373642398502679,0.5340619995296002,0.5409393477141858,0.6757864618499271,0.6708679623716763,0.6824003469687704
a2_imagenet_mnv2_050_cf_k20,imagenet,global_random,2,1,200,0.8187995630254441,0.8129489806887387,0.824355298438314,7.243655392037931,7.101306283704032,7.37333415893688,0.11367119876046974,0.11252031326293946,0.11468138188123703,0.5373642398502679,0.5340619995296002,0.5409393477141858,0.675786461758422,0.6708679623716763,0.6824003469687704
a2_imagenet_mnv2_050_cf_k20,imagenet,global_random,3,0,200,0.6342231521131846,0.6303987700438911,0.6384110634806717,3.1163829879015235,3.0823639962172513,3.1589947177661917,0.09071506555709574,0.09001170674959821,0.09137759957048627,0.4289855874987941,0.42599665065606485,0.43186762013038016,0.7861100476087839,0.7826135056793591,0.7900017112307269
a2_imagenet_mnv2_050_cf_k20,imagenet,global_random,3,1,200,0.5258698919403696,0.5228473556977321,0.5294692536936267,2.3754520393489678,2.3483333197714376,2.4045951614612426,0.09071506555709574,0.09001170674959821,0.09137759957048627,0.4289855874987941,0.42599665065606485,0.43186762013038016,0.7861100476050471,0.7826135056793591,0.7900017112307269
a2_imagenet_mnv2_050_cf_k20,imagenet,global_random,5,0,200,0.37477805836760786,0.3724161818897974,0.3771203266346092,1.3356747418150037,1.3228426754640878,1.3479271397463897,0.06608688479537765,0.06560229123259584,0.06657055298487345,0.31328164685443055,0.311034812152386,0.31526536345481876,0.8803406840545972,0.8780306574152765,0.882534773648319
a2_imagenet_mnv2_050_cf_k20,imagenet,global_random,5,1,200,0.3405377836702332,0.3387076785092437,0.34241255717692837,1.1397682358433578,1.128163016057056,1.1496413541155226,0.06608688479537765,0.06560229123259584,0.06657055298487345,0.31328164685443055,0.311034812152386,0.31526536345481876,0.8803406840545972,0.8780306574152765,0.882534773648319
a2_imagenet_mnv2_050_cf_k20,imagenet,global_random,10,0,200,0.1904196291570718,0.1892338063223619,0.19165997848835664,0.5603455956554524,0.5564150261176543,0.5644747416625671,0.038108413024495046,0.03777778988083203,0.038421675860881806,0.1810786388866604,0.17996950250864033,0.18213213634490963,0.9577705430434021,0.9569297948054308,0.958487223954132
a2_imagenet_mnv2_050_cf_k20,imagenet,global_random,10,1,200,0.18330114726833194,0.1821353288219426,0.18457323125680605,0.5270546921338152,0.5237006136457344,0.5308882734596267,0.038108413024495046,0.03777778988083203,0.038421675860881806,0.1810786388866604,0.17996950250864033,0.18213213634490963,0.9577705430434021,0.9569297948054308,0.958487223954132
a2_imagenet_mnv2_050_cf_k20,imagenet,global_random,20,0,1,0.0,0.0,0.0,0.0,0.0,0.0,0.0,0.0,0.0,0.0,0.0,0.0,1.0,1.0,1.0
a2_imagenet_mnv2_050_cf_k20,imagenet,global_random,20,1,1,0.0,0.0,0.0,0.0,0.0,0.0,0.0,0.0,0.0,0.0,0.0,0.0,1.0,1.0,1.0
a2_imagenet_mnv2_050_exact_k20,imagenet,prefix,2,0,1,1.1183171198256667,1.1183171198256667,1.1183171198256667,10.049150895251874,10.049150895251874,10.049150895251874,0.13180283109347024,0.13180283109347024,0.13180283109347024,0.57720849275589,0.57720849275589,0.57720849275589,0.6644447112618754,0.6644447112618754,0.6644447112618754
a2_imagenet_mnv2_050_exact_k20,imagenet,prefix,2,1,1,0.7928288648425922,0.7928288648425922,0.7928288648425922,6.808796217623162,6.808796217623162,6.808796217623162,0.13180283109347024,0.13180283109347024,0.13180283109347024,0.57720849275589,0.57720849275589,0.57720849275589,0.6644446968785838,0.6644446968785838,0.6644446968785838
a2_imagenet_mnv2_050_exact_k20,imagenet,prefix,3,0,1,0.6231407777266312,0.6231407777266312,0.6231407777266312,2.9483746824363095,2.9483746824363095,2.9483746824363095,0.10581683980094064,0.10581683980094064,0.10581683980094064,0.46358286738395693,0.46358286738395693,0.46358286738395693,0.7759458714994589,0.7759458714994589,0.7759458714994589
a2_imagenet_mnv2_050_exact_k20,imagenet,prefix,3,1,1,0.5137514214693246,0.5137514214693246,0.5137514214693246,2.2531024360857925,2.2531024360857925,2.2531024360857925,0.10581683980094064,0.10581683980094064,0.10581683980094064,0.46358286738395693,0.46358286738395693,0.46358286738395693,0.7759458714994589,0.7759458714994589,0.7759458714994589
a2_imagenet_mnv2_050_exact_k20,imagenet,prefix,5,0,1,0.3675009307525122,0.3675009307525122,0.3675009307525122,1.2916110545004111,1.2916110545004111,1.2916110545004111,0.07755345304807026,0.07755345304807026,0.07755345304807026,0.33764037370681765,0.33764037370681765,0.33764037370681765,0.8734973452402318,0.8734973452402318,0.8734973452402318
a2_imagenet_mnv2_050_exact_k20,imagenet,prefix,5,1,1,0.33431127981641645,0.33431127981641645,0.33431127981641645,1.1116961393472025,1.1116961393472025,1.1116961393472025,0.07755345304807026,0.07755345304807026,0.07755345304807026,0.33764037370681765,0.33764037370681765,0.33764037370681765,0.8734973452402318,0.8734973452402318,0.8734973452402318
a2_imagenet_mnv2_050_exact_k20,imagenet,prefix,10,0,1,0.1856022820178556,0.1856022820178556,0.1856022820178556,0.5453659229623378,0.5453659229623378,0.5453659229623378,0.04461391866207125,0.04461391866207125,0.04461391866207125,0.19426164150238043,0.19426164150238043,0.19426164150238043,0.9533670589285812,0.9533670589285812,0.9533670589285812
a2_imagenet_mnv2_050_exact_k20,imagenet,prefix,10,1,1,0.17781017637775579,0.17781017637775579,0.17781017637775579,0.5128934427412472,0.5128934427412472,0.5128934427412472,0.04461391866207125,0.04461391866207125,0.04461391866207125,0.19426164150238043,0.19426164150238043,0.19426164150238043,0.9533670589285812,0.9533670589285812,0.9533670589285812
a2_imagenet_mnv2_050_exact_k20,imagenet,prefix,20,0,1,0.0,0.0,0.0,0.0,0.0,0.0,0.0,0.0,0.0,0.0,0.0,0.0,1.0,1.0,1.0
a2_imagenet_mnv2_050_exact_k20,imagenet,prefix,20,1,1,0.0,0.0,0.0,0.0,0.0,0.0,0.0,0.0,0.0,0.0,0.0,0.0,1.0,1.0,1.0
a2_imagenet_mnv2_050_exact_k20,imagenet,global_random,2,0,200,1.117345111132538,1.1062071210807158,1.127016657788181,10.041888932684127,9.858102838306312,10.205330565808703,0.13169413983325165,0.13073988810181617,0.13260184367497763,0.5782375502981247,0.5743873297572137,0.5815663484334946,0.6653021462563641,0.6603166466963014,0.6697591040782459
a2_imagenet_mnv2_050_exact_k20,imagenet,global_random,2,1,200,0.7939099734966578,0.7873206049049428,0.8006928205483972,6.815716069302869,6.690301117760715,6.933754645272921,0.13169413983325165,0.13073988810181617,0.13260184367497763,0.5782375502981247,0.5743873297572137,0.5815663484334946,0.6653021479013118,0.6603166448557254,0.6697590998805013
a2_imagenet_mnv2_050_exact_k20,imagenet,global_random,3,0,200,0.6212040064739787,0.6160480661134369,0.6254267824008597,2.944516318589018,2.905403367338452,2.9824265631738895,0.10568121353598933,0.10477803756793343,0.10661940799819099,0.4627840302065016,0.4599440533916157,0.4658789167602859,0.7757898556252357,0.7723112056539538,0.7790049662837355
a2_imagenet_mnv2_050_exact_k20,imagenet,global_random,3,1,200,0.5132444686757797,0.5099192713100968,0.5166448390567012,2.2550304670674834,2.2224691097784333,2.2863648685719915,0.10568121353598933,0.10477803756793343,0.10661940799819099,0.4627840302065016,0.4599440533916157,0.4658789167602859,0.7757898557858133,0.7723112056539538,0.7790049697308772
a2_imagenet_mnv2_050_exact_k20,imagenet,global_random,5,0,200,0.3666482605589199,0.3643410026928377,0.36920941621495157,1.2776659343689483,1.2635303629863224,1.2890502654663554,0.07712829266488551,0.07657551343242328,0.07778490841388701,0.3384995869524778,0.33657708412408854,0.34049967193603525,0.8723151878561386,0.8701649399584315,0.874343178870312
a2_imagenet_mnv2_050_exact_k20,imagenet,global_random,5,1,200,0.3322612231866762,0.33028811072806596,0.3343178955677202,1.0968017814825677,1.0862189055672655,1.1059706177484816,0.07712829266488551,0.07657551343242328,0.07778490841388701,0.3384995869524778,0.33657708412408854,0.34049967193603525,0.872315187859152,0.8701649399584315,0.874343178870312
a2_imagenet_mnv2_050_exact_k20,imagenet,global_random,10,0,200,0.18543958389369614,0.1843638459916606,0.186526057063564,0.5429414065869921,0.5388498082080212,0.5468093298809047,0.04456955493303637,0.044234908198316915,0.04492868145306904,0.1958134928219021,0.1947393163442612,0.19683296620845817,0.9541419310355344,0.9533815633497256,0.95485313819686
a2_imagenet_mnv2_050_exact_k20,imagenet,global_random,10,1,200,0.17821851548837267,0.1770320607938794,0.17918930366852245,0.5114349747206828,0.5080226981100849,0.5146704900939232,0.04456955493303637,0.044234908198316915,0.04492868145306904,0.1958134928219021,0.1947393163442612,0.19683296620845817,0.9541419310355344,0.9533815633497256,0.95485313819686
a2_imagenet_mnv2_050_exact_k20,imagenet,global_random,20,0,1,0.0,0.0,0.0,0.0,0.0,0.0,0.0,0.0,0.0,0.0,0.0,0.0,1.0,1.0,1.0
a2_imagenet_mnv2_050_exact_k20,imagenet,global_random,20,1,1,0.0,0.0,0.0,0.0,0.0,0.0,0.0,0.0,0.0,0.0,0.0,0.0,1.0,1.0,1.0
a2_synthetic_shortcut_k20,synthetic,prefix,2,0,1,0.9939011271571571,0.9939011271571571,0.9939011271571571,34.15422864633796,34.15422864633796,34.15422864633796,0.2917898605267206,0.2917898605267206,0.2917898605267206,1.0487267867724102,1.0487267867724102,1.0487267867724102,0.4653305199028262,0.4653305199028262,0.4653305199028262
a2_synthetic_shortcut_k20,synthetic,prefix,2,1,1,0.6853498245202633,0.6853498245202633,0.6853498245202633,23.70247075256256,23.70247075256256,23.70247075256256,0.2917898605267206,0.2917898605267206,0.2917898605267206,1.0487267867724102,1.0487267867724102,1.0487267867724102,0.4653307951041755,0.4653307951041755,0.4653307951041755
a2_synthetic_shortcut_k20,synthetic,prefix,3,0,1,0.5364444415080836,0.5364444415080836,0.5364444415080836,7.33264960602029,7.33264960602029,7.33264960602029,0.2535406536526151,0.2535406536526151,0.2535406536526151,0.8499954622321659,0.8499954622321659,0.8499954622321659,0.5194169692899339,0.5194169692899339,0.5194169692899339
a2_synthetic_shortcut_k20,synthetic,prefix,3,1,1,0.40183954956570594,0.40183954956570594,0.40183954956570594,6.233224126087006,6.233224126087006,6.233224126087006,0.2535406536526151,0.2535406536526151,0.2535406536526151,0.8499954622321659,0.8499954622321659,0.8499954622321659,0.5194169692899339,0.5194169692899339,0.5194169692899339
a2_synthetic_shortcut_k20,synthetic,prefix,5,0,1,0.2603173729301623,0.2603173729301623,0.2603173729301623,2.3878252630049297,2.3878252630049297,2.3878252630049297,0.19110437234242758,0.19110437234242758,0.19110437234242758,0.6299098368485769,0.6299098368485769,0.6299098368485769,0.6424604631309044,0.6424604631309044,0.6424604631309044
a2_synthetic_shortcut_k20,synthetic,prefix,5,1,1,0.21302501431604626,0.21302501431604626,0.21302501431604626,2.2147986625836125,2.2147986625836125,2.2147986625836125,0.19110437234242758,0.19110437234242758,0.19110437234242758,0.6299098368485769,0.6299098368485769,0.6299098368485769,0.6424604631309044,0.6424604631309044,0.6424604631309044
a2_synthetic_shortcut_k20,synthetic,prefix,10,0,1,0.11088958433654805,0.11088958433654805,0.11088958433654805,0.7336816943910905,0.7336816943910905,0.7336816943910905,0.110723352432251,0.110723352432251,0.110723352432251,0.36950373550256105,0.36950373550256105,0.36950373550256105,0.8295404594277791,0.8295404594277791,0.8295404594277791
a2_synthetic_shortcut_k20,synthetic,prefix,10,1,1,0.10224579751481783,0.10224579751481783,0.10224579751481783,0.7100437376442004,0.7100437376442004,0.7100437376442004,0.110723352432251,0.110723352432251,0.110723352432251,0.36950373550256105,0.36950373550256105,0.36950373550256105,0.8295404594277791,0.8295404594277791,0.8295404594277791
a2_synthetic_shortcut_k20,synthetic,prefix,20,0,1,0.0,0.0,0.0,0.0,0.0,0.0,0.0,0.0,0.0,0.0,0.0,0.0,0.9999999999999999,0.9999999999999999,0.9999999999999999
a2_synthetic_shortcut_k20,synthetic,prefix,20,1,1,0.0,0.0,0.0,0.0,0.0,0.0,0.0,0.0,0.0,0.0,0.0,0.0,0.9999999999999999,0.9999999999999999,0.9999999999999999
a2_synthetic_shortcut_k20,synthetic,global_random,2,0,200,0.9958668232018358,0.9677596463174809,1.0294175899009297,34.16610772115859,31.44071543858135,36.97944114811021,0.2888641344880064,0.2841445545355479,0.2924234322210153,1.0405786577756209,1.0190024755199751,1.0607191212972005,0.47596026549504467,0.4583451943679421,0.4985338923424151
a2_synthetic_shortcut_k20,synthetic,global_random,2,1,200,0.6778434703154617,0.6554353862603377,0.7064899267825389,23.604491642247083,21.67900001460528,25.557790553318675,0.2888641344880064,0.2841445545355479,0.2924234322210153,1.0405786577756209,1.0190024755199751,1.0607191212972005,0.4759602429770085,0.4583457697382035,0.4985342010631001
a2_synthetic_shortcut_k20,synthetic,global_random,3,0,200,0.5379131659677842,0.52658756330415,0.5494908602247085,7.126269828226625,6.714796991412216,7.520211632599869,0.25042202016835413,0.24677448355489304,0.25320659702022874,0.8459745222441025,0.8303627461526131,0.8603344301250246,0.5369420654837588,0.5202887203034037,0.5595657143490289
a2_synthetic_shortcut_k20,synthetic,global_random,3,1,200,0.4002579485203565,0.3915428147324831,0.4097021923124264,5.9851091252268205,5.66403515173163,6.3026265578139355,0.25042202016835413,0.24677448355489304,0.25320659702022874,0.8459745222441025,0.8303627461526131,0.8603344301250246,0.5369420388576996,0.5202887203034037,0.5595657143490289
a2_synthetic_shortcut_k20,synthetic,global_random,5,0,200,0.2612040242571663,0.2563961102354128,0.266020846967928,2.5113634498188104,2.3767085977616853,2.6349036789948483,0.1905021860649188,0.18750535617272057,0.1928434627751509,0.627608545211951,0.6179564493099848,0.6364947739740212,0.641116320888126,0.6262140749598706,0.6571483207206192
a2_synthetic_shortcut_k20,synthetic,global_random,5,1,200,0.21335721321023426,0.20911059476122695,0.2174164168872609,2.300939073011292,2.178252382794883,2.430794979775202,0.1905021860649188,0.18750535617272057,0.1928434627751509,0.627608545211951,0.6179564493099848,0.6364947739740212,0.6411163178370995,0.6262140749598706,0.6571483207206192
a2_synthetic_shortcut_k20,synthetic,global_random,10,0,200,0.11265652767701169,0.11064254856012021,0.11437775618061541,0.7519008315751536,0.7234568049896463,0.7846332690915196,0.11030313806266834,0.1086708997686704,0.11198894744118054,0.3678919938417773,0.36323839011788367,0.37272386695941273,0.8278667094706259,0.8200693921271377,0.8351414061051177
a2_synthetic_shortcut_k20,synthetic,global_random,10,1,200,0.10456725978165232,0.10283723264626503,0.10634767195560263,0.7185380417268931,0.6934280769918654,0.7472767029748384,0.11030313806266834,0.1086708997686704,0.11198894744118054,0.3678919938417773,0.36323839011788367,0.37272386695941273,0.8278667094706259,0.8200693921271377,0.8351414061051177
a2_synthetic_shortcut_k20,synthetic,global_random,20,0,1,0.0,0.0,0.0,0.0,0.0,0.0,0.0,0.0,0.0,0.0,0.0,0.0,0.9999999999999999,0.9999999999999999,0.9999999999999999
a2_synthetic_shortcut_k20,synthetic,global_random,20,1,1,0.0,0.0,0.0,0.0,0.0,0.0,0.0,0.0,0.0,0.0,0.0,0.0,0.9999999999999999,0.9999999999999999,0.9999999999999999
