run,dataset,scheme,k,ddof,cell_type,n_anchors,n_replicates,agreement_mean,agreement_p05,agreement_p95,kappa_linear_mean,kappa_linear_p05,kappa_linear_p95,delta_ge2_mean,delta_ge2_p05,delta_ge2_p95,k20_higher_mean,k20_higher_p05,k20_higher_p95,k20_lower_mean,k20_lower_p05,k20_lower_p95,unreliable_share_mean,unreliable_share_p05,unreliable_share_p95,low_share_mean,low_share_p05,low_share_p95,moderate_share_mean,moderate_share_p05,moderate_share_p95,high_share_mean,high_share_p05,high_share_p95,k20_unreliable_share,k20_low_share,k20_moderate_share,k20_high_share
a2_imagenet_mnv2_050_cf_k20,imagenet,prefix,2,0,all,32000,1,0.87059375,0.87059375,0.87059375,0.7246669004424314,0.7246669004424314,0.7246669004424314,0.12940625,0.12940625,0.12940625,0.002625,0.002625,0.002625,0.12678125,0.12678125,0.12678125,0.61565625,0.61565625,0.61565625,0.192625,0.192625,0.192625,0.0,0.0,0.0,0.19171875,0.19171875,0.19171875,0.61565625,0.31678125,0.0,0.0675625
a2_imagenet_mnv2_050_cf_k20,imagenet,prefix,2,0,corner,8000,1,0.873625,0.873625,0.873625,0.7008704824295618,0.7008704824295618,0.7008704824295618,0.126375,0.126375,0.126375,0.001375,0.001375,0.001375,0.125,0.125,0.125,0.630625,0.630625,0.630625,0.206375,0.206375,0.206375,0.0,0.0,0.0,0.163,0.163,0.163,0.630625,0.33,0.0,0.039375
a2_imagenet_mnv2_050_cf_k20,imagenet,prefix,2,0,edge,16000,1,0.868375,0.868375,0.868375,0.7117021439611957,0.7117021439611957,0.7117021439611957,0.131625,0.131625,0.131625,0.0025,0.0025,0.0025,0.129125,0.129125,0.129125,0.6190625,0.6190625,0.6190625,0.196625,0.196625,0.196625,0.0,0.0,0.0,0.1843125,0.1843125,0.1843125,0.6190625,0.32325,0.0,0.0576875
a2_imagenet_mnv2_050_cf_k20,imagenet,prefix,2,0,center,8000,1,0.872,0.872,0.872,0.7619024298130246,0.7619024298130246,0.7619024298130246,0.128,0.128,0.128,0.004125,0.004125,0.004125,0.123875,0.123875,0.123875,0.593875,0.593875,0.593875,0.170875,0.170875,0.170875,0.0,0.0,0.0,0.23525,0.23525,0.23525,0.593875,0.290625,0.0,0.1155
a2_imagenet_mnv2_050_cf_k20,imagenet,prefix,2,1,all,32000,1,0.8881875,0.8881875,0.8881875,0.7482346515056971,0.7482346515056971,0.7482346515056971,0.1118125,0.1118125,0.1118125,0.00590625,0.00590625,0.00590625,0.10590625,0.10590625,0.10590625,0.61565625,0.61565625,0.61565625,0.22003125,0.22003125,0.22003125,0.0,0.0,0.0,0.1643125,0.1643125,0.1643125,0.61565625,0.32003125,0.0,0.0643125
a2_imagenet_mnv2_050_cf_k20,imagenet,prefix,2,1,corner,8000,1,0.893375,0.893375,0.893375,0.7311582152419658,0.7311582152419658,0.7311582152419658,0.106625,0.106625,0.106625,0.00375,0.00375,0.00375,0.102875,0.102875,0.102875,0.630625,0.630625,0.630625,0.232875,0.232875,0.232875,0.0,0.0,0.0,0.1365,0.1365,0.1365,0.630625,0.332,0.0,0.037375
a2_imagenet_mnv2_050_cf_k20,imagenet,prefix,2,1,edge,16000,1,0.8886875,0.8886875,0.8886875,0.7404272884193416,0.7404272884193416,0.7404272884193416,0.1113125,0.1113125,0.1113125,0.005625,0.005625,0.005625,0.1056875,0.1056875,0.1056875,0.6190625,0.6190625,0.6190625,0.225875,0.225875,0.225875,0.0,0.0,0.0,0.1550625,0.1550625,0.1550625,0.6190625,0.3259375,0.0,0.055
a2_imagenet_mnv2_050_cf_k20,imagenet,prefix,2,1,center,8000,1,0.882,0.882,0.882,0.7710527833988045,0.7710527833988045,0.7710527833988045,0.118,0.118,0.118,0.008625,0.008625,0.008625,0.109375,0.109375,0.109375,0.593875,0.593875,0.593875,0.1955,0.1955,0.1955,0.0,0.0,0.0,0.210625,0.210625,0.210625,0.593875,0.29625,0.0,0.109875
a2_imagenet_mnv2_050_cf_k20,imagenet,prefix,3,0,all,32000,1,0.91375,0.91375,0.91375,0.7993548089403307,0.7993548089403307,0.7993548089403307,0.08625,0.08625,0.08625,0.00425,0.00425,0.00425,0.082,0.082,0.082,0.61565625,0.61565625,0.61565625,0.23903125,0.23903125,0.23903125,0.0,0.0,0.0,0.1453125,0.1453125,0.1453125,0.61565625,0.31678125,0.0,0.0675625
a2_imagenet_mnv2_050_cf_k20,imagenet,prefix,3,0,corner,8000,1,0.919375,0.919375,0.919375,0.7867207635396667,0.7867207635396667,0.7867207635396667,0.080625,0.080625,0.080625,0.002625,0.002625,0.002625,0.078,0.078,0.078,0.630625,0.630625,0.630625,0.254625,0.254625,0.254625,0.0,0.0,0.0,0.11475,0.11475,0.11475,0.630625,0.33,0.0,0.039375
a2_imagenet_mnv2_050_cf_k20,imagenet,prefix,3,0,edge,16000,1,0.9144375,0.9144375,0.9144375,0.7927947652677523,0.7927947652677523,0.7927947652677523,0.0855625,0.0855625,0.0855625,0.004125,0.004125,0.004125,0.0814375,0.0814375,0.0814375,0.6190625,0.6190625,0.6190625,0.2459375,0.2459375,0.2459375,0.0,0.0,0.0,0.135,0.135,0.135,0.6190625,0.32325,0.0,0.0576875
a2_imagenet_mnv2_050_cf_k20,imagenet,prefix,3,0,center,8000,1,0.90675,0.90675,0.90675,0.8163632583373556,0.8163632583373556,0.8163632583373556,0.09325,0.09325,0.09325,0.006125,0.006125,0.006125,0.087125,0.087125,0.087125,0.593875,0.593875,0.593875,0.209625,0.209625,0.209625,0.0,0.0,0.0,0.1965,0.1965,0.1965,0.593875,0.290625,0.0,0.1155
a2_imagenet_mnv2_050_cf_k20,imagenet,prefix,3,1,all,32000,1,0.92490625,0.92490625,0.92490625,0.8165006550348645,0.8165006550348645,0.8165006550348645,0.07509375,0.07509375,0.07509375,0.0075625,0.0075625,0.0075625,0.06753125,0.06753125,0.06753125,0.61565625,0.61565625,0.61565625,0.2600625,0.2600625,0.2600625,0.0,0.0,0.0,0.12428125,0.12428125,0.12428125,0.61565625,0.32003125,0.0,0.0643125
a2_imagenet_mnv2_050_cf_k20,imagenet,prefix,3,1,corner,8000,1,0.932625,0.932625,0.932625,0.8122761228419425,0.8122761228419425,0.8122761228419425,0.067375,0.067375,0.067375,0.0045,0.0045,0.0045,0.062875,0.062875,0.062875,0.630625,0.630625,0.630625,0.273625,0.273625,0.273625,0.0,0.0,0.0,0.09575,0.09575,0.09575,0.630625,0.332,0.0,0.037375
a2_imagenet_mnv2_050_cf_k20,imagenet,prefix,3,1,edge,16000,1,0.926375,0.926375,0.926375,0.8121040089246607,0.8121040089246607,0.8121040089246607,0.073625,0.073625,0.073625,0.0075625,0.0075625,0.0075625,0.0660625,0.0660625,0.0660625,0.6190625,0.6190625,0.6190625,0.2674375,0.2674375,0.2674375,0.0,0.0,0.0,0.1135,0.1135,0.1135,0.6190625,0.3259375,0.0,0.055
a2_imagenet_mnv2_050_cf_k20,imagenet,prefix,3,1,center,8000,1,0.91425,0.91425,0.91425,0.8239648335112452,0.8239648335112452,0.8239648335112452,0.08575,0.08575,0.08575,0.010625,0.010625,0.010625,0.075125,0.075125,0.075125,0.593875,0.593875,0.593875,0.23175,0.23175,0.23175,0.0,0.0,0.0,0.174375,0.174375,0.174375,0.593875,0.29625,0.0,0.109875
a2_imagenet_mnv2_050_cf_k20,imagenet,prefix,5,0,all,32000,1,0.94853125,0.94853125,0.94853125,0.8703286664176527,0.8703286664176527,0.8703286664176527,0.05146875,0.05146875,0.05146875,0.00590625,0.00590625,0.00590625,0.0455625,0.0455625,0.0455625,0.61565625,0.61565625,0.61565625,0.277125,0.277125,0.277125,0.0,0.0,0.0,0.10721875,0.10721875,0.10721875,0.61565625,0.31678125,0.0,0.0675625
a2_imagenet_mnv2_050_cf_k20,imagenet,prefix,5,0,corner,8000,1,0.957,0.957,0.957,0.8740077019201695,0.8740077019201695,0.8740077019201695,0.043,0.043,0.043,0.00375,0.00375,0.00375,0.03925,0.03925,0.03925,0.630625,0.630625,0.630625,0.2945,0.2945,0.2945,0.0,0.0,0.0,0.074875,0.074875,0.074875,0.630625,0.33,0.0,0.039375
a2_imagenet_mnv2_050_cf_k20,imagenet,prefix,5,0,edge,16000,1,0.9498125,0.9498125,0.9498125,0.8676137681557469,0.8676137681557469,0.8676137681557469,0.0501875,0.0501875,0.0501875,0.0055625,0.0055625,0.0055625,0.044625,0.044625,0.044625,0.6190625,0.6190625,0.6190625,0.2841875,0.2841875,0.2841875,0.0,0.0,0.0,0.09675,0.09675,0.09675,0.6190625,0.32325,0.0,0.0576875
a2_imagenet_mnv2_050_cf_k20,imagenet,prefix,5,0,center,8000,1,0.9375,0.9375,0.9375,0.8698220372870692,0.8698220372870692,0.8698220372870692,0.0625,0.0625,0.0625,0.00875,0.00875,0.00875,0.05375,0.05375,0.05375,0.593875,0.593875,0.593875,0.245625,0.245625,0.245625,0.0,0.0,0.0,0.1605,0.1605,0.1605,0.593875,0.290625,0.0,0.1155
a2_imagenet_mnv2_050_cf_k20,imagenet,prefix,5,1,all,32000,1,0.95284375,0.95284375,0.95284375,0.8770804489751659,0.8770804489751659,0.8770804489751659,0.04715625,0.04715625,0.04715625,0.00828125,0.00828125,0.00828125,0.038875,0.038875,0.038875,0.61565625,0.61565625,0.61565625,0.2894375,0.2894375,0.2894375,0.0,0.0,0.0,0.09490625,0.09490625,0.09490625,0.61565625,0.32003125,0.0,0.0643125
a2_imagenet_mnv2_050_cf_k20,imagenet,prefix,5,1,corner,8000,1,0.9655,0.9655,0.9655,0.8950469828740727,0.8950469828740727,0.8950469828740727,0.0345,0.0345,0.0345,0.004375,0.004375,0.004375,0.030125,0.030125,0.030125,0.630625,0.630625,0.630625,0.30625,0.30625,0.30625,0.0,0.0,0.0,0.063125,0.063125,0.063125,0.630625,0.332,0.0,0.037375
a2_imagenet_mnv2_050_cf_k20,imagenet,prefix,5,1,edge,16000,1,0.95275,0.95275,0.95275,0.8709511331436822,0.8709511331436822,0.8709511331436822,0.04725,0.04725,0.04725,0.0088125,0.0088125,0.0088125,0.0384375,0.0384375,0.0384375,0.6190625,0.6190625,0.6190625,0.2963125,0.2963125,0.2963125,0.0,0.0,0.0,0.084625,0.084625,0.084625,0.6190625,0.3259375,0.0,0.055
a2_imagenet_mnv2_050_cf_k20,imagenet,prefix,5,1,center,8000,1,0.940375,0.940375,0.940375,0.8720368061848878,0.8720368061848878,0.8720368061848878,0.059625,0.059625,0.059625,0.011125,0.011125,0.011125,0.0485,0.0485,0.0485,0.593875,0.593875,0.593875,0.258875,0.258875,0.258875,0.0,0.0,0.0,0.14725,0.14725,0.14725,0.593875,0.29625,0.0,0.109875
a2_imagenet_mnv2_050_cf_k20,imagenet,prefix,10,0,all,32000,1,0.97484375,0.97484375,0.97484375,0.932678516040578,0.932678516040578,0.932678516040578,0.02515625,0.02515625,0.02515625,0.0061875,0.0061875,0.0061875,0.01896875,0.01896875,0.01896875,0.61565625,0.61565625,0.61565625,0.304,0.304,0.304,0.0,0.0,0.0,0.08034375,0.08034375,0.08034375,0.61565625,0.31678125,0.0,0.0675625
a2_imagenet_mnv2_050_cf_k20,imagenet,prefix,10,0,corner,8000,1,0.98275,0.98275,0.98275,0.94575968741072,0.94575968741072,0.94575968741072,0.01725,0.01725,0.01725,0.0035,0.0035,0.0035,0.01375,0.01375,0.01375,0.630625,0.630625,0.630625,0.31975,0.31975,0.31975,0.0,0.0,0.0,0.049625,0.049625,0.049625,0.630625,0.33,0.0,0.039375
a2_imagenet_mnv2_050_cf_k20,imagenet,prefix,10,0,edge,16000,1,0.9765625,0.9765625,0.9765625,0.9341007455281507,0.9341007455281507,0.9341007455281507,0.0234375,0.0234375,0.0234375,0.0054375,0.0054375,0.0054375,0.018,0.018,0.018,0.6190625,0.6190625,0.6190625,0.3106875,0.3106875,0.3106875,0.0,0.0,0.0,0.07025,0.07025,0.07025,0.6190625,0.32325,0.0,0.0576875
a2_imagenet_mnv2_050_cf_k20,imagenet,prefix,10,0,center,8000,1,0.9635,0.9635,0.9635,0.920239279430178,0.920239279430178,0.920239279430178,0.0365,0.0365,0.0365,0.010375,0.010375,0.010375,0.026125,0.026125,0.026125,0.593875,0.593875,0.593875,0.274875,0.274875,0.274875,0.0,0.0,0.0,0.13125,0.13125,0.13125,0.593875,0.290625,0.0,0.1155
a2_imagenet_mnv2_050_cf_k20,imagenet,prefix,10,1,all,32000,1,0.97596875,0.97596875,0.97596875,0.9342803267268724,0.9342803267268724,0.9342803267268724,0.02403125,0.02403125,0.02403125,0.00703125,0.00703125,0.00703125,0.017,0.017,0.017,0.61565625,0.61565625,0.61565625,0.3100625,0.3100625,0.3100625,0.0,0.0,0.0,0.07428125,0.07428125,0.07428125,0.61565625,0.32003125,0.0,0.0643125
a2_imagenet_mnv2_050_cf_k20,imagenet,prefix,10,1,corner,8000,1,0.985125,0.985125,0.985125,0.9524568402246694,0.9524568402246694,0.9524568402246694,0.014875,0.014875,0.014875,0.003125,0.003125,0.003125,0.01175,0.01175,0.01175,0.630625,0.630625,0.630625,0.323375,0.323375,0.323375,0.0,0.0,0.0,0.046,0.046,0.046,0.630625,0.332,0.0,0.037375
a2_imagenet_mnv2_050_cf_k20,imagenet,prefix,10,1,edge,16000,1,0.9774375,0.9774375,0.9774375,0.9351560988377777,0.9351560988377777,0.9351560988377777,0.0225625,0.0225625,0.0225625,0.0066875,0.0066875,0.0066875,0.015875,0.015875,0.015875,0.6190625,0.6190625,0.6190625,0.31675,0.31675,0.31675,0.0,0.0,0.0,0.0641875,0.0641875,0.0641875,0.6190625,0.3259375,0.0,0.055
a2_imagenet_mnv2_050_cf_k20,imagenet,prefix,10,1,center,8000,1,0.963875,0.963875,0.963875,0.919154176447339,0.919154176447339,0.919154176447339,0.036125,0.036125,0.036125,0.011625,0.011625,0.011625,0.0245,0.0245,0.0245,0.593875,0.593875,0.593875,0.283375,0.283375,0.283375,0.0,0.0,0.0,0.12275,0.12275,0.12275,0.593875,0.29625,0.0,0.109875
a2_imagenet_mnv2_050_cf_k20,imagenet,prefix,20,0,all,32000,1,1.0,1.0,1.0,1.0,1.0,1.0,0.0,0.0,0.0,0.0,0.0,0.0,0.0,0.0,0.0,0.61565625,0.61565625,0.61565625,0.31678125,0.31678125,0.31678125,0.0,0.0,0.0,0.0675625,0.0675625,0.0675625,0.61565625,0.31678125,0.0,0.0675625
a2_imagenet_mnv2_050_cf_k20,imagenet,prefix,20,0,corner,8000,1,1.0,1.0,1.0,1.0,1.0,1.0,0.0,0.0,0.0,0.0,0.0,0.0,0.0,0.0,0.0,0.630625,0.630625,0.630625,0.33,0.33,0.33,0.0,0.0,0.0,0.039375,0.039375,0.039375,0.630625,0.33,0.0,0.039375
a2_imagenet_mnv2_050_cf_k20,imagenet,prefix,20,0,edge,16000,1,1.0,1.0,1.0,1.0,1.0,1.0,0.0,0.0,0.0,0.0,0.0,0.0,0.0,0.0,0.0,0.6190625,0.6190625,0.6190625,0.32325,0.32325,0.32325,0.0,0.0,0.0,0.0576875,0.0576875,0.0576875,0.6190625,0.32325,0.0,0.0576875
a2_imagenet_mnv2_050_cf_k20,imagenet,prefix,20,0,center,8000,1,1.0,1.0,1.0,1.0,1.0,1.0,0.0,0.0,0.0,0.0,0.0,0.0,0.0,0.0,0.0,0.593875,0.593875,0.593875,0.290625,0.290625,0.290625,0.0,0.0,0.0,0.1155,0.1155,0.1155,0.593875,0.290625,0.0,0.1155
a2_imagenet_mnv2_050_cf_k20,imagenet,prefix,20,1,all,32000,1,1.0,1.0,1.0,1.0,1.0,1.0,0.0,0.0,0.0,0.0,0.0,0.0,0.0,0.0,0.0,0.61565625,0.61565625,0.61565625,0.32003125,0.32003125,0.32003125,0.0,0.0,0.0,0.0643125,0.0643125,0.0643125,0.61565625,0.32003125,0.0,0.0643125
a2_imagenet_mnv2_050_cf_k20,imagenet,prefix,20,1,corner,8000,1,1.0,1.0,1.0,1.0,1.0,1.0,0.0,0.0,0.0,0.0,0.0,0.0,0.0,0.0,0.0,0.630625,0.630625,0.630625,0.332,0.332,0.332,0.0,0.0,0.0,0.037375,0.037375,0.037375,0.630625,0.332,0.0,0.037375
a2_imagenet_mnv2_050_cf_k20,imagenet,prefix,20,1,edge,16000,1,1.0,1.0,1.0,1.0,1.0,1.0,0.0,0.0,0.0,0.0,0.0,0.0,0.0,0.0,0.0,0.6190625,0.6190625,0.6190625,0.3259375,0.3259375,0.3259375,0.0,0.0,0.0,0.055,0.055,0.055,0.6190625,0.3259375,0.0,0.055
a2_imagenet_mnv2_050_cf_k20,imagenet,prefix,20,1,center,8000,1,1.0,1.0,1.0,1.0,1.0,1.0,0.0,0.0,0.0,0.0,0.0,0.0,0.0,0.0,0.0,0.593875,0.593875,0.593875,0.29625,0.29625,0.29625,0.0,0.0,0.0,0.109875,0.109875,0.109875,0.593875,0.29625,0.0,0.109875
a2_imagenet_mnv2_050_cf_k20,imagenet,global_random,2,0,all,32000,200,0.8712390625,0.86953125,0.87290625,0.7258733930119107,0.7230115305137413,0.728658711504922,0.12876093749999998,0.12709375,0.13046875,0.0024699999999999995,0.0020609375000000003,0.0028765624999999993,0.1262909375,0.12461875,0.12790625,0.6156562499999998,0.61565625,0.61565625,0.19296031249999998,0.19125,0.194875,0.0,0.0,0.0,0.1913834375,0.18946875,0.19309375,0.61565625,0.31678125,0.0,0.0675625
a2_imagenet_mnv2_050_cf_k20,imagenet,global_random,2,0,corner,8000,200,0.87272375,0.86886875,0.8768874999999999,0.6988064644709101,0.6918057115572771,0.7064830919547874,0.12727625,0.1231125,0.13113124999999998,0.0017881250000000002,0.001125,0.0025,0.125488125,0.1216,0.1288875,0.6306250000000001,0.630625,0.630625,0.20629999999999998,0.2025,0.210375,0.0,0.0,0.0,0.163075,0.159,0.166875,0.630625,0.33,0.0,0.039375
a2_imagenet_mnv2_050_cf_k20,imagenet,global_random,2,0,edge,16000,200,0.8704146875000001,0.86725,0.87345,0.7152510769386694,0.7102905695053664,0.72040592168695,0.1295853125,0.12655,0.13275,0.0023203125,0.0018125,0.0029375,0.12726500000000002,0.1244375,0.130253125,0.6190625,0.6190625,0.6190625,0.1983053125,0.195296875,0.2006875,0.0,0.0,0.0,0.1826321875,0.18025,0.185640625,0.6190625,0.32325,0.0,0.0576875
a2_imagenet_mnv2_050_cf_k20,imagenet,global_random,2,0,center,8000,200,0.871403125,0.86774375,0.87575,0.7614658421227462,0.7557987092881756,0.7679767523011647,0.128596875,0.12425,0.13225625,0.0034512500000000003,0.0024937500000000003,0.004381249999999998,0.125145625,0.120625,0.1285,0.5938749999999999,0.593875,0.593875,0.168930625,0.16536875,0.1736375,0.0,0.0,0.0,0.237194375,0.2324875,0.24075624999999998,0.593875,0.290625,0.0,0.1155
a2_imagenet_mnv2_050_cf_k20,imagenet,global_random,2,1,all,32000,200,0.8881106249999999,0.88603125,0.8901921875000001,0.7482152148326837,0.7444855412123946,0.7522050618633062,0.111889375,0.10980781249999999,0.11396875,0.005793124999999999,0.00515625,0.00640625,0.10609625000000002,0.10415625,0.1080640625,0.6156562499999998,0.61565625,0.61565625,0.219728125,0.2175,0.2215328125,0.0,0.0,0.0,0.164615625,0.1628109375,0.16684375,0.61565625,0.32003125,0.0,0.0643125
a2_imagenet_mnv2_050_cf_k20,imagenet,global_random,2,1,corner,8000,200,0.89353375,0.88961875,0.89775,0.7310142552613409,0.7224311565973228,0.7400209108043498,0.10646625,0.10225,0.11038125,0.0041243750000000004,0.003125,0.005125,0.10234187500000001,0.09825,0.10575625,0.6306250000000001,0.630625,0.630625,0.2337825,0.230125,0.238375,0.0,0.0,0.0,0.1355925,0.131,0.13925,0.630625,0.332,0.0,0.037375
a2_imagenet_mnv2_050_cf_k20,imagenet,global_random,2,1,edge,16000,200,0.8886518749999999,0.88575,0.89175625,0.7405457451173219,0.7353114463561593,0.7461882265827458,0.11134812499999999,0.10824375,0.11425,0.005465624999999998,0.004684375,0.006253124999999999,0.10588249999999999,0.1029375,0.1089375,0.6190625,0.6190625,0.6190625,0.22552062499999997,0.2221875,0.228446875,0.0,0.0,0.0,0.15541687499999998,0.152490625,0.15875,0.6190625,0.3259375,0.0,0.055
a2_imagenet_mnv2_050_cf_k20,imagenet,global_random,2,1,center,8000,200,0.881605,0.8775,0.8856375,0.7707864740904307,0.7638414161549921,0.7782120283918904,0.11839499999999999,0.1143625,0.1225,0.008116875,0.0064937499999999995,0.009625,0.11027812499999999,0.106375,0.11375625,0.5938749999999999,0.593875,0.593875,0.19408875000000003,0.1898625,0.19801875,0.0,0.0,0.0,0.21203625000000004,0.20810625,0.2162625,0.593875,0.29625,0.0,0.109875
a2_imagenet_mnv2_050_cf_k20,imagenet,global_random,3,0,all,32000,200,0.9142115624999999,0.91249375,0.91565625,0.8002451876960635,0.7969296879546107,0.8031898006684678,0.08578843750000001,0.08434375,0.08750625,0.0042515625,0.0037484375,0.0047828125,0.08153687500000001,0.0800890625,0.083284375,0.6156562499999998,0.61565625,0.61565625,0.23949593749999998,0.23784375,0.2413125,0.0,0.0,0.0,0.1448478125,0.14303125,0.1465,0.61565625,0.31678125,0.0,0.0675625
a2_imagenet_mnv2_050_cf_k20,imagenet,global_random,3,0,corner,8000,200,0.921473125,0.9178625,0.92500625,0.790961044350812,0.7827461988536506,0.7988878200333128,0.078526875,0.07499375,0.0821375,0.0028818750000000003,0.002125,0.003625,0.07564499999999999,0.07211875,0.07888125,0.6306250000000001,0.630625,0.630625,0.257236875,0.25399375,0.26088125,0.0,0.0,0.0,0.11213812499999999,0.10849375,0.11538125,0.630625,0.33,0.0,0.039375
a2_imagenet_mnv2_050_cf_k20,imagenet,global_random,3,0,edge,16000,200,0.9150271875000001,0.91243125,0.9174375,0.7940755245804276,0.7890562361079388,0.799098407569042,0.08497281250000001,0.0825625,0.08756875,0.00400625,0.003309375,0.004625,0.08096656249999999,0.078625,0.08344375,0.6190625,0.6190625,0.6190625,0.2462896875,0.243865625,0.2488125,0.0,0.0,0.0,0.1346478125,0.132125,0.137071875,0.6190625,0.32325,0.0,0.0576875
a2_imagenet_mnv2_050_cf_k20,imagenet,global_random,3,0,center,8000,200,0.90531875,0.902125,0.9086375,0.8139630639321015,0.8082155167438891,0.820089444493989,0.09468125000000001,0.0913625,0.097875,0.006111875000000001,0.00475,0.007506249999999997,0.088569375,0.085375,0.091375,0.5938749999999999,0.593875,0.593875,0.20816749999999998,0.20499375,0.211875,0.0,0.0,0.0,0.19795749999999998,0.19425,0.20113124999999998,0.593875,0.290625,0.0,0.1155
a2_imagenet_mnv2_050_cf_k20,imagenet,global_random,3,1,all,32000,200,0.9252560937499998,0.92355625,0.9270015625,0.8172822856720517,0.8134250660388396,0.8209211859034702,0.07474390624999999,0.0729984375,0.07644375,0.007485312500000001,0.00684375,0.0081890625,0.06725859375000001,0.06565625,0.0688140625,0.6156562499999998,0.61565625,0.61565625,0.26025796875,0.2583046875,0.26197187499999997,0.0,0.0,0.0,0.12408578125,0.122371875,0.12603906250000002,0.61565625,0.32003125,0.0,0.0643125
a2_imagenet_mnv2_050_cf_k20,imagenet,global_random,3,1,corner,8000,200,0.9347825000000001,0.9315,0.93850625,0.8166888639661039,0.8088273979169274,0.8261239643365053,0.0652175,0.06149375,0.0685,0.005131874999999999,0.003875,0.00625,0.060085625000000004,0.05699375,0.063,0.6306250000000001,0.630625,0.630625,0.27704625,0.273875,0.28013125,0.0,0.0,0.0,0.09232875,0.08924375,0.0955,0.630625,0.332,0.0,0.037375
a2_imagenet_mnv2_050_cf_k20,imagenet,global_random,3,1,edge,16000,200,0.9270050000000001,0.924496875,0.929325,0.8138931682078475,0.8080682699858913,0.8191029209054703,0.072995,0.070675,0.07550312499999999,0.0070412500000000015,0.0060625,0.0080625,0.06595375,0.06367812499999999,0.068253125,0.6190625,0.6190625,0.6190625,0.267025,0.26449375,0.269375,0.0,0.0,0.0,0.1139125,0.1115625,0.11644375,0.6190625,0.3259375,0.0,0.055
a2_imagenet_mnv2_050_cf_k20,imagenet,global_random,3,1,center,8000,200,0.9122318750000001,0.9083687500000001,0.91625,0.8203516070795396,0.8131955888656697,0.8279567620250283,0.08776812499999999,0.08375,0.09163125,0.010726874999999999,0.008875,0.01225,0.07704125,0.0736125,0.080375,0.5938749999999999,0.593875,0.593875,0.229935625,0.226375,0.233625,0.0,0.0,0.0,0.176189375,0.1725,0.17975,0.593875,0.29625,0.0,0.109875
a2_imagenet_mnv2_050_cf_k20,imagenet,global_random,5,0,all,32000,200,0.9490978124999999,0.94765625,0.9502859375,0.8716601691929678,0.8684466589649548,0.8745466452612072,0.0509021875,0.049714062499999996,0.05234375,0.00579953125,0.0052796875000000005,0.006375,0.045102656250000005,0.0437796875,0.046564062499999996,0.6156562499999998,0.61565625,0.61565625,0.277478125,0.2758109375,0.279125,0.0,0.0,0.0,0.106865625,0.10521875,0.10853281249999999,0.61565625,0.31678125,0.0,0.0675625
a2_imagenet_mnv2_050_cf_k20,imagenet,global_random,5,0,corner,8000,200,0.9580056250000001,0.9555,0.961125,0.8766756247927229,0.8701340600801971,0.8851124369300053,0.041994375,0.038875,0.0445,0.003688125000000001,0.00275,0.0045,0.03830624999999999,0.035375,0.04075,0.6306250000000001,0.630625,0.630625,0.295381875,0.292875,0.298375,0.0,0.0,0.0,0.07399312499999999,0.071,0.0765,0.630625,0.33,0.0,0.039375
a2_imagenet_mnv2_050_cf_k20,imagenet,global_random,5,0,edge,16000,200,0.9506706250000001,0.94875,0.952503125,0.8696615077073118,0.8652891999954204,0.874135698592602,0.049329375,0.047496875,0.05125,0.0054975,0.00475,0.006378124999999998,0.043831875,0.04218125,0.0458125,0.6190625,0.6190625,0.6190625,0.284915625,0.2826875,0.287128125,0.0,0.0,0.0,0.09602187499999999,0.093809375,0.09825,0.6190625,0.32325,0.0,0.0576875
a2_imagenet_mnv2_050_cf_k20,imagenet,global_random,5,0,center,8000,200,0.9370443750000002,0.93374375,0.940625,0.869072648426004,0.8627040039600742,0.8760131862361227,0.06295562500000002,0.059375,0.06625625,0.008515,0.00711875,0.01,0.054440625,0.05161875,0.05725625,0.5938749999999999,0.593875,0.593875,0.244699375,0.242125,0.24763125,0.0,0.0,0.0,0.16142562500000002,0.15849375,0.164,0.593875,0.290625,0.0,0.1155
a2_imagenet_mnv2_050_cf_k20,imagenet,global_random,5,1,all,32000,200,0.953979375,0.95259375,0.955378125,0.8797758862583878,0.876534313533125,0.8833762409180075,0.04602062500000001,0.044621875,0.04740625,0.0082025,0.0075609375,0.00890625,0.037818125,0.0364375,0.03921875,0.6156562499999998,0.61565625,0.61565625,0.290415625,0.288875,0.2920953125,0.0,0.0,0.0,0.093928125,0.0922484375,0.09546875,0.61565625,0.32003125,0.0,0.0643125
a2_imagenet_mnv2_050_cf_k20,imagenet,global_random,5,1,corner,8000,200,0.9641718750000001,0.9615,0.967125,0.8909853289783841,0.8834550600568895,0.8994063809742567,0.035828125,0.032875,0.0385,0.005096875,0.004,0.006125,0.03073125,0.028,0.033125,0.6306250000000001,0.630625,0.630625,0.306365625,0.304,0.309,0.0,0.0,0.0,0.06300937499999999,0.060375,0.065375,0.630625,0.332,0.0,0.037375
a2_imagenet_mnv2_050_cf_k20,imagenet,global_random,5,1,edge,16000,200,0.955965,0.9539375,0.957875,0.8793799555723041,0.8741000159916156,0.8842956043636588,0.04403499999999999,0.042125,0.0460625,0.0078115625,0.0068125,0.008815624999999999,0.0362234375,0.034625,0.038003125,0.6190625,0.6190625,0.6190625,0.297525625,0.2953125,0.299625,0.0,0.0,0.0,0.083411875,0.0813125,0.085625,0.6190625,0.3259375,0.0,0.055
a2_imagenet_mnv2_050_cf_k20,imagenet,global_random,5,1,center,8000,200,0.9398156249999999,0.936375,0.9435,0.8705448329366584,0.8635436000097031,0.8781107396666706,0.06018437500000001,0.0565,0.063625,0.01209,0.0105,0.013875,0.048094374999999995,0.045625,0.05101874999999999,0.5938749999999999,0.593875,0.593875,0.260245625,0.25725,0.26338125,0.0,0.0,0.0,0.14587937499999998,0.14274375,0.148875,0.593875,0.29625,0.0,0.109875
a2_imagenet_mnv2_050_cf_k20,imagenet,global_random,10,0,all,32000,200,0.9761434375,0.9750921875,0.9774078125,0.9360707496951376,0.9333272139871126,0.9393153329717359,0.023856562499999998,0.0225921875,0.0249078125,0.0058329687500000005,0.0053109375000000006,0.0063453125,0.01802359375,0.0170921875,0.019003125,0.6156562499999998,0.61565625,0.61565625,0.304590625,0.303465625,0.30565625,0.0,0.0,0.0,0.079753125,0.0786875,0.080878125,0.61565625,0.31678125,0.0,0.0675625
a2_imagenet_mnv2_050_cf_k20,imagenet,global_random,10,0,corner,8000,200,0.982759375,0.980875,0.984875,0.9458330857702706,0.9399661557304465,0.9522530151978631,0.017240625,0.015125,0.019125,0.003385000000000001,0.0025,0.004131249999999998,0.013855625,0.011993750000000001,0.015637499999999995,0.6306250000000001,0.630625,0.630625,0.31952937499999995,0.31749375,0.3215125,0.0,0.0,0.0,0.04984562500000001,0.0478625,0.05188125,0.630625,0.33,0.0,0.039375
a2_imagenet_mnv2_050_cf_k20,imagenet,global_random,10,0,edge,16000,200,0.9777374999999999,0.976246875,0.9791875,0.937252717594156,0.9332114421576015,0.9413016966352986,0.022262499999999998,0.0208125,0.023753125,0.005348124999999999,0.0046875,0.006,0.016914375000000002,0.015625,0.018318749999999998,0.6190625,0.6190625,0.6190625,0.31168375,0.309996875,0.313190625,0.0,0.0,0.0,0.06925375,0.067746875,0.070940625,0.6190625,0.32325,0.0,0.0576875
a2_imagenet_mnv2_050_cf_k20,imagenet,global_random,10,0,center,8000,200,0.966339375,0.96349375,0.96875625,0.9263730111425759,0.9203619644805314,0.9317719024348114,0.033660625,0.03124375,0.03650625,0.009250624999999998,0.007625,0.01075,0.024409999999999998,0.02236875,0.02675625,0.5938749999999999,0.593875,0.593875,0.275465625,0.27299375000000003,0.278,0.0,0.0,0.0,0.130659375,0.128125,0.13313124999999998,0.593875,0.290625,0.0,0.1155
a2_imagenet_mnv2_050_cf_k20,imagenet,global_random,10,1,all,32000,200,0.97712375,0.9761875,0.97825,0.9373219692105818,0.9348545679027925,0.940390707279215,0.022876249999999997,0.02175,0.0238125,0.006850156250000001,0.0063125,0.00734375,0.01602609375,0.01509375,0.0169375,0.6156562499999998,0.61565625,0.61565625,0.31085531250000004,0.3096859375,0.312,0.0,0.0,0.0,0.0734884375,0.07234375,0.07465781249999999,0.61565625,0.32003125,0.0,0.0643125
a2_imagenet_mnv2_050_cf_k20,imagenet,global_random,10,1,corner,8000,200,0.984271875,0.982,0.9863875,0.9496149258503007,0.942655317234856,0.9563193863168974,0.015728125,0.0136125,0.018,0.003965625,0.003,0.004875,0.0117625,0.009875,0.013625,0.6306250000000001,0.630625,0.630625,0.32420312500000004,0.32225,0.326375,0.0,0.0,0.0,0.045171875,0.043,0.047125,0.630625,0.332,0.0,0.037375
a2_imagenet_mnv2_050_cf_k20,imagenet,global_random,10,1,edge,16000,200,0.9789021875,0.97725,0.980440625,0.939232721971027,0.934710230291159,0.9436273541644067,0.0210978125,0.019559375,0.02275,0.0063925,0.005625,0.007193749999999998,0.014705312500000001,0.013375,0.0160625,0.6190625,0.6190625,0.6190625,0.3176246875,0.3160625,0.319065625,0.0,0.0,0.0,0.0633128125,0.061871875,0.064875,0.6190625,0.3259375,0.0,0.055
a2_imagenet_mnv2_050_cf_k20,imagenet,global_random,10,1,center,8000,200,0.96641875,0.96374375,0.96888125,0.9247707149611061,0.9189014214659598,0.9301742475022688,0.03358125,0.03111875,0.03625625,0.01065,0.00925,0.012375,0.02293125,0.021125,0.02488125,0.5938749999999999,0.593875,0.593875,0.28396875,0.28146875,0.286625,0.0,0.0,0.0,0.12215625,0.1195,0.12465624999999998,0.593875,0.29625,0.0,0.109875
a2_imagenet_mnv2_050_cf_k20,imagenet,global_random,20,0,all,32000,1,1.0,1.0,1.0,1.0,1.0,1.0,0.0,0.0,0.0,0.0,0.0,0.0,0.0,0.0,0.0,0.61565625,0.61565625,0.61565625,0.31678125,0.31678125,0.31678125,0.0,0.0,0.0,0.0675625,0.0675625,0.0675625,0.61565625,0.31678125,0.0,0.0675625
a2_imagenet_mnv2_050_cf_k20,imagenet,global_random,20,0,corner,8000,1,1.0,1.0,1.0,1.0,1.0,1.0,0.0,0.0,0.0,0.0,0.0,0.0,0.0,0.0,0.0,0.630625,0.630625,0.630625,0.33,0.33,0.33,0.0,0.0,0.0,0.039375,0.039375,0.039375,0.630625,0.33,0.0,0.039375
a2_imagenet_mnv2_050_cf_k20,imagenet,global_random,20,0,edge,16000,1,1.0,1.0,1.0,1.0,1.0,1.0,0.0,0.0,0.0,0.0,0.0,0.0,0.0,0.0,0.0,0.6190625,0.6190625,0.6190625,0.32325,0.32325,0.32325,0.0,0.0,0.0,0.0576875,0.0576875,0.0576875,0.6190625,0.32325,0.0,0.0576875
a2_imagenet_mnv2_050_cf_k20,imagenet,global_random,20,0,center,8000,1,1.0,1.0,1.0,1.0,1.0,1.0,0.0,0.0,0.0,0.0,0.0,0.0,0.0,0.0,0.0,0.593875,0.593875,0.593875,0.290625,0.290625,0.290625,0.0,0.0,0.0,0.1155,0.1155,0.1155,0.593875,0.290625,0.0,0.1155
a2_imagenet_mnv2_050_cf_k20,imagenet,global_random,20,1,all,32000,1,1.0,1.0,1.0,1.0,1.0,1.0,0.0,0.0,0.0,0.0,0.0,0.0,0.0,0.0,0.0,0.61565625,0.61565625,0.61565625,0.32003125,0.32003125,0.32003125,0.0,0.0,0.0,0.0643125,0.0643125,0.0643125,0.61565625,0.32003125,0.0,0.0643125
a2_imagenet_mnv2_050_cf_k20,imagenet,global_random,20,1,corner,8000,1,1.0,1.0,1.0,1.0,1.0,1.0,0.0,0.0,0.0,0.0,0.0,0.0,0.0,0.0,0.0,0.630625,0.630625,0.630625,0.332,0.332,0.332,0.0,0.0,0.0,0.037375,0.037375,0.037375,0.630625,0.332,0.0,0.037375
a2_imagenet_mnv2_050_cf_k20,imagenet,global_random,20,1,edge,16000,1,1.0,1.0,1.0,1.0,1.0,1.0,0.0,0.0,0.0,0.0,0.0,0.0,0.0,0.0,0.0,0.6190625,0.6190625,0.6190625,0.3259375,0.3259375,0.3259375,0.0,0.0,0.0,0.055,0.055,0.055,0.6190625,0.3259375,0.0,0.055
a2_imagenet_mnv2_050_cf_k20,imagenet,global_random,20,1,center,8000,1,1.0,1.0,1.0,1.0,1.0,1.0,0.0,0.0,0.0,0.0,0.0,0.0,0.0,0.0,0.0,0.593875,0.593875,0.593875,0.29625,0.29625,0.29625,0.0,0.0,0.0,0.109875,0.109875,0.109875,0.593875,0.29625,0.0,0.109875
a2_imagenet_mnv2_050_exact_k20,imagenet,prefix,2,0,all,32000,1,0.8563125,0.8563125,0.8563125,0.6984914999166527,0.6984914999166527,0.6984914999166527,0.1436875,0.1436875,0.1436875,0.00159375,0.00159375,0.00159375,0.14209375,0.14209375,0.14209375,0.58615625,0.58615625,0.58615625,0.215,0.215,0.215,0.0,0.0,0.0,0.19884375,0.19884375,0.19884375,0.58615625,0.3555,0.0,0.05834375
a2_imagenet_mnv2_050_exact_k20,imagenet,prefix,2,0,corner,8000,1,0.85075,0.85075,0.85075,0.6412287374879837,0.6412287374879837,0.6412287374879837,0.14925,0.14925,0.14925,0.001125,0.001125,0.001125,0.148125,0.148125,0.148125,0.596,0.596,0.596,0.240125,0.240125,0.240125,0.0,0.0,0.0,0.163875,0.163875,0.163875,0.596,0.387125,0.0,0.016875
a2_imagenet_mnv2_050_exact_k20,imagenet,prefix,2,0,edge,16000,1,0.8484375,0.8484375,0.8484375,0.6685288510779407,0.6685288510779407,0.6685288510779407,0.1515625,0.1515625,0.1515625,0.0013125,0.0013125,0.0013125,0.15025,0.15025,0.15025,0.5885,0.5885,0.5885,0.22175,0.22175,0.22175,0.0,0.0,0.0,0.18975,0.18975,0.18975,0.5885,0.3706875,0.0,0.0408125
a2_imagenet_mnv2_050_exact_k20,imagenet,prefix,2,0,center,8000,1,0.877625,0.877625,0.877625,0.7829337058418575,0.7829337058418575,0.7829337058418575,0.122375,0.122375,0.122375,0.002625,0.002625,0.002625,0.11975,0.11975,0.11975,0.571625,0.571625,0.571625,0.176375,0.176375,0.176375,0.0,0.0,0.0,0.252,0.252,0.252,0.571625,0.2935,0.0,0.134875
a2_imagenet_mnv2_050_exact_k20,imagenet,prefix,2,1,all,32000,1,0.8783125,0.8783125,0.8783125,0.7282283185372352,0.7282283185372352,0.7282283185372352,0.1216875,0.1216875,0.1216875,0.00421875,0.00421875,0.00421875,0.11746875,0.11746875,0.11746875,0.58615625,0.58615625,0.58615625,0.2453125,0.2453125,0.2453125,0.0,0.0,0.0,0.16853125,0.16853125,0.16853125,0.58615625,0.3585625,0.0,0.05528125
a2_imagenet_mnv2_050_exact_k20,imagenet,prefix,2,1,corner,8000,1,0.8815,0.8815,0.8815,0.6891040819191069,0.6891040819191069,0.6891040819191069,0.1185,0.1185,0.1185,0.002125,0.002125,0.002125,0.116375,0.116375,0.116375,0.596,0.596,0.596,0.27475,0.27475,0.27475,0.0,0.0,0.0,0.12925,0.12925,0.12925,0.596,0.389,0.0,0.015
a2_imagenet_mnv2_050_exact_k20,imagenet,prefix,2,1,edge,16000,1,0.8735625,0.8735625,0.8735625,0.7040087825846844,0.7040087825846844,0.7040087825846844,0.1264375,0.1264375,0.1264375,0.003,0.003,0.003,0.1234375,0.1234375,0.1234375,0.5885,0.5885,0.5885,0.2526875,0.2526875,0.2526875,0.0,0.0,0.0,0.1588125,0.1588125,0.1588125,0.5885,0.373125,0.0,0.038375
a2_imagenet_mnv2_050_exact_k20,imagenet,prefix,2,1,center,8000,1,0.884625,0.884625,0.884625,0.7874031837294566,0.7874031837294566,0.7874031837294566,0.115375,0.115375,0.115375,0.00875,0.00875,0.00875,0.106625,0.106625,0.106625,0.571625,0.571625,0.571625,0.201125,0.201125,0.201125,0.0,0.0,0.0,0.22725,0.22725,0.22725,0.571625,0.299,0.0,0.129375
a2_imagenet_mnv2_050_exact_k20,imagenet,prefix,3,0,all,32000,1,0.90825,0.90825,0.90825,0.7856483899270799,0.7856483899270799,0.7856483899270799,0.09175,0.09175,0.09175,0.00309375,0.00309375,0.00309375,0.08865625,0.08865625,0.08865625,0.58615625,0.58615625,0.58615625,0.2699375,0.2699375,0.2699375,0.0,0.0,0.0,0.14390625,0.14390625,0.14390625,0.58615625,0.3555,0.0,0.05834375
a2_imagenet_mnv2_050_exact_k20,imagenet,prefix,3,0,corner,8000,1,0.92075,0.92075,0.92075,0.7710805602351951,0.7710805602351951,0.7710805602351951,0.07925,0.07925,0.07925,0.00225,0.00225,0.00225,0.077,0.077,0.077,0.596,0.596,0.596,0.312375,0.312375,0.312375,0.0,0.0,0.0,0.091625,0.091625,0.091625,0.596,0.387125,0.0,0.016875
a2_imagenet_mnv2_050_exact_k20,imagenet,prefix,3,0,edge,16000,1,0.9023125,0.9023125,0.9023125,0.7594835775409827,0.7594835775409827,0.7594835775409827,0.0976875,0.0976875,0.0976875,0.0021875,0.0021875,0.0021875,0.0955,0.0955,0.0955,0.5885,0.5885,0.5885,0.277375,0.277375,0.277375,0.0,0.0,0.0,0.134125,0.134125,0.134125,0.5885,0.3706875,0.0,0.0408125
a2_imagenet_mnv2_050_exact_k20,imagenet,prefix,3,0,center,8000,1,0.907625,0.907625,0.907625,0.8280743780717128,0.8280743780717128,0.8280743780717128,0.092375,0.092375,0.092375,0.00575,0.00575,0.00575,0.086625,0.086625,0.086625,0.571625,0.571625,0.571625,0.212625,0.212625,0.212625,0.0,0.0,0.0,0.21575,0.21575,0.21575,0.571625,0.2935,0.0,0.134875
a2_imagenet_mnv2_050_exact_k20,imagenet,prefix,3,1,all,32000,1,0.92325,0.92325,0.92325,0.8108090764817382,0.8108090764817382,0.8108090764817382,0.07675,0.07675,0.07675,0.00540625,0.00540625,0.00540625,0.07134375,0.07134375,0.07134375,0.58615625,0.58615625,0.58615625,0.292625,0.292625,0.292625,0.0,0.0,0.0,0.12121875,0.12121875,0.12121875,0.58615625,0.3585625,0.0,0.05528125
a2_imagenet_mnv2_050_exact_k20,imagenet,prefix,3,1,corner,8000,1,0.9395,0.9395,0.9395,0.8132292356445058,0.8132292356445058,0.8132292356445058,0.0605,0.0605,0.0605,0.002625,0.002625,0.002625,0.057875,0.057875,0.057875,0.596,0.596,0.596,0.33375,0.33375,0.33375,0.0,0.0,0.0,0.07025,0.07025,0.07025,0.596,0.389,0.0,0.015
a2_imagenet_mnv2_050_exact_k20,imagenet,prefix,3,1,edge,16000,1,0.9205,0.9205,0.9205,0.7920022408815183,0.7920022408815183,0.7920022408815183,0.0795,0.0795,0.0795,0.003875,0.003875,0.003875,0.075625,0.075625,0.075625,0.5885,0.5885,0.5885,0.301375,0.301375,0.301375,0.0,0.0,0.0,0.110125,0.110125,0.110125,0.5885,0.373125,0.0,0.038375
a2_imagenet_mnv2_050_exact_k20,imagenet,prefix,3,1,center,8000,1,0.9125,0.9125,0.9125,0.8311871034423028,0.8311871034423028,0.8311871034423028,0.0875,0.0875,0.0875,0.01125,0.01125,0.01125,0.07625,0.07625,0.07625,0.571625,0.571625,0.571625,0.234,0.234,0.234,0.0,0.0,0.0,0.194375,0.194375,0.194375,0.571625,0.299,0.0,0.129375
a2_imagenet_mnv2_050_exact_k20,imagenet,prefix,5,0,all,32000,1,0.9483125,0.9483125,0.9483125,0.8675233228146183,0.8675233228146183,0.8675233228146183,0.0516875,0.0516875,0.0516875,0.0045,0.0045,0.0045,0.0471875,0.0471875,0.0471875,0.58615625,0.58615625,0.58615625,0.3128125,0.3128125,0.3128125,0.0,0.0,0.0,0.10103125,0.10103125,0.10103125,0.58615625,0.3555,0.0,0.05834375
a2_imagenet_mnv2_050_exact_k20,imagenet,prefix,5,0,corner,8000,1,0.964625,0.964625,0.964625,0.8831857435423492,0.8831857435423492,0.8831857435423492,0.035375,0.035375,0.035375,0.00275,0.00275,0.00275,0.032625,0.032625,0.032625,0.596,0.596,0.596,0.35725,0.35725,0.35725,0.0,0.0,0.0,0.04675,0.04675,0.04675,0.596,0.387125,0.0,0.016875
a2_imagenet_mnv2_050_exact_k20,imagenet,prefix,5,0,edge,16000,1,0.9471875,0.9471875,0.9471875,0.8542318876543596,0.8542318876543596,0.8542318876543596,0.0528125,0.0528125,0.0528125,0.003625,0.003625,0.003625,0.0491875,0.0491875,0.0491875,0.5885,0.5885,0.5885,0.325125,0.325125,0.325125,0.0,0.0,0.0,0.086375,0.086375,0.086375,0.5885,0.3706875,0.0,0.0408125
a2_imagenet_mnv2_050_exact_k20,imagenet,prefix,5,0,center,8000,1,0.93425,0.93425,0.93425,0.8722227308413427,0.8722227308413427,0.8722227308413427,0.06575,0.06575,0.06575,0.008,0.008,0.008,0.05775,0.05775,0.05775,0.571625,0.571625,0.571625,0.24375,0.24375,0.24375,0.0,0.0,0.0,0.184625,0.184625,0.184625,0.571625,0.2935,0.0,0.134875
a2_imagenet_mnv2_050_exact_k20,imagenet,prefix,5,1,all,32000,1,0.95446875,0.95446875,0.95446875,0.8790549833078418,0.8790549833078418,0.8790549833078418,0.04553125,0.04553125,0.04553125,0.00621875,0.00621875,0.00621875,0.0393125,0.0393125,0.0393125,0.58615625,0.58615625,0.58615625,0.32546875,0.32546875,0.32546875,0.0,0.0,0.0,0.088375,0.088375,0.088375,0.58615625,0.3585625,0.0,0.05528125
a2_imagenet_mnv2_050_exact_k20,imagenet,prefix,5,1,corner,8000,1,0.970875,0.970875,0.970875,0.9004350943644556,0.9004350943644556,0.9004350943644556,0.029125,0.029125,0.029125,0.003125,0.003125,0.003125,0.026,0.026,0.026,0.596,0.596,0.596,0.366125,0.366125,0.366125,0.0,0.0,0.0,0.037875,0.037875,0.037875,0.596,0.389,0.0,0.015
a2_imagenet_mnv2_050_exact_k20,imagenet,prefix,5,1,edge,16000,1,0.9553125,0.9553125,0.9553125,0.8717569128068523,0.8717569128068523,0.8717569128068523,0.0446875,0.0446875,0.0446875,0.00475,0.00475,0.00475,0.0399375,0.0399375,0.0399375,0.5885,0.5885,0.5885,0.3379375,0.3379375,0.3379375,0.0,0.0,0.0,0.0735625,0.0735625,0.0735625,0.5885,0.373125,0.0,0.038375
a2_imagenet_mnv2_050_exact_k20,imagenet,prefix,5,1,center,8000,1,0.936375,0.936375,0.936375,0.872532153466905,0.872532153466905,0.872532153466905,0.063625,0.063625,0.063625,0.01225,0.01225,0.01225,0.051375,0.051375,0.051375,0.571625,0.571625,0.571625,0.259875,0.259875,0.259875,0.0,0.0,0.0,0.1685,0.1685,0.1685,0.571625,0.299,0.0,0.129375
a2_imagenet_mnv2_050_exact_k20,imagenet,prefix,10,0,all,32000,1,0.97728125,0.97728125,0.97728125,0.9374188701921219,0.9374188701921219,0.9374188701921219,0.02271875,0.02271875,0.02271875,0.005375,0.005375,0.005375,0.01734375,0.01734375,0.01734375,0.58615625,0.58615625,0.58615625,0.34353125,0.34353125,0.34353125,0.0,0.0,0.0,0.0703125,0.0703125,0.0703125,0.58615625,0.3555,0.0,0.05834375
a2_imagenet_mnv2_050_exact_k20,imagenet,prefix,10,0,corner,8000,1,0.988875,0.988875,0.988875,0.9604220081206037,0.9604220081206037,0.9604220081206037,0.011125,0.011125,0.011125,0.001875,0.001875,0.001875,0.00925,0.00925,0.00925,0.596,0.596,0.596,0.37975,0.37975,0.37975,0.0,0.0,0.0,0.02425,0.02425,0.02425,0.596,0.387125,0.0,0.016875
a2_imagenet_mnv2_050_exact_k20,imagenet,prefix,10,0,edge,16000,1,0.9778125,0.9778125,0.9778125,0.9332391346926786,0.9332391346926786,0.9332391346926786,0.0221875,0.0221875,0.0221875,0.004625,0.004625,0.004625,0.0175625,0.0175625,0.0175625,0.5885,0.5885,0.5885,0.35775,0.35775,0.35775,0.0,0.0,0.0,0.05375,0.05375,0.05375,0.5885,0.3706875,0.0,0.0408125
a2_imagenet_mnv2_050_exact_k20,imagenet,prefix,10,0,center,8000,1,0.964625,0.964625,0.964625,0.9276462404823568,0.9276462404823568,0.9276462404823568,0.035375,0.035375,0.035375,0.010375,0.010375,0.010375,0.025,0.025,0.025,0.571625,0.571625,0.571625,0.278875,0.278875,0.278875,0.0,0.0,0.0,0.1495,0.1495,0.1495,0.571625,0.2935,0.0,0.134875
a2_imagenet_mnv2_050_exact_k20,imagenet,prefix,10,1,all,32000,1,0.97825,0.97825,0.97825,0.9388624490666927,0.9388624490666927,0.9388624490666927,0.02175,0.02175,0.02175,0.00596875,0.00596875,0.00596875,0.01578125,0.01578125,0.01578125,0.58615625,0.58615625,0.58615625,0.34875,0.34875,0.34875,0.0,0.0,0.0,0.06509375,0.06509375,0.06509375,0.58615625,0.3585625,0.0,0.05528125
a2_imagenet_mnv2_050_exact_k20,imagenet,prefix,10,1,corner,8000,1,0.989625,0.989625,0.989625,0.9624798046418358,0.9624798046418358,0.9624798046418358,0.010375,0.010375,0.010375,0.002,0.002,0.002,0.008375,0.008375,0.008375,0.596,0.596,0.596,0.382625,0.382625,0.382625,0.0,0.0,0.0,0.021375,0.021375,0.021375,0.596,0.389,0.0,0.015
a2_imagenet_mnv2_050_exact_k20,imagenet,prefix,10,1,edge,16000,1,0.979125,0.979125,0.979125,0.9359007021272047,0.9359007021272047,0.9359007021272047,0.020875,0.020875,0.020875,0.0051875,0.0051875,0.0051875,0.0156875,0.0156875,0.0156875,0.5885,0.5885,0.5885,0.362625,0.362625,0.362625,0.0,0.0,0.0,0.048875,0.048875,0.048875,0.5885,0.373125,0.0,0.038375
a2_imagenet_mnv2_050_exact_k20,imagenet,prefix,10,1,center,8000,1,0.965125,0.965125,0.965125,0.9271839220272909,0.9271839220272909,0.9271839220272909,0.034875,0.034875,0.034875,0.0115,0.0115,0.0115,0.023375,0.023375,0.023375,0.571625,0.571625,0.571625,0.287125,0.287125,0.287125,0.0,0.0,0.0,0.14125,0.14125,0.14125,0.571625,0.299,0.0,0.129375
a2_imagenet_mnv2_050_exact_k20,imagenet,prefix,20,0,all,32000,1,1.0,1.0,1.0,1.0,1.0,1.0,0.0,0.0,0.0,0.0,0.0,0.0,0.0,0.0,0.0,0.58615625,0.58615625,0.58615625,0.3555,0.3555,0.3555,0.0,0.0,0.0,0.05834375,0.05834375,0.05834375,0.58615625,0.3555,0.0,0.05834375
a2_imagenet_mnv2_050_exact_k20,imagenet,prefix,20,0,corner,8000,1,1.0,1.0,1.0,1.0,1.0,1.0,0.0,0.0,0.0,0.0,0.0,0.0,0.0,0.0,0.0,0.596,0.596,0.596,0.387125,0.387125,0.387125,0.0,0.0,0.0,0.016875,0.016875,0.016875,0.596,0.387125,0.0,0.016875
a2_imagenet_mnv2_050_exact_k20,imagenet,prefix,20,0,edge,16000,1,1.0,1.0,1.0,1.0,1.0,1.0,0.0,0.0,0.0,0.0,0.0,0.0,0.0,0.0,0.0,0.5885,0.5885,0.5885,0.3706875,0.3706875,0.3706875,0.0,0.0,0.0,0.0408125,0.0408125,0.0408125,0.5885,0.3706875,0.0,0.0408125
a2_imagenet_mnv2_050_exact_k20,imagenet,prefix,20,0,center,8000,1,1.0,1.0,1.0,1.0,1.0,1.0,0.0,0.0,0.0,0.0,0.0,0.0,0.0,0.0,0.0,0.571625,0.571625,0.571625,0.2935,0.2935,0.2935,0.0,0.0,0.0,0.134875,0.134875,0.134875,0.571625,0.2935,0.0,0.134875
a2_imagenet_mnv2_050_exact_k20,imagenet,prefix,20,1,all,32000,1,1.0,1.0,1.0,1.0,1.0,1.0,0.0,0.0,0.0,0.0,0.0,0.0,0.0,0.0,0.0,0.58615625,0.58615625,0.58615625,0.3585625,0.3585625,0.3585625,0.0,0.0,0.0,0.05528125,0.05528125,0.05528125,0.58615625,0.3585625,0.0,0.05528125
a2_imagenet_mnv2_050_exact_k20,imagenet,prefix,20,1,corner,8000,1,1.0,1.0,1.0,1.0,1.0,1.0,0.0,0.0,0.0,0.0,0.0,0.0,0.0,0.0,0.0,0.596,0.596,0.596,0.389,0.389,0.389,0.0,0.0,0.0,0.015,0.015,0.015,0.596,0.389,0.0,0.015
a2_imagenet_mnv2_050_exact_k20,imagenet,prefix,20,1,edge,16000,1,1.0,1.0,1.0,1.0,1.0,1.0,0.0,0.0,0.0,0.0,0.0,0.0,0.0,0.0,0.0,0.5885,0.5885,0.5885,0.373125,0.373125,0.373125,0.0,0.0,0.0,0.038375,0.038375,0.038375,0.5885,0.373125,0.0,0.038375
a2_imagenet_mnv2_050_exact_k20,imagenet,prefix,20,1,center,8000,1,1.0,1.0,1.0,1.0,1.0,1.0,0.0,0.0,0.0,0.0,0.0,0.0,0.0,0.0,0.0,0.571625,0.571625,0.571625,0.299,0.299,0.299,0.0,0.0,0.0,0.129375,0.129375,0.129375,0.571625,0.299,0.0,0.129375
a2_imagenet_mnv2_050_exact_k20,imagenet,global_random,2,0,all,32000,200,0.8560670312499999,0.853934375,0.85853125,0.6977809743896972,0.6945084728322213,0.7014003924598629,0.14393296875,0.14146875,0.146065625,0.00189546875,0.00153125,0.00221875,0.14203749999999998,0.1395625,0.14425312499999998,0.58615625,0.58615625,0.58615625,0.21535796875,0.21321718750000002,0.2180625,0.0,0.0,0.0,0.19848578125,0.19578125,0.2006265625,0.58615625,0.3555,0.0,0.05834375
a2_imagenet_mnv2_050_exact_k20,imagenet,global_random,2,0,corner,8000,200,0.85223375,0.84585,0.8573875,0.6437693555186845,0.6337668031393286,0.652615453984563,0.14776625,0.1426125,0.15415,0.001028125,0.000625,0.0015,0.146738125,0.1417375,0.15325,0.596,0.596,0.596,0.24141500000000002,0.234625,0.24676874999999998,0.0,0.0,0.0,0.16258499999999998,0.15723125,0.169375,0.596,0.387125,0.0,0.016875
a2_imagenet_mnv2_050_exact_k20,imagenet,global_random,2,0,edge,16000,200,0.8483890625000001,0.845434375,0.8514375,0.6681241786304258,0.6633258712448493,0.6731891575967812,0.15161093750000001,0.1485625,0.15456562499999998,0.0015684375,0.0010593750000000002,0.00225,0.1500425,0.14675,0.15288125,0.5884999999999999,0.5885,0.5885,0.2222134375,0.2193125,0.225875,0.0,0.0,0.0,0.1892865625,0.185625,0.1921875,0.5885,0.3706875,0.0,0.0408125
a2_imagenet_mnv2_050_exact_k20,imagenet,global_random,2,0,center,8000,200,0.8752562500000001,0.871375,0.8785,0.7789652028262174,0.7733048843807859,0.7838685236225497,0.12474375,0.1215,0.128625,0.003416875,0.0025,0.0045,0.121326875,0.1180875,0.1250125,0.571625,0.571625,0.571625,0.17558999999999997,0.1721125,0.1795,0.0,0.0,0.0,0.25278500000000004,0.248875,0.25626249999999995,0.571625,0.2935,0.0,0.134875
a2_imagenet_mnv2_050_exact_k20,imagenet,global_random,2,1,all,32000,200,0.877829375,0.8753921875,0.8800984375,0.727224473249411,0.7227958486571212,0.7316504499749119,0.12217062499999999,0.1199015625,0.1246078125,0.004396250000000001,0.00384375,0.00503125,0.117774375,0.11590625,0.1201578125,0.58615625,0.58615625,0.58615625,0.245184375,0.24314687499999998,0.247253125,0.0,0.0,0.0,0.168659375,0.16659062500000002,0.170696875,0.58615625,0.3585625,0.0,0.05528125
a2_imagenet_mnv2_050_exact_k20,imagenet,global_random,2,1,corner,8000,200,0.881513125,0.875975,0.88675,0.6892932412788002,0.6787072452472838,0.6990485149738312,0.118486875,0.11325,0.124025,0.0020487500000000002,0.00125,0.002875,0.11643812499999999,0.11125,0.1217625,0.596,0.596,0.596,0.274610625,0.2695,0.279625,0.0,0.0,0.0,0.12938937500000003,0.124375,0.1345,0.596,0.389,0.0,0.015
a2_imagenet_mnv2_050_exact_k20,imagenet,global_random,2,1,edge,16000,200,0.8729346875000001,0.87,0.8760125,0.7021431303420634,0.6970120424484518,0.7073366240206452,0.1270653125,0.1239875,0.13,0.0036303125000000003,0.002875,0.0045625,0.123435,0.1203125,0.12625,0.5884999999999999,0.5885,0.5885,0.2533203125,0.25024375,0.2565,0.0,0.0,0.0,0.1581796875,0.155,0.16125625,0.5885,0.373125,0.0,0.038375
a2_imagenet_mnv2_050_exact_k20,imagenet,global_random,2,1,center,8000,200,0.8839349999999999,0.880125,0.88775625,0.7866182902697615,0.7804947553792007,0.7928604301239345,0.116065,0.11224375,0.119875,0.008275625,0.006625,0.009631249999999997,0.10778937499999998,0.104375,0.11163125,0.571625,0.571625,0.571625,0.19948625,0.1956125,0.203125,0.0,0.0,0.0,0.22888875000000003,0.22525,0.2327625,0.571625,0.299,0.0,0.129375
a2_imagenet_mnv2_050_exact_k20,imagenet,global_random,3,0,all,32000,200,0.90859609375,0.90693125,0.910728125,0.7861198178187984,0.7827310191005431,0.7902475878620956,0.09140390625,0.089271875,0.09306875,0.0033079687499999997,0.002875,0.00371875,0.08809593750000001,0.08589843750000001,0.08975156249999999,0.58615625,0.58615625,0.58615625,0.27071203125,0.2689671875,0.272753125,0.0,0.0,0.0,0.14313171875,0.141090625,0.1448765625,0.58615625,0.3555,0.0,0.05834375
a2_imagenet_mnv2_050_exact_k20,imagenet,global_random,3,0,corner,8000,200,0.9182187500000001,0.9139875000000001,0.9226375,0.7662397696477167,0.7573157128467701,0.7757450923865405,0.08178125,0.0773625,0.08601249999999999,0.0016518750000000001,0.001,0.002375,0.080129375,0.0755,0.08438125,0.596,0.596,0.596,0.3086475,0.30411875,0.31326249999999994,0.0,0.0,0.0,0.0953525,0.0907375,0.09988125,0.596,0.387125,0.0,0.016875
a2_imagenet_mnv2_050_exact_k20,imagenet,global_random,3,0,edge,16000,200,0.9049475000000001,0.90205625,0.9077562499999999,0.7640709142369793,0.7585453401362985,0.7696489072543717,0.0950525,0.09224375,0.09794375,0.0026618749999999997,0.0019375,0.003375,0.09239062499999999,0.089375,0.09531562499999999,0.5884999999999999,0.5885,0.5885,0.28095875,0.277865625,0.283940625,0.0,0.0,0.0,0.13054125,0.127559375,0.133634375,0.5885,0.3706875,0.0,0.0408125
a2_imagenet_mnv2_050_exact_k20,imagenet,global_random,3,0,center,8000,200,0.9062706249999999,0.9027437500000001,0.9095249999999999,0.8256432259254686,0.8197280391227328,0.8313814871913064,0.093729375,0.090475,0.09725625,0.00625625,0.005125,0.007625,0.087473125,0.084125,0.09125,0.571625,0.571625,0.571625,0.21228312500000002,0.208375,0.216,0.0,0.0,0.0,0.21609187500000002,0.212375,0.22,0.571625,0.2935,0.0,0.134875
a2_imagenet_mnv2_050_exact_k20,imagenet,global_random,3,1,all,32000,200,0.92239140625,0.9205265625,0.9246015625,0.8087292721016778,0.8044387686765957,0.8135588664723808,0.07760859375000001,0.0753984375,0.07947343750000001,0.005797812499999999,0.00515625,0.0065015624999999995,0.07181078125,0.069684375,0.07340625,0.58615625,0.58615625,0.58615625,0.29254953125,0.29055625,0.29472031249999997,0.0,0.0,0.0,0.12129421875000002,0.1191234375,0.1232875,0.58615625,0.3585625,0.0,0.05528125
a2_imagenet_mnv2_050_exact_k20,imagenet,global_random,3,1,corner,8000,200,0.935463125,0.93149375,0.9395,0.8032352939420361,0.7927186060532493,0.8132446373983643,0.064536875,0.0605,0.06850625,0.0025812499999999993,0.001875,0.003375,0.06195562499999999,0.057875,0.06563125,0.596,0.596,0.596,0.32962562500000003,0.32586875000000004,0.3335125,0.0,0.0,0.0,0.07437437499999999,0.0704875,0.07813125,0.596,0.389,0.0,0.015
a2_imagenet_mnv2_050_exact_k20,imagenet,global_random,3,1,edge,16000,200,0.921231875,0.918309375,0.9240625,0.7927275381111533,0.7861542872099389,0.7984319749597769,0.078768125,0.0759375,0.08169062499999999,0.004710312499999999,0.003875,0.005506249999999997,0.0740578125,0.07075,0.076940625,0.5884999999999999,0.5885,0.5885,0.3037775,0.300875,0.3073125,0.0,0.0,0.0,0.10772250000000001,0.1041875,0.110625,0.5885,0.373125,0.0,0.038375
a2_imagenet_mnv2_050_exact_k20,imagenet,global_random,3,1,center,8000,200,0.9116387500000002,0.907375,0.91526875,0.8297722642656088,0.8228899833171934,0.8364164563748059,0.08836124999999999,0.08473125000000001,0.092625,0.011189375,0.009625,0.013006249999999997,0.077171875,0.07374375,0.08075625,0.571625,0.571625,0.571625,0.2330175,0.228625,0.236875,0.0,0.0,0.0,0.1953575,0.1915,0.19975,0.571625,0.299,0.0,0.129375
a2_imagenet_mnv2_050_exact_k20,imagenet,global_random,5,0,all,32000,200,0.9491068749999999,0.947625,0.9505015625000001,0.869239548851144,0.8659394623754767,0.8725441383019953,0.050893125000000004,0.0494984375,0.052375,0.0046478125,0.00409375,0.0052515625,0.046245312499999996,0.04496875,0.047815625,0.58615625,0.58615625,0.58615625,0.31390250000000003,0.31230625,0.315375,0.0,0.0,0.0,0.09994125000000001,0.09846875,0.1015375,0.58615625,0.3555,0.0,0.05834375
a2_imagenet_mnv2_050_exact_k20,imagenet,global_random,5,0,corner,8000,200,0.9633393749999999,0.96036875,0.96600625,0.8798480758990472,0.8709960316898719,0.8878609175327201,0.036660624999999995,0.03399375,0.03963125,0.0022437499999999997,0.001625,0.002875,0.034416875,0.03136875,0.0375,0.596,0.596,0.596,0.35495187500000003,0.35186875,0.3582625,0.0,0.0,0.0,0.049048125000000005,0.0457375,0.05213125,0.596,0.387125,0.0,0.016875
a2_imagenet_mnv2_050_exact_k20,imagenet,global_random,5,0,edge,16000,200,0.9486628125,0.946309375,0.9508187499999999,0.8576913467532097,0.8519260248429923,0.863089745964011,0.0513371875,0.04918125,0.053690625,0.0037503125,0.003,0.0045625,0.047586875,0.04536875,0.050003125,0.5884999999999999,0.5885,0.5885,0.3268509375,0.324125,0.329125,0.0,0.0,0.0,0.0846490625,0.082375,0.087375,0.5885,0.3706875,0.0,0.0408125
a2_imagenet_mnv2_050_exact_k20,imagenet,global_random,5,0,center,8000,200,0.9357625,0.93261875,0.93888125,0.874598153272636,0.8684720846825357,0.8804437524858807,0.0642375,0.06111875,0.06738125,0.008846874999999999,0.00724375,0.010506249999999998,0.055390625,0.05211875,0.059006249999999996,0.571625,0.571625,0.571625,0.24695625,0.24299375,0.25075,0.0,0.0,0.0,0.18141875,0.177625,0.18538125,0.571625,0.2935,0.0,0.134875
a2_imagenet_mnv2_050_exact_k20,imagenet,global_random,5,1,all,32000,200,0.9548709375,0.95353125,0.95628125,0.8798443217718018,0.8764367488639667,0.8833908899162629,0.045129062500000004,0.04371875,0.04646875,0.006512031250000001,0.00578125,0.00725,0.03861703125,0.03740625,0.03978125,0.58615625,0.58615625,0.58615625,0.3264575,0.325059375,0.32788125,0.0,0.0,0.0,0.08738624999999998,0.0859625,0.088784375,0.58615625,0.3585625,0.0,0.05528125
a2_imagenet_mnv2_050_exact_k20,imagenet,global_random,5,1,corner,8000,200,0.970183125,0.967375,0.97250625,0.8985635958415668,0.8899211509742149,0.9061062633717871,0.029816875,0.02749375,0.032625,0.00276875,0.002,0.0035,0.027048125,0.024743750000000002,0.0295,0.596,0.596,0.596,0.364720625,0.362125,0.36725,0.0,0.0,0.0,0.039279375,0.03675,0.041875,0.596,0.389,0.0,0.015
a2_imagenet_mnv2_050_exact_k20,imagenet,global_random,5,1,edge,16000,200,0.9558803125,0.953684375,0.95788125,0.8729006110199794,0.8670822055658215,0.8783270954118078,0.0441196875,0.04211875,0.046315625,0.005198124999999999,0.0043125,0.0060625,0.0389215625,0.036875,0.0410625,0.5884999999999999,0.5885,0.5885,0.33940156250000003,0.337,0.341628125,0.0,0.0,0.0,0.07209843749999999,0.069871875,0.0745,0.5885,0.373125,0.0,0.038375
a2_imagenet_mnv2_050_exact_k20,imagenet,global_random,5,1,center,8000,200,0.93754,0.93424375,0.94138125,0.8744180524297827,0.8679905898740191,0.8813958905442869,0.062459999999999995,0.05861875,0.06575625,0.012883125,0.01075,0.01475,0.049576875000000006,0.04636875,0.05275,0.571625,0.571625,0.571625,0.26230625,0.25836875000000004,0.26650625,0.0,0.0,0.0,0.16606875,0.16186875,0.17000625,0.571625,0.299,0.0,0.129375
a2_imagenet_mnv2_050_exact_k20,imagenet,global_random,10,0,all,32000,200,0.97768984375,0.97646875,0.9786875,0.9386239158988856,0.935375342711215,0.9412726000680192,0.022310156249999994,0.0213125,0.02353125,0.004907343749999999,0.00434375,0.0054375,0.0174028125,0.0164984375,0.0183140625,0.58615625,0.58615625,0.58615625,0.34300453125,0.34209375,0.344,0.0,0.0,0.0,0.07083921875,0.06984375,0.07175,0.58615625,0.3555,0.0,0.05834375
a2_imagenet_mnv2_050_exact_k20,imagenet,global_random,10,0,corner,8000,200,0.987961875,0.986,0.989625,0.9571895077434867,0.950504467566557,0.9630027198642424,0.012038125,0.010375,0.014,0.0023031249999999996,0.001625,0.003,0.009734999999999999,0.008368750000000001,0.011381249999999997,0.596,0.596,0.596,0.379693125,0.377875,0.38125624999999996,0.0,0.0,0.0,0.024306875000000002,0.02274375,0.026125,0.596,0.387125,0.0,0.016875
a2_imagenet_mnv2_050_exact_k20,imagenet,global_random,10,0,edge,16000,200,0.9787293749999999,0.9768125,0.980625,0.9361150233873681,0.9305575919371403,0.9415128837712989,0.021270625,0.019375,0.0231875,0.0038459375,0.003,0.004690624999999999,0.0174246875,0.016115625,0.01913125,0.5884999999999999,0.5885,0.5885,0.35710875000000003,0.355434375,0.3585625,0.0,0.0,0.0,0.054391249999999995,0.0529375,0.056065625,0.5885,0.3706875,0.0,0.0408125
a2_imagenet_mnv2_050_exact_k20,imagenet,global_random,10,0,center,8000,200,0.9653387499999999,0.96249375,0.968125,0.9291895361064991,0.9234835518513328,0.9347368939935587,0.03466125,0.031875,0.03750625,0.009634374999999999,0.00799375,0.01125,0.025026875,0.0229875,0.02725625,0.571625,0.571625,0.571625,0.2781075,0.275125,0.280625,0.0,0.0,0.0,0.1502675,0.14775,0.15325,0.571625,0.2935,0.0,0.134875
a2_imagenet_mnv2_050_exact_k20,imagenet,global_random,10,1,all,32000,200,0.9787585937499999,0.9775625,0.97990625,0.9403168242515676,0.9369652206289748,0.9434477781216342,0.021241406249999997,0.02009375,0.0224375,0.005632968749999999,0.0049375,0.0063125,0.015608437499999999,0.0147171875,0.0164703125,0.58615625,0.58615625,0.58615625,0.34858703124999996,0.347465625,0.3495015625,0.0,0.0,0.0,0.06525671875,0.06434218750000001,0.066378125,0.58615625,0.3585625,0.0,0.05528125
a2_imagenet_mnv2_050_exact_k20,imagenet,global_random,10,1,corner,8000,200,0.98918875,0.987625,0.9905,0.9608556625896821,0.955473452990027,0.9654806809053453,0.01081125,0.0095,0.012375,0.00241,0.00175,0.003,0.00840125,0.007125,0.009756249999999998,0.596,0.596,0.596,0.38300875000000006,0.381375,0.384375,0.0,0.0,0.0,0.02099125,0.019625,0.022625,0.596,0.389,0.0,0.015
a2_imagenet_mnv2_050_exact_k20,imagenet,global_random,10,1,edge,16000,200,0.9803675000000002,0.978625,0.9820625,0.9397573642584124,0.9346952277703026,0.9449128534134862,0.0196325,0.0179375,0.021375,0.004453749999999999,0.003559375,0.0053125,0.015178749999999998,0.0139375,0.016690625,0.5884999999999999,0.5885,0.5885,0.3624,0.3606875,0.363875,0.0,0.0,0.0,0.049100000000000005,0.047625,0.0508125,0.5885,0.373125,0.0,0.038375
a2_imagenet_mnv2_050_exact_k20,imagenet,global_random,10,1,center,8000,200,0.9651106249999998,0.96211875,0.96775625,0.9272206543510291,0.9208512450025576,0.9328008816658377,0.03488937500000001,0.03224375,0.03788125,0.011214374999999999,0.00936875,0.012875,0.023675,0.02161875,0.026006249999999998,0.571625,0.571625,0.571625,0.286539375,0.2835,0.289625,0.0,0.0,0.0,0.14183562500000002,0.13875,0.144875,0.571625,0.299,0.0,0.129375
a2_imagenet_mnv2_050_exact_k20,imagenet,global_random,20,0,all,32000,1,1.0,1.0,1.0,1.0,1.0,1.0,0.0,0.0,0.0,0.0,0.0,0.0,0.0,0.0,0.0,0.58615625,0.58615625,0.58615625,0.3555,0.3555,0.3555,0.0,0.0,0.0,0.05834375,0.05834375,0.05834375,0.58615625,0.3555,0.0,0.05834375
a2_imagenet_mnv2_050_exact_k20,imagenet,global_random,20,0,corner,8000,1,1.0,1.0,1.0,1.0,1.0,1.0,0.0,0.0,0.0,0.0,0.0,0.0,0.0,0.0,0.0,0.596,0.596,0.596,0.387125,0.387125,0.387125,0.0,0.0,0.0,0.016875,0.016875,0.016875,0.596,0.387125,0.0,0.016875
a2_imagenet_mnv2_050_exact_k20,imagenet,global_random,20,0,edge,16000,1,1.0,1.0,1.0,1.0,1.0,1.0,0.0,0.0,0.0,0.0,0.0,0.0,0.0,0.0,0.0,0.5885,0.5885,0.5885,0.3706875,0.3706875,0.3706875,0.0,0.0,0.0,0.0408125,0.0408125,0.0408125,0.5885,0.3706875,0.0,0.0408125
a2_imagenet_mnv2_050_exact_k20,imagenet,global_random,20,0,center,8000,1,1.0,1.0,1.0,1.0,1.0,1.0,0.0,0.0,0.0,0.0,0.0,0.0,0.0,0.0,0.0,0.571625,0.571625,0.571625,0.2935,0.2935,0.2935,0.0,0.0,0.0,0.134875,0.134875,0.134875,0.571625,0.2935,0.0,0.134875
a2_imagenet_mnv2_050_exact_k20,imagenet,global_random,20,1,all,32000,1,1.0,1.0,1.0,1.0,1.0,1.0,0.0,0.0,0.0,0.0,0.0,0.0,0.0,0.0,0.0,0.58615625,0.58615625,0.58615625,0.3585625,0.3585625,0.3585625,0.0,0.0,0.0,0.05528125,0.05528125,0.05528125,0.58615625,0.3585625,0.0,0.05528125
a2_imagenet_mnv2_050_exact_k20,imagenet,global_random,20,1,corner,8000,1,1.0,1.0,1.0,1.0,1.0,1.0,0.0,0.0,0.0,0.0,0.0,0.0,0.0,0.0,0.0,0.596,0.596,0.596,0.389,0.389,0.389,0.0,0.0,0.0,0.015,0.015,0.015,0.596,0.389,0.0,0.015
a2_imagenet_mnv2_050_exact_k20,imagenet,global_random,20,1,edge,16000,1,1.0,1.0,1.0,1.0,1.0,1.0,0.0,0.0,0.0,0.0,0.0,0.0,0.0,0.0,0.0,0.5885,0.5885,0.5885,0.373125,0.373125,0.373125,0.0,0.0,0.0,0.038375,0.038375,0.038375,0.5885,0.373125,0.0,0.038375
a2_imagenet_mnv2_050_exact_k20,imagenet,global_random,20,1,center,8000,1,1.0,1.0,1.0,1.0,1.0,1.0,0.0,0.0,0.0,0.0,0.0,0.0,0.0,0.0,0.0,0.571625,0.571625,0.571625,0.299,0.299,0.299,0.0,0.0,0.0,0.129375,0.129375,0.129375,0.571625,0.299,0.0,0.129375
a2_synthetic_shortcut_k20,synthetic,prefix,2,0,all,3200,1,0.9815625,0.9815625,0.9815625,0.9429289825549496,0.9429289825549496,0.9429289825549496,0.0184375,0.0184375,0.0184375,0.0,0.0,0.0,0.0184375,0.0184375,0.0184375,0.7465625,0.7465625,0.7465625,0.1721875,0.1721875,0.1721875,0.0,0.0,0.0,0.08125,0.08125,0.08125,0.7465625,0.190625,0.0,0.0628125
a2_synthetic_shortcut_k20,synthetic,prefix,2,0,corner,800,1,0.96125,0.96125,0.96125,0.9396639182932673,0.9396639182932673,0.9396639182932673,0.03875,0.03875,0.03875,0.0,0.0,0.0,0.03875,0.03875,0.03875,0.54625,0.54625,0.54625,0.165,0.165,0.165,0.0,0.0,0.0,0.28875,0.28875,0.28875,0.54625,0.20375,0.0,0.25
a2_synthetic_shortcut_k20,synthetic,prefix,2,0,edge,1600,1,0.989375,0.989375,0.989375,0.9363467231433485,0.9363467231433485,0.9363467231433485,0.010625,0.010625,0.010625,0.0,0.0,0.0,0.010625,0.010625,0.010625,0.808125,0.808125,0.808125,0.180625,0.180625,0.180625,0.0,0.0,0.0,0.01125,0.01125,0.01125,0.808125,0.19125,0.0,0.000625
a2_synthetic_shortcut_k20,synthetic,prefix,2,0,center,800,1,0.98625,0.98625,0.98625,0.9134871557919367,0.9134871557919367,0.9134871557919367,0.01375,0.01375,0.01375,0.0,0.0,0.0,0.01375,0.01375,0.01375,0.82375,0.82375,0.82375,0.1625,0.1625,0.1625,0.0,0.0,0.0,0.01375,0.01375,0.01375,0.82375,0.17625,0.0,0.0
a2_synthetic_shortcut_k20,synthetic,prefix,2,1,all,3200,1,0.9846875,0.9846875,0.9846875,0.9521977306726247,0.9521977306726247,0.9521977306726247,0.0153125,0.0153125,0.0153125,0.0,0.0,0.0,0.0153125,0.0153125,0.0153125,0.7465625,0.7465625,0.7465625,0.1753125,0.1753125,0.1753125,0.0,0.0,0.0,0.078125,0.078125,0.078125,0.7465625,0.190625,0.0,0.0628125
a2_synthetic_shortcut_k20,synthetic,prefix,2,1,corner,800,1,0.96875,0.96875,0.96875,0.951056087276785,0.951056087276785,0.951056087276785,0.03125,0.03125,0.03125,0.0,0.0,0.0,0.03125,0.03125,0.03125,0.54625,0.54625,0.54625,0.1725,0.1725,0.1725,0.0,0.0,0.0,0.28125,0.28125,0.28125,0.54625,0.20375,0.0,0.25
a2_synthetic_shortcut_k20,synthetic,prefix,2,1,edge,1600,1,0.99,0.99,0.99,0.9398661552157884,0.9398661552157884,0.9398661552157884,0.01,0.01,0.01,0.0,0.0,0.0,0.01,0.01,0.01,0.808125,0.808125,0.808125,0.18125,0.18125,0.18125,0.0,0.0,0.0,0.010625,0.010625,0.010625,0.808125,0.19125,0.0,0.000625
a2_synthetic_shortcut_k20,synthetic,prefix,2,1,center,800,1,0.99,0.99,0.99,0.9355611715784488,0.9355611715784488,0.9355611715784488,0.01,0.01,0.01,0.0,0.0,0.0,0.01,0.01,0.01,0.82375,0.82375,0.82375,0.16625,0.16625,0.16625,0.0,0.0,0.0,0.01,0.01,0.01,0.82375,0.17625,0.0,0.0
a2_synthetic_shortcut_k20,synthetic,prefix,3,0,all,3200,1,0.9921875,0.9921875,0.9921875,0.9751013608040018,0.9751013608040018,0.9751013608040018,0.0078125,0.0078125,0.0078125,0.0,0.0,0.0,0.0078125,0.0078125,0.0078125,0.7465625,0.7465625,0.7465625,0.1828125,0.1828125,0.1828125,0.0,0.0,0.0,0.070625,0.070625,0.070625,0.7465625,0.190625,0.0,0.0628125
a2_synthetic_shortcut_k20,synthetic,prefix,3,0,corner,800,1,0.985,0.985,0.985,0.9762041092528834,0.9762041092528834,0.9762041092528834,0.015,0.015,0.015,0.0,0.0,0.0,0.015,0.015,0.015,0.54625,0.54625,0.54625,0.18875,0.18875,0.18875,0.0,0.0,0.0,0.265,0.265,0.265,0.54625,0.20375,0.0,0.25
a2_synthetic_shortcut_k20,synthetic,prefix,3,0,edge,1600,1,0.99375,0.99375,0.99375,0.961550384616309,0.961550384616309,0.961550384616309,0.00625,0.00625,0.00625,0.0,0.0,0.0,0.00625,0.00625,0.00625,0.808125,0.808125,0.808125,0.185,0.185,0.185,0.0,0.0,0.0,0.006875,0.006875,0.006875,0.808125,0.19125,0.0,0.000625
a2_synthetic_shortcut_k20,synthetic,prefix,3,0,center,800,1,0.99625,0.99625,0.99625,0.9748213892298486,0.9748213892298486,0.9748213892298486,0.00375,0.00375,0.00375,0.0,0.0,0.0,0.00375,0.00375,0.00375,0.82375,0.82375,0.82375,0.1725,0.1725,0.1725,0.0,0.0,0.0,0.00375,0.00375,0.00375,0.82375,0.17625,0.0,0.0
a2_synthetic_shortcut_k20,synthetic,prefix,3,1,all,3200,1,0.9946875,0.9946875,0.9946875,0.9829501451588285,0.9829501451588285,0.9829501451588285,0.0053125,0.0053125,0.0053125,0.0,0.0,0.0,0.0053125,0.0053125,0.0053125,0.7465625,0.7465625,0.7465625,0.1853125,0.1853125,0.1853125,0.0,0.0,0.0,0.068125,0.068125,0.068125,0.7465625,0.190625,0.0,0.0628125
a2_synthetic_shortcut_k20,synthetic,prefix,3,1,corner,800,1,0.99125,0.99125,0.99125,0.9860499064596405,0.9860499064596405,0.9860499064596405,0.00875,0.00875,0.00875,0.0,0.0,0.0,0.00875,0.00875,0.00875,0.54625,0.54625,0.54625,0.195,0.195,0.195,0.0,0.0,0.0,0.25875,0.25875,0.25875,0.54625,0.20375,0.0,0.25
a2_synthetic_shortcut_k20,synthetic,prefix,3,1,edge,1600,1,0.995,0.995,0.995,0.9690022352294433,0.9690022352294433,0.9690022352294433,0.005,0.005,0.005,0.0,0.0,0.0,0.005,0.005,0.005,0.808125,0.808125,0.808125,0.18625,0.18625,0.18625,0.0,0.0,0.0,0.005625,0.005625,0.005625,0.808125,0.19125,0.0,0.000625
a2_synthetic_shortcut_k20,synthetic,prefix,3,1,center,800,1,0.9975,0.9975,0.9975,0.9830721865445039,0.9830721865445039,0.9830721865445039,0.0025,0.0025,0.0025,0.0,0.0,0.0,0.0025,0.0025,0.0025,0.82375,0.82375,0.82375,0.17375,0.17375,0.17375,0.0,0.0,0.0,0.0025,0.0025,0.0025,0.82375,0.17625,0.0,0.0
a2_synthetic_shortcut_k20,synthetic,prefix,5,0,all,3200,1,0.9965625,0.9965625,0.9965625,0.9889093862195977,0.9889093862195977,0.9889093862195977,0.0034375,0.0034375,0.0034375,0.0,0.0,0.0,0.0034375,0.0034375,0.0034375,0.7465625,0.7465625,0.7465625,0.1871875,0.1871875,0.1871875,0.0,0.0,0.0,0.06625,0.06625,0.06625,0.7465625,0.190625,0.0,0.0628125
a2_synthetic_shortcut_k20,synthetic,prefix,5,0,corner,800,1,0.995,0.995,0.995,0.99200461733349,0.99200461733349,0.99200461733349,0.005,0.005,0.005,0.0,0.0,0.0,0.005,0.005,0.005,0.54625,0.54625,0.54625,0.19875,0.19875,0.19875,0.0,0.0,0.0,0.255,0.255,0.255,0.54625,0.20375,0.0,0.25
a2_synthetic_shortcut_k20,synthetic,prefix,5,0,edge,1600,1,0.995625,0.995625,0.995625,0.9727715852042738,0.9727715852042738,0.9727715852042738,0.004375,0.004375,0.004375,0.0,0.0,0.0,0.004375,0.004375,0.004375,0.808125,0.808125,0.808125,0.186875,0.186875,0.186875,0.0,0.0,0.0,0.005,0.005,0.005,0.808125,0.19125,0.0,0.000625
a2_synthetic_shortcut_k20,synthetic,prefix,5,0,center,800,1,1.0,1.0,1.0,1.0,1.0,1.0,0.0,0.0,0.0,0.0,0.0,0.0,0.0,0.0,0.0,0.82375,0.82375,0.82375,0.17625,0.17625,0.17625,0.0,0.0,0.0,0.0,0.0,0.0,0.82375,0.17625,0.0,0.0
a2_synthetic_shortcut_k20,synthetic,prefix,5,1,all,3200,1,0.9965625,0.9965625,0.9965625,0.9889093862195977,0.9889093862195977,0.9889093862195977,0.0034375,0.0034375,0.0034375,0.0,0.0,0.0,0.0034375,0.0034375,0.0034375,0.7465625,0.7465625,0.7465625,0.1871875,0.1871875,0.1871875,0.0,0.0,0.0,0.06625,0.06625,0.06625,0.7465625,0.190625,0.0,0.0628125
a2_synthetic_shortcut_k20,synthetic,prefix,5,1,corner,800,1,0.995,0.995,0.995,0.99200461733349,0.99200461733349,0.99200461733349,0.005,0.005,0.005,0.0,0.0,0.0,0.005,0.005,0.005,0.54625,0.54625,0.54625,0.19875,0.19875,0.19875,0.0,0.0,0.0,0.255,0.255,0.255,0.54625,0.20375,0.0,0.25
a2_synthetic_shortcut_k20,synthetic,prefix,5,1,edge,1600,1,0.995625,0.995625,0.995625,0.9727715852042738,0.9727715852042738,0.9727715852042738,0.004375,0.004375,0.004375,0.0,0.0,0.0,0.004375,0.004375,0.004375,0.808125,0.808125,0.808125,0.186875,0.186875,0.186875,0.0,0.0,0.0,0.005,0.005,0.005,0.808125,0.19125,0.0,0.000625
a2_synthetic_shortcut_k20,synthetic,prefix,5,1,center,800,1,1.0,1.0,1.0,1.0,1.0,1.0,0.0,0.0,0.0,0.0,0.0,0.0,0.0,0.0,0.0,0.82375,0.82375,0.82375,0.17625,0.17625,0.17625,0.0,0.0,0.0,0.0,0.0,0.0,0.82375,0.17625,0.0,0.0
a2_synthetic_shortcut_k20,synthetic,prefix,10,0,all,3200,1,0.999375,0.999375,0.999375,0.9979673976942035,0.9979673976942035,0.9979673976942035,0.000625,0.000625,0.000625,0.0,0.0,0.0,0.000625,0.000625,0.000625,0.7465625,0.7465625,0.7465625,0.19,0.19,0.19,0.0,0.0,0.0,0.0634375,0.0634375,0.0634375,0.7465625,0.190625,0.0,0.0628125
a2_synthetic_shortcut_k20,synthetic,prefix,10,0,corner,800,1,1.0,1.0,1.0,1.0,1.0,1.0,0.0,0.0,0.0,0.0,0.0,0.0,0.0,0.0,0.0,0.54625,0.54625,0.54625,0.20375,0.20375,0.20375,0.0,0.0,0.0,0.25,0.25,0.25,0.54625,0.20375,0.0,0.25
a2_synthetic_shortcut_k20,synthetic,prefix,10,0,edge,1600,1,0.99875,0.99875,0.99875,0.9920663451883621,0.9920663451883621,0.9920663451883621,0.00125,0.00125,0.00125,0.0,0.0,0.0,0.00125,0.00125,0.00125,0.808125,0.808125,0.808125,0.19,0.19,0.19,0.0,0.0,0.0,0.001875,0.001875,0.001875,0.808125,0.19125,0.0,0.000625
a2_synthetic_shortcut_k20,synthetic,prefix,10,0,center,800,1,1.0,1.0,1.0,1.0,1.0,1.0,0.0,0.0,0.0,0.0,0.0,0.0,0.0,0.0,0.0,0.82375,0.82375,0.82375,0.17625,0.17625,0.17625,0.0,0.0,0.0,0.0,0.0,0.0,0.82375,0.17625,0.0,0.0
a2_synthetic_shortcut_k20,synthetic,prefix,10,1,all,3200,1,0.999375,0.999375,0.999375,0.9979673976942035,0.9979673976942035,0.9979673976942035,0.000625,0.000625,0.000625,0.0,0.0,0.0,0.000625,0.000625,0.000625,0.7465625,0.7465625,0.7465625,0.19,0.19,0.19,0.0,0.0,0.0,0.0634375,0.0634375,0.0634375,0.7465625,0.190625,0.0,0.0628125
a2_synthetic_shortcut_k20,synthetic,prefix,10,1,corner,800,1,1.0,1.0,1.0,1.0,1.0,1.0,0.0,0.0,0.0,0.0,0.0,0.0,0.0,0.0,0.0,0.54625,0.54625,0.54625,0.20375,0.20375,0.20375,0.0,0.0,0.0,0.25,0.25,0.25,0.54625,0.20375,0.0,0.25
a2_synthetic_shortcut_k20,synthetic,prefix,10,1,edge,1600,1,0.99875,0.99875,0.99875,0.9920663451883621,0.9920663451883621,0.9920663451883621,0.00125,0.00125,0.00125,0.0,0.0,0.0,0.00125,0.00125,0.00125,0.808125,0.808125,0.808125,0.19,0.19,0.19,0.0,0.0,0.0,0.001875,0.001875,0.001875,0.808125,0.19125,0.0,0.000625
a2_synthetic_shortcut_k20,synthetic,prefix,10,1,center,800,1,1.0,1.0,1.0,1.0,1.0,1.0,0.0,0.0,0.0,0.0,0.0,0.0,0.0,0.0,0.0,0.82375,0.82375,0.82375,0.17625,0.17625,0.17625,0.0,0.0,0.0,0.0,0.0,0.0,0.82375,0.17625,0.0,0.0
a2_synthetic_shortcut_k20,synthetic,prefix,20,0,all,3200,1,1.0,1.0,1.0,1.0,1.0,1.0,0.0,0.0,0.0,0.0,0.0,0.0,0.0,0.0,0.0,0.7465625,0.7465625,0.7465625,0.190625,0.190625,0.190625,0.0,0.0,0.0,0.0628125,0.0628125,0.0628125,0.7465625,0.190625,0.0,0.0628125
a2_synthetic_shortcut_k20,synthetic,prefix,20,0,corner,800,1,1.0,1.0,1.0,1.0,1.0,1.0,0.0,0.0,0.0,0.0,0.0,0.0,0.0,0.0,0.0,0.54625,0.54625,0.54625,0.20375,0.20375,0.20375,0.0,0.0,0.0,0.25,0.25,0.25,0.54625,0.20375,0.0,0.25
a2_synthetic_shortcut_k20,synthetic,prefix,20,0,edge,1600,1,1.0,1.0,1.0,1.0,1.0,1.0,0.0,0.0,0.0,0.0,0.0,0.0,0.0,0.0,0.0,0.808125,0.808125,0.808125,0.19125,0.19125,0.19125,0.0,0.0,0.0,0.000625,0.000625,0.000625,0.808125,0.19125,0.0,0.000625
a2_synthetic_shortcut_k20,synthetic,prefix,20,0,center,800,1,1.0,1.0,1.0,1.0,1.0,1.0,0.0,0.0,0.0,0.0,0.0,0.0,0.0,0.0,0.0,0.82375,0.82375,0.82375,0.17625,0.17625,0.17625,0.0,0.0,0.0,0.0,0.0,0.0,0.82375,0.17625,0.0,0.0
a2_synthetic_shortcut_k20,synthetic,prefix,20,1,all,3200,1,1.0,1.0,1.0,1.0,1.0,1.0,0.0,0.0,0.0,0.0,0.0,0.0,0.0,0.0,0.0,0.7465625,0.7465625,0.7465625,0.190625,0.190625,0.190625,0.0,0.0,0.0,0.0628125,0.0628125,0.0628125,0.7465625,0.190625,0.0,0.0628125
a2_synthetic_shortcut_k20,synthetic,prefix,20,1,corner,800,1,1.0,1.0,1.0,1.0,1.0,1.0,0.0,0.0,0.0,0.0,0.0,0.0,0.0,0.0,0.0,0.54625,0.54625,0.54625,0.20375,0.20375,0.20375,0.0,0.0,0.0,0.25,0.25,0.25,0.54625,0.20375,0.0,0.25
a2_synthetic_shortcut_k20,synthetic,prefix,20,1,edge,1600,1,1.0,1.0,1.0,1.0,1.0,1.0,0.0,0.0,0.0,0.0,0.0,0.0,0.0,0.0,0.0,0.808125,0.808125,0.808125,0.19125,0.19125,0.19125,0.0,0.0,0.0,0.000625,0.000625,0.000625,0.808125,0.19125,0.0,0.000625
a2_synthetic_shortcut_k20,synthetic,prefix,20,1,center,800,1,1.0,1.0,1.0,1.0,1.0,1.0,0.0,0.0,0.0,0.0,0.0,0.0,0.0,0.0,0.0,0.82375,0.82375,0.82375,0.17625,0.17625,0.17625,0.0,0.0,0.0,0.0,0.0,0.0,0.82375,0.17625,0.0,0.0
a2_synthetic_shortcut_k20,synthetic,global_random,2,0,all,3200,200,0.979203125,0.97625,0.981875,0.9360556917087228,0.9275268384626272,0.9438487959408972,0.020796874999999996,0.018125,0.02375,1.5625e-06,0.0,0.0,0.020795312499999996,0.018125,0.02375,0.7465624999999999,0.7465625,0.7465625,0.16983125000000002,0.166875,0.1725,0.0,0.0,0.0,0.08360625000000002,0.0809375,0.0865625,0.7465625,0.190625,0.0,0.0628125
a2_synthetic_shortcut_k20,synthetic,global_random,2,0,corner,800,200,0.9539625,0.9449375,0.9625,0.9287597258604883,0.9153396266686755,0.941553365430277,0.046037499999999995,0.0375,0.05506249999999998,0.0,0.0,0.0,0.046037499999999995,0.0375,0.05506249999999998,0.5462499999999999,0.54625,0.54625,0.1577125,0.1486875,0.16625,0.0,0.0,0.0,0.29603749999999995,0.2875,0.30506249999999996,0.54625,0.20375,0.0,0.25
a2_synthetic_shortcut_k20,synthetic,global_random,2,0,edge,1600,200,0.987625,0.985,0.990625,0.9267229041300635,0.9124289340275165,0.9434121083941055,0.012374999999999999,0.009375,0.015,3.125e-06,0.0,0.0,0.012371875000000001,0.009375,0.015,0.8081250000000003,0.808125,0.808125,0.17888125000000002,0.17625,0.181875,0.0,0.0,0.0,0.01299375,0.01,0.015625,0.808125,0.19125,0.0,0.000625
a2_synthetic_shortcut_k20,synthetic,global_random,2,0,center,800,200,0.9875999999999999,0.9825,0.9925,0.9216884050570616,0.8924307763232451,0.9508795628281091,0.0124,0.0075,0.0175,0.0,0.0,0.0,0.0124,0.0075,0.0175,0.8237500000000003,0.82375,0.82375,0.16385000000000002,0.15875,0.16875,0.0,0.0,0.0,0.0124,0.0075,0.0175,0.82375,0.17625,0.0,0.0
a2_synthetic_shortcut_k20,synthetic,global_random,2,1,all,3200,200,0.9832531250000001,0.9802968750000001,0.9859375,0.9479480437042546,0.9392196319079924,0.9559496565755695,0.016746875,0.0140625,0.019703124999999995,1.5625e-06,0.0,0.0,0.0167453125,0.0140625,0.019703124999999995,0.7465624999999999,0.7465625,0.7465625,0.17388125000000001,0.170921875,0.1765625,0.0,0.0,0.0,0.07955625000000001,0.076875,0.082515625,0.7465625,0.190625,0.0,0.0628125
a2_synthetic_shortcut_k20,synthetic,global_random,2,1,corner,800,200,0.964375,0.95375,0.9725,0.9444321963123795,0.9284040142127709,0.9568025015278661,0.035625000000000004,0.0275,0.04625,0.0,0.0,0.0,0.035625000000000004,0.0275,0.04625,0.5462499999999999,0.54625,0.54625,0.168125,0.1575,0.17625,0.0,0.0,0.0,0.285625,0.2775,0.29625,0.54625,0.20375,0.0,0.25
a2_synthetic_shortcut_k20,synthetic,global_random,2,1,edge,1600,200,0.9893843750000001,0.986875,0.991875,0.9364811538437301,0.9225283428674194,0.9505847862910798,0.010615625,0.008125,0.013125,3.125e-06,0.0,0.0,0.010612499999999999,0.008125,0.013125,0.8081250000000003,0.808125,0.808125,0.180640625,0.178125,0.183125,0.0,0.0,0.0,0.011234374999999998,0.00875,0.01375,0.808125,0.19125,0.0,0.000625
a2_synthetic_shortcut_k20,synthetic,global_random,2,1,center,800,200,0.98986875,0.985,0.995,0.9350951028280692,0.9063588212916629,0.9667079349556282,0.010131250000000001,0.005,0.015,0.0,0.0,0.0,0.010131250000000001,0.005,0.015,0.8237500000000003,0.82375,0.82375,0.16611875,0.16125,0.17125,0.0,0.0,0.0,0.010131250000000001,0.005,0.015,0.82375,0.17625,0.0,0.0
a2_synthetic_shortcut_k20,synthetic,global_random,3,0,all,3200,200,0.9907953125,0.989046875,0.9925,0.9707879827571827,0.9653950048202407,0.9760764730491189,0.0092046875,0.0075,0.010953124999999994,4.6875e-06,0.0,0.0,0.0092,0.0075,0.010953124999999994,0.7465624999999999,0.7465625,0.7465625,0.18142968750000002,0.179671875,0.183125,0.0,0.0,0.0,0.0720078125,0.0703125,0.07376562499999999,0.7465625,0.190625,0.0,0.0628125
a2_synthetic_shortcut_k20,synthetic,global_random,3,0,corner,800,200,0.9824875,0.97625,0.99,0.9722914571987338,0.9625828654140132,0.9840729062715422,0.0175125,0.01,0.02375,0.0,0.0,0.0,0.0175125,0.01,0.02375,0.5462499999999999,0.54625,0.54625,0.1862375,0.18,0.19375,0.0,0.0,0.0,0.26751250000000004,0.26,0.27375,0.54625,0.20375,0.0,0.25
a2_synthetic_shortcut_k20,synthetic,global_random,3,0,edge,1600,200,0.9930093750000001,0.990625,0.995,0.9572498398606777,0.9434121083941055,0.9690022352294433,0.006990625000000001,0.005,0.009375,9.375e-06,0.0,0.0,0.006981250000000001,0.005,0.009375,0.8081250000000003,0.808125,0.808125,0.18427812500000001,0.181875,0.18625,0.0,0.0,0.0,0.007596875,0.005625,0.01,0.808125,0.19125,0.0,0.000625
a2_synthetic_shortcut_k20,synthetic,global_random,3,0,center,800,200,0.994675,0.99125,0.99875,0.9648296677860441,0.9431581725352467,0.9914638440444306,0.005325,0.00125,0.00875,0.0,0.0,0.0,0.005325,0.00125,0.00875,0.8237500000000003,0.82375,0.82375,0.17092500000000002,0.1675,0.175,0.0,0.0,0.0,0.005325,0.00125,0.00875,0.82375,0.17625,0.0,0.0
a2_synthetic_shortcut_k20,synthetic,global_random,3,1,all,3200,200,0.9925421874999999,0.990625,0.9940625,0.9762158636842824,0.9702511638457437,0.9809776427857869,0.007457812500000001,0.0059375,0.009375,1.25e-05,0.0,0.0,0.0074453125000000005,0.0059375,0.009375,0.7465624999999999,0.7465625,0.7465625,0.18319218750000002,0.18125,0.1846875,0.0,0.0,0.0,0.0702453125,0.06875,0.0721875,0.7465625,0.190625,0.0,0.0628125
a2_synthetic_shortcut_k20,synthetic,global_random,3,1,corner,800,200,0.9867937499999999,0.9811875,0.9925,0.9790364242846558,0.9702460564079032,0.9880308504828804,0.013206250000000001,0.0075,0.01881249999999998,0.0,0.0,0.0,0.013206250000000001,0.0075,0.01881249999999998,0.5462499999999999,0.54625,0.54625,0.19054375,0.1849375,0.19625,0.0,0.0,0.0,0.26320625,0.2575,0.26881249999999995,0.54625,0.20375,0.0,0.25
a2_synthetic_shortcut_k20,synthetic,global_random,3,1,edge,1600,200,0.993821875,0.991875,0.995625,0.9620156507352903,0.9505847862910798,0.9727715852042738,0.006178125000000001,0.004375,0.008125,2.5e-05,0.0,0.0,0.006153125000000001,0.004375,0.008125,0.8081250000000003,0.808125,0.808125,0.185121875,0.183125,0.186875,0.0,0.0,0.0,0.006753125,0.005,0.00875,0.808125,0.19125,0.0,0.000625
a2_synthetic_shortcut_k20,synthetic,global_random,3,1,center,800,200,0.9957312500000001,0.9925,0.99875,0.9716008595999719,0.9508795628281091,0.9914638440444306,0.00426875,0.00125,0.0075,0.0,0.0,0.0,0.00426875,0.00125,0.0075,0.8237500000000003,0.82375,0.82375,0.17198125,0.16875,0.175,0.0,0.0,0.0,0.00426875,0.00125,0.0075,0.82375,0.17625,0.0,0.0
a2_synthetic_shortcut_k20,synthetic,global_random,5,0,all,3200,200,0.9967484375000001,0.9953125,0.9978125,0.989508969422454,0.9849295787471893,0.9929173610972778,0.0032515625000000005,0.0021875,0.0046875,4.6875e-06,0.0,0.0,0.003246875,0.0021875,0.0046875,0.7465624999999999,0.7465625,0.7465625,0.1873828125,0.1859375,0.1884375,0.0,0.0,0.0,0.0660546875,0.065,0.0675,0.7465625,0.190625,0.0,0.0628125
a2_synthetic_shortcut_k20,synthetic,global_random,5,0,corner,800,200,0.9953937500000001,0.9925,0.99875,0.9926378391554599,0.9880308504828804,0.9979951432344858,0.00460625,0.00125,0.0075,0.0,0.0,0.0,0.00460625,0.00125,0.0075,0.5462499999999999,0.54625,0.54625,0.19914375,0.19625,0.2025,0.0,0.0,0.0,0.25460625,0.25125,0.2575,0.54625,0.20375,0.0,0.25
a2_synthetic_shortcut_k20,synthetic,global_random,5,0,edge,1600,200,0.99638125,0.995,0.9975,0.9773970394162234,0.9690022352294433,0.9842574303698762,0.0036187500000000004,0.0025,0.005,9.375e-06,0.0,0.0,0.003609375,0.0025,0.005,0.8081250000000003,0.808125,0.808125,0.18765,0.18625,0.18875,0.0,0.0,0.0,0.0042250000000000005,0.003125,0.005625,0.808125,0.19125,0.0,0.000625
a2_synthetic_shortcut_k20,synthetic,global_random,5,0,center,800,200,0.9988375,0.99625,1.0,0.9921181432039454,0.9748213892298486,1.0,0.0011625,0.0,0.00375,0.0,0.0,0.0,0.0011625,0.0,0.00375,0.8237500000000003,0.82375,0.82375,0.17508749999999998,0.1725,0.17625,0.0,0.0,0.0,0.0011625,0.0,0.00375,0.82375,0.17625,0.0,0.0
a2_synthetic_shortcut_k20,synthetic,global_random,5,1,all,3200,200,0.9972453125000001,0.99625,0.9984375,0.9910991341521551,0.9878904731135394,0.9949320049273584,0.0027546875,0.0015625,0.00375,4.6875e-06,0.0,0.0,0.0027500000000000003,0.0015625,0.00375,0.7465624999999999,0.7465625,0.7465625,0.18787968749999998,0.186875,0.1890625,0.0,0.0,0.0,0.06555781249999999,0.064375,0.0665625,0.7465625,0.190625,0.0,0.0628125
a2_synthetic_shortcut_k20,synthetic,global_random,5,1,corner,800,200,0.9965625,0.99375,1.0,0.994500547225698,0.9900157501541319,1.0,0.0034375,0.0,0.00625,0.0,0.0,0.0,0.0034375,0.0,0.00625,0.5462499999999999,0.54625,0.54625,0.2003125,0.1975,0.20375,0.0,0.0,0.0,0.2534375,0.25,0.25625,0.54625,0.20375,0.0,0.25
a2_synthetic_shortcut_k20,synthetic,global_random,5,1,edge,1600,200,0.996653125,0.9955937499999999,0.998125,0.9790601908258713,0.9723805619267344,0.9881464798749445,0.003346875000000001,0.001875,0.00440624999999999,9.375e-06,0.0,0.0,0.0033375000000000006,0.001875,0.00440624999999999,0.8081250000000003,0.808125,0.808125,0.18792187500000002,0.18684375,0.189375,0.0,0.0,0.0,0.003953125,0.0025,0.00503124999999999,0.808125,0.19125,0.0,0.000625
a2_synthetic_shortcut_k20,synthetic,global_random,5,1,center,800,200,0.9991125,0.9975,1.0,0.9939738451787332,0.9830721865445039,1.0,0.0008874999999999999,0.0,0.0025,0.0,0.0,0.0,0.0008874999999999999,0.0,0.0025,0.8237500000000003,0.82375,0.82375,0.17536249999999998,0.17375,0.17625,0.0,0.0,0.0,0.0008874999999999999,0.0,0.0025,0.82375,0.17625,0.0,0.0
a2_synthetic_shortcut_k20,synthetic,global_random,10,0,all,3200,200,0.9991734375000001,0.9984375,0.9996875,0.9973144477613204,0.9949320049273584,0.9989827949298683,0.0008265625,0.0003125,0.0015625,0.0,0.0,0.0,0.0008265625,0.0003125,0.0015625,0.7465624999999999,0.7465625,0.7465625,0.1897984375,0.1890625,0.1903125,0.0,0.0,0.0,0.06363906250000001,0.063125,0.064375,0.7465625,0.190625,0.0,0.0628125
a2_synthetic_shortcut_k20,synthetic,global_random,10,0,corner,800,200,0.99973125,0.99875,1.0,0.9995690762581788,0.9979951432344858,1.0,0.00026875,0.0,0.00125,0.0,0.0,0.0,0.00026875,0.0,0.00125,0.5462499999999999,0.54625,0.54625,0.20348124999999995,0.2025,0.20375,0.0,0.0,0.0,0.25026875,0.25,0.25125,0.54625,0.20375,0.0,0.25
a2_synthetic_shortcut_k20,synthetic,global_random,10,0,edge,1600,200,0.9984968749999998,0.9975,0.999375,0.9904876302200896,0.9842574303698762,0.9960173940315665,0.001503125,0.000625,0.0025,0.0,0.0,0.0,0.001503125,0.000625,0.0025,0.8081250000000003,0.808125,0.808125,0.189746875,0.18875,0.190625,0.0,0.0,0.0,0.002128125,0.00125,0.003125,0.808125,0.19125,0.0,0.000625
a2_synthetic_shortcut_k20,synthetic,global_random,10,0,center,800,200,0.9999687500000001,1.0,1.0,0.9997865961011108,1.0,1.0,3.125e-05,0.0,0.0,0.0,0.0,0.0,3.125e-05,0.0,0.0,0.8237500000000003,0.82375,0.82375,0.17621874999999995,0.17625,0.17625,0.0,0.0,0.0,3.125e-05,0.0,0.0,0.82375,0.17625,0.0,0.0
a2_synthetic_shortcut_k20,synthetic,global_random,10,1,all,3200,200,0.9992265625000002,0.99875,0.9996875,0.9974866603310011,0.9959420074825577,0.9989827949298683,0.0007734375,0.0003125,0.00125,0.0,0.0,0.0,0.0007734375,0.0003125,0.00125,0.7465624999999999,0.7465625,0.7465625,0.1898515625,0.189375,0.1903125,0.0,0.0,0.0,0.0635859375,0.063125,0.0640625,0.7465625,0.190625,0.0,0.0628125
a2_synthetic_shortcut_k20,synthetic,global_random,10,1,corner,800,200,0.99980625,0.99875,1.0,0.9996893275098548,0.9979951432344858,1.0,0.00019375,0.0,0.00125,0.0,0.0,0.0,0.00019375,0.0,0.00125,0.5462499999999999,0.54625,0.54625,0.20355624999999994,0.2025,0.20375,0.0,0.0,0.0,0.25019375,0.25,0.25125,0.54625,0.20375,0.0,0.25
a2_synthetic_shortcut_k20,synthetic,global_random,10,1,edge,1600,200,0.9985656249999999,0.9975,0.999375,0.9909189915186734,0.9842574303698762,0.9960173940315665,0.0014343749999999999,0.000625,0.0025,0.0,0.0,0.0,0.0014343749999999999,0.000625,0.0025,0.8081250000000003,0.808125,0.808125,0.189815625,0.18875,0.190625,0.0,0.0,0.0,0.002059375,0.00125,0.003125,0.808125,0.19125,0.0,0.000625
a2_synthetic_shortcut_k20,synthetic,global_random,10,1,center,800,200,0.9999687500000001,1.0,1.0,0.9997865961011108,1.0,1.0,3.125e-05,0.0,0.0,0.0,0.0,0.0,3.125e-05,0.0,0.0,0.8237500000000003,0.82375,0.82375,0.17621874999999995,0.17625,0.17625,0.0,0.0,0.0,3.125e-05,0.0,0.0,0.82375,0.17625,0.0,0.0
a2_synthetic_shortcut_k20,synthetic,global_random,20,0,all,3200,1,1.0,1.0,1.0,1.0,1.0,1.0,0.0,0.0,0.0,0.0,0.0,0.0,0.0,0.0,0.0,0.7465625,0.7465625,0.7465625,0.190625,0.190625,0.190625,0.0,0.0,0.0,0.0628125,0.0628125,0.0628125,0.7465625,0.190625,0.0,0.0628125
a2_synthetic_shortcut_k20,synthetic,global_random,20,0,corner,800,1,1.0,1.0,1.0,1.0,1.0,1.0,0.0,0.0,0.0,0.0,0.0,0.0,0.0,0.0,0.0,0.54625,0.54625,0.54625,0.20375,0.20375,0.20375,0.0,0.0,0.0,0.25,0.25,0.25,0.54625,0.20375,0.0,0.25
a2_synthetic_shortcut_k20,synthetic,global_random,20,0,edge,1600,1,1.0,1.0,1.0,1.0,1.0,1.0,0.0,0.0,0.0,0.0,0.0,0.0,0.0,0.0,0.0,0.808125,0.808125,0.808125,0.19125,0.19125,0.19125,0.0,0.0,0.0,0.000625,0.000625,0.000625,0.808125,0.19125,0.0,0.000625
a2_synthetic_shortcut_k20,synthetic,global_random,20,0,center,800,1,1.0,1.0,1.0,1.0,1.0,1.0,0.0,0.0,0.0,0.0,0.0,0.0,0.0,0.0,0.0,0.82375,0.82375,0.82375,0.17625,0.17625,0.17625,0.0,0.0,0.0,0.0,0.0,0.0,0.82375,0.17625,0.0,0.0
a2_synthetic_shortcut_k20,synthetic,global_random,20,1,all,3200,1,1.0,1.0,1.0,1.0,1.0,1.0,0.0,0.0,0.0,0.0,0.0,0.0,0.0,0.0,0.0,0.7465625,0.7465625,0.7465625,0.190625,0.190625,0.190625,0.0,0.0,0.0,0.0628125,0.0628125,0.0628125,0.7465625,0.190625,0.0,0.0628125
a2_synthetic_shortcut_k20,synthetic,global_random,20,1,corner,800,1,1.0,1.0,1.0,1.0,1.0,1.0,0.0,0.0,0.0,0.0,0.0,0.0,0.0,0.0,0.0,0.54625,0.54625,0.54625,0.20375,0.20375,0.20375,0.0,0.0,0.0,0.25,0.25,0.25,0.54625,0.20375,0.0,0.25
a2_synthetic_shortcut_k20,synthetic,global_random,20,1,edge,1600,1,1.0,1.0,1.0,1.0,1.0,1.0,0.0,0.0,0.0,0.0,0.0,0.0,0.0,0.0,0.0,0.808125,0.808125,0.808125,0.19125,0.19125,0.19125,0.0,0.0,0.0,0.000625,0.000625,0.000625,0.808125,0.19125,0.0,0.000625
a2_synthetic_shortcut_k20,synthetic,global_random,20,1,center,800,1,1.0,1.0,1.0,1.0,1.0,1.0,0.0,0.0,0.0,0.0,0.0,0.0,0.0,0.0,0.0,0.82375,0.82375,0.82375,0.17625,0.17625,0.17625,0.0,0.0,0.0,0.0,0.0,0.0,0.82375,0.17625,0.0,0.0
