run,scheme,ddof,k,agreement_mean,perturbed_items,items_per_s,run_hours,agreement_gain_per_control,agreement_gain_per_million_items
a2_imagenet_mnv2_050_cf_k20,global_random,0,2,0.8712390625,480000,281.830987347053,0.47309678253776855,,
a2_imagenet_mnv2_050_cf_k20,global_random,0,3,0.9142115624999999,640000,281.830987347053,0.6307957100503581,0.04297249999999986,0.2685781249999991
a2_imagenet_mnv2_050_cf_k20,global_random,0,5,0.9490978124999999,960000,281.830987347053,0.9461935650755371,0.017443125000000004,0.10901953125000002
a2_imagenet_mnv2_050_cf_k20,global_random,0,10,0.9761434375,1760000,281.830987347053,1.7346882026384849,0.005409125000000015,0.03380703125000009
a2_imagenet_mnv2_050_cf_k20,global_random,0,20,1.0,3360000,281.830987347053,3.31167747776438,0.002385656250000001,0.014910351562500007
a2_imagenet_mnv2_050_cf_k20,global_random,1,2,0.8881106249999999,480000,281.830987347053,0.47309678253776855,,
a2_imagenet_mnv2_050_cf_k20,global_random,1,3,0.9252560937499998,640000,281.830987347053,0.6307957100503581,0.03714546874999991,0.23215917968749944
a2_imagenet_mnv2_050_cf_k20,global_random,1,5,0.953979375,960000,281.830987347053,0.9461935650755371,0.01436164062500006,0.08976025390625038
a2_imagenet_mnv2_050_cf_k20,global_random,1,10,0.97712375,1760000,281.830987347053,1.7346882026384849,0.004628874999999999,0.028930468749999994
a2_imagenet_mnv2_050_cf_k20,global_random,1,20,1.0,3360000,281.830987347053,3.31167747776438,0.002287625000000004,0.014297656250000026
a2_imagenet_mnv2_050_cf_k20,prefix,0,2,0.87059375,480000,281.830987347053,0.47309678253776855,,
a2_imagenet_mnv2_050_cf_k20,prefix,0,3,0.91375,640000,281.830987347053,0.6307957100503581,0.043156249999999896,0.2697265624999993
a2_imagenet_mnv2_050_cf_k20,prefix,0,5,0.94853125,960000,281.830987347053,0.9461935650755371,0.01739062500000005,0.1086914062500003
a2_imagenet_mnv2_050_cf_k20,prefix,0,10,0.97484375,1760000,281.830987347053,1.7346882026384849,0.005262499999999992,0.03289062499999995
a2_imagenet_mnv2_050_cf_k20,prefix,0,20,1.0,3360000,281.830987347053,3.31167747776438,0.002515624999999999,0.015722656249999994
a2_imagenet_mnv2_050_cf_k20,prefix,1,2,0.8881875,480000,281.830987347053,0.47309678253776855,,
a2_imagenet_mnv2_050_cf_k20,prefix,1,3,0.92490625,640000,281.830987347053,0.6307957100503581,0.03671875000000002,0.22949218750000014
a2_imagenet_mnv2_050_cf_k20,prefix,1,5,0.95284375,960000,281.830987347053,0.9461935650755371,0.013968749999999974,0.08730468749999984
a2_imagenet_mnv2_050_cf_k20,prefix,1,10,0.97596875,1760000,281.830987347053,1.7346882026384849,0.004625000000000013,0.028906250000000078
a2_imagenet_mnv2_050_cf_k20,prefix,1,20,1.0,3360000,281.830987347053,3.31167747776438,0.0024031249999999947,0.015019531249999968
a2_imagenet_mnv2_050_exact_k20,global_random,0,2,0.8560670312499999,480000,261.89025440607605,0.5091191103529659,,
a2_imagenet_mnv2_050_exact_k20,global_random,0,3,0.90859609375,640000,261.89025440607605,0.6788254804706211,0.0525290625,0.328306640625
a2_imagenet_mnv2_050_exact_k20,global_random,0,5,0.9491068749999999,960000,261.89025440607605,1.0182382207059317,0.02025539062499998,0.12659619140624986
a2_imagenet_mnv2_050_exact_k20,global_random,0,10,0.97768984375,1760000,261.89025440607605,1.8667700712942081,0.005716593750000021,0.03572871093750013
a2_imagenet_mnv2_050_exact_k20,global_random,0,20,1.0,3360000,261.89025440607605,3.5638337724707605,0.002231015624999999,0.013943847656249994
a2_imagenet_mnv2_050_exact_k20,global_random,1,2,0.877829375,480000,261.89025440607605,0.5091191103529659,,
a2_imagenet_mnv2_050_exact_k20,global_random,1,3,0.92239140625,640000,261.89025440607605,0.6788254804706211,0.04456203125000002,0.2785126953125001
a2_imagenet_mnv2_050_exact_k20,global_random,1,5,0.9548709375,960000,261.89025440607605,1.0182382207059317,0.016239765624999958,0.10149853515624974
a2_imagenet_mnv2_050_exact_k20,global_random,1,10,0.9787585937499999,1760000,261.89025440607605,1.8667700712942081,0.004777531249999978,0.02985957031249986
a2_imagenet_mnv2_050_exact_k20,global_random,1,20,1.0,3360000,261.89025440607605,3.5638337724707605,0.002124140625000015,0.013275878906250094
a2_imagenet_mnv2_050_exact_k20,prefix,0,2,0.8563125,480000,261.89025440607605,0.5091191103529659,,
a2_imagenet_mnv2_050_exact_k20,prefix,0,3,0.90825,640000,261.89025440607605,0.6788254804706211,0.05193749999999997,0.3246093749999998
a2_imagenet_mnv2_050_exact_k20,prefix,0,5,0.9483125,960000,261.89025440607605,1.0182382207059317,0.02003125,0.1251953125
a2_imagenet_mnv2_050_exact_k20,prefix,0,10,0.97728125,1760000,261.89025440607605,1.8667700712942081,0.005793749999999998,0.036210937499999984
a2_imagenet_mnv2_050_exact_k20,prefix,0,20,1.0,3360000,261.89025440607605,3.5638337724707605,0.002271875000000001,0.014199218750000006
a2_imagenet_mnv2_050_exact_k20,prefix,1,2,0.8783125,480000,261.89025440607605,0.5091191103529659,,
a2_imagenet_mnv2_050_exact_k20,prefix,1,3,0.92325,640000,261.89025440607605,0.6788254804706211,0.044937499999999964,0.28085937499999974
a2_imagenet_mnv2_050_exact_k20,prefix,1,5,0.95446875,960000,261.89025440607605,1.0182382207059317,0.015609374999999981,0.09755859374999988
a2_imagenet_mnv2_050_exact_k20,prefix,1,10,0.97825,1760000,261.89025440607605,1.8667700712942081,0.004756249999999995,0.02972656249999997
a2_imagenet_mnv2_050_exact_k20,prefix,1,20,1.0,3360000,261.89025440607605,3.5638337724707605,0.0021750000000000046,0.01359375000000003
a2_synthetic_shortcut_k20,global_random,0,2,0.979203125,144000,44.39078582048322,0.9010879005782958,,
a2_synthetic_shortcut_k20,global_random,0,3,0.9907953125,192000,44.39078582048322,1.2014505341043944,0.011592187500000017,0.24150390625000034
a2_synthetic_shortcut_k20,global_random,0,5,0.9967484375000001,288000,44.39078582048322,1.8021758011565916,0.0029765625000000573,0.062011718750001193
a2_synthetic_shortcut_k20,global_random,0,10,0.9991734375000001,528000,44.39078582048322,3.3039889687870843,0.0004850000000000021,0.010104166666666711
a2_synthetic_shortcut_k20,global_random,0,20,1.0,1008000,44.39078582048322,6.30761530404807,8.265624999999055e-05,0.0017220052083331365
a2_synthetic_shortcut_k20,global_random,1,2,0.9832531250000001,144000,44.39078582048322,0.9010879005782958,,
a2_synthetic_shortcut_k20,global_random,1,3,0.9925421874999999,192000,44.39078582048322,1.2014505341043944,0.009289062499999834,0.19352213541666322
a2_synthetic_shortcut_k20,global_random,1,5,0.9972453125000001,288000,44.39078582048322,1.8021758011565916,0.002351562500000126,0.048990885416669294
a2_synthetic_shortcut_k20,global_random,1,10,0.9992265625000002,528000,44.39078582048322,3.3039889687870843,0.0003962500000000091,0.008255208333333524
a2_synthetic_shortcut_k20,global_random,1,20,1.0,1008000,44.39078582048322,6.30761530404807,7.734374999998072e-05,0.0016113281249995985
a2_synthetic_shortcut_k20,prefix,0,2,0.9815625,144000,44.39078582048322,0.9010879005782958,,
a2_synthetic_shortcut_k20,prefix,0,3,0.9921875,192000,44.39078582048322,1.2014505341043944,0.010624999999999996,0.22135416666666657
a2_synthetic_shortcut_k20,prefix,0,5,0.9965625,288000,44.39078582048322,1.8021758011565916,0.002187500000000009,0.04557291666666685
a2_synthetic_shortcut_k20,prefix,0,10,0.999375,528000,44.39078582048322,3.3039889687870843,0.0005624999999999991,0.011718749999999983
a2_synthetic_shortcut_k20,prefix,0,20,1.0,1008000,44.39078582048322,6.30761530404807,6.249999999999867e-05,0.0013020833333333057
a2_synthetic_shortcut_k20,prefix,1,2,0.9846875,144000,44.39078582048322,0.9010879005782958,,
a2_synthetic_shortcut_k20,prefix,1,3,0.9946875,192000,44.39078582048322,1.2014505341043944,0.009999999999999898,0.2083333333333312
a2_synthetic_shortcut_k20,prefix,1,5,0.9965625,288000,44.39078582048322,1.8021758011565916,0.0009375000000000355,0.01953125000000074
a2_synthetic_shortcut_k20,prefix,1,10,0.999375,528000,44.39078582048322,3.3039889687870843,0.0005624999999999991,0.011718749999999983
a2_synthetic_shortcut_k20,prefix,1,20,1.0,1008000,44.39078582048322,6.30761530404807,6.249999999999867e-05,0.0013020833333333057
