run,dataset,scheme,k,n_replicates,profile_spearman_mean,profile_spearman_p05,profile_spearman_p95,top1_agreement_mean,top1_agreement_p05,top1_agreement_p95
a2_imagenet_mnv2_050_cf_k20,imagenet,prefix,2,1,0.9823529411764707,0.9823529411764707,0.9823529411764707,0.669,0.669,0.669
a2_imagenet_mnv2_050_cf_k20,imagenet,prefix,3,1,0.988235294117647,0.988235294117647,0.988235294117647,0.7225,0.7225,0.7225
a2_imagenet_mnv2_050_cf_k20,imagenet,prefix,5,1,0.988235294117647,0.988235294117647,0.988235294117647,0.773,0.773,0.773
a2_imagenet_mnv2_050_cf_k20,imagenet,prefix,10,1,0.9852941176470588,0.9852941176470588,0.9852941176470588,0.8735,0.8735,0.8735
a2_imagenet_mnv2_050_cf_k20,imagenet,prefix,20,1,1.0,1.0,1.0,1.0,1.0,1.0
a2_imagenet_mnv2_050_cf_k20,imagenet,global_random,2,200,0.9710441176470588,0.9441176470588234,0.9911764705882352,0.6614824999999999,0.643,0.675025
a2_imagenet_mnv2_050_cf_k20,imagenet,global_random,3,200,0.9768235294117646,0.9558823529411766,0.9941176470588234,0.7186199999999999,0.7029,0.7330749999999999
a2_imagenet_mnv2_050_cf_k20,imagenet,global_random,5,200,0.9824117647058823,0.9676470588235294,0.9941176470588234,0.7867000000000002,0.7715,0.800025
a2_imagenet_mnv2_050_cf_k20,imagenet,global_random,10,200,0.9908382352941174,0.9794117647058824,0.9970588235294118,0.87268,0.8615,0.8855
a2_imagenet_mnv2_050_cf_k20,imagenet,global_random,20,1,1.0,1.0,1.0,1.0,1.0,1.0
a2_imagenet_mnv2_050_exact_k20,imagenet,prefix,2,1,0.9941176470588234,0.9941176470588234,0.9941176470588234,0.6725,0.6725,0.6725
a2_imagenet_mnv2_050_exact_k20,imagenet,prefix,3,1,0.9970588235294118,0.9970588235294118,0.9970588235294118,0.7345,0.7345,0.7345
a2_imagenet_mnv2_050_exact_k20,imagenet,prefix,5,1,1.0,1.0,1.0,0.815,0.815,0.815
a2_imagenet_mnv2_050_exact_k20,imagenet,prefix,10,1,0.9970588235294118,0.9970588235294118,0.9970588235294118,0.881,0.881,0.881
a2_imagenet_mnv2_050_exact_k20,imagenet,prefix,20,1,1.0,1.0,1.0,1.0,1.0,1.0
a2_imagenet_mnv2_050_exact_k20,imagenet,global_random,2,200,0.9763676470588234,0.9529411764705882,0.9941176470588234,0.6746100000000002,0.660975,0.6895
a2_imagenet_mnv2_050_exact_k20,imagenet,global_random,3,200,0.9838676470588235,0.9705882352941176,0.9970588235294118,0.7304724999999999,0.718,0.7430249999999999
a2_imagenet_mnv2_050_exact_k20,imagenet,global_random,5,200,0.9889411764705881,0.9794117647058824,0.9970588235294118,0.7957075,0.783975,0.8065249999999999
a2_imagenet_mnv2_050_exact_k20,imagenet,global_random,10,200,0.9951323529411763,0.988235294117647,1.0,0.8794775,0.869,0.8885249999999999
a2_imagenet_mnv2_050_exact_k20,imagenet,global_random,20,1,1.0,1.0,1.0,1.0,1.0,1.0
a2_synthetic_shortcut_k20,synthetic,prefix,2,1,0.8588235294117647,0.8588235294117647,0.8588235294117647,1.0,1.0,1.0
a2_synthetic_shortcut_k20,synthetic,prefix,3,1,0.888235294117647,0.888235294117647,0.888235294117647,1.0,1.0,1.0
a2_synthetic_shortcut_k20,synthetic,prefix,5,1,0.9558823529411766,0.9558823529411766,0.9558823529411766,1.0,1.0,1.0
a2_synthetic_shortcut_k20,synthetic,prefix,10,1,0.9647058823529412,0.9647058823529412,0.9647058823529412,1.0,1.0,1.0
a2_synthetic_shortcut_k20,synthetic,prefix,20,1,1.0,1.0,1.0,1.0,1.0,1.0
a2_synthetic_shortcut_k20,synthetic,global_random,2,200,0.9030147058823529,0.8058823529411765,0.956029411764706,1.0,1.0,1.0
a2_synthetic_shortcut_k20,synthetic,global_random,3,200,0.9301470588235294,0.8763235294117648,0.9735294117647059,1.0,1.0,1.0
a2_synthetic_shortcut_k20,synthetic,global_random,5,200,0.9544999999999999,0.911764705882353,0.9852941176470588,1.0,1.0,1.0
a2_synthetic_shortcut_k20,synthetic,global_random,10,200,0.9793823529411765,0.9558823529411766,0.9970588235294118,1.0,1.0,1.0
a2_synthetic_shortcut_k20,synthetic,global_random,20,1,1.0,1.0,1.0,1.0,1.0,1.0
