run,dataset,k,ddof,cell_type,n_replicates,n_anchors,high_share_replicate_std,flip_pairwise_mean,flip_pairwise_share_gt0,flip_pairwise_p50,flip_pairwise_p90,flip_vs_mode_mean,flip_vs_mode_share_gt0,flip_vs_mode_p50,flip_vs_mode_p90
a2_imagenet_mnv2_050_cf_k20,imagenet,2,0,all,200,32000,0.0010849801406578182,0.094255003125,0.34653125,0.0,0.4075500000000001,0.0677525,0.34653125,0.0,0.28500000000000003
a2_imagenet_mnv2_050_cf_k20,imagenet,2,0,corner,200,8000,0.0024692518652153234,0.103859075,0.34675,0.0,0.4351999999999999,0.07578499999999999,0.34675,0.0,0.31999999999999995
a2_imagenet_mnv2_050_cf_k20,imagenet,2,0,edge,200,16000,0.0017055575529503191,0.096981571875,0.348,0.0,0.41595000000000004,0.07009968750000001,0.348,0.0,0.29500000000000004
a2_imagenet_mnv2_050_cf_k20,imagenet,2,0,center,200,8000,0.002378211182066793,0.07919779375000001,0.343375,0.0,0.35955000000000004,0.055025624999999995,0.343375,0.0,0.235
a2_imagenet_mnv2_050_cf_k20,imagenet,2,1,all,200,32000,0.0012285095161541925,0.10223081562499998,0.359,0.0,0.4315499999999999,0.07434625,0.359,0.0,0.31499999999999995
a2_imagenet_mnv2_050_cf_k20,imagenet,2,1,corner,200,8000,0.002394417449949597,0.1070923125,0.351625,0.0,0.4421999999999999,0.07882625,0.351625,0.0,0.32999999999999996
a2_imagenet_mnv2_050_cf_k20,imagenet,2,1,edge,200,16000,0.0018635971314144258,0.10404653124999999,0.35825,0.0,0.4351999999999999,0.0758975,0.35825,0.0,0.31999999999999995
a2_imagenet_mnv2_050_cf_k20,imagenet,2,1,center,200,8000,0.0026476674455093614,0.0937378875,0.367875,0.0,0.3942000000000001,0.06676374999999998,0.367875,0.0,0.27
a2_imagenet_mnv2_050_cf_k20,imagenet,3,0,all,200,32000,0.0011100579370405322,0.079841034375,0.31971875,0.0,0.37995,0.057669375,0.31971875,0.0,0.255
a2_imagenet_mnv2_050_cf_k20,imagenet,3,0,corner,200,8000,0.0021626104664323204,0.08061781875,0.321125,0.0,0.38480000000000003,0.058279375,0.321125,0.0,0.26
a2_imagenet_mnv2_050_cf_k20,imagenet,3,0,edge,200,16000,0.0015396402849787347,0.080724434375,0.3205625,0.0,0.38480000000000003,0.0582103125,0.3205625,0.0,0.26
a2_imagenet_mnv2_050_cf_k20,imagenet,3,0,center,200,8000,0.0021109474759527205,0.07729745,0.316625,0.0,0.36995,0.0559775,0.316625,0.0,0.245
a2_imagenet_mnv2_050_cf_k20,imagenet,3,1,all,200,32000,0.001064096852331425,0.08134318281249998,0.32109375,0.0,0.3942000000000001,0.058956718750000005,0.32109375,0.0,0.27
a2_imagenet_mnv2_050_cf_k20,imagenet,3,1,corner,200,8000,0.0019653208050682655,0.077373425,0.318,0.0,0.375,0.0556175,0.318,0.0,0.25
a2_imagenet_mnv2_050_cf_k20,imagenet,3,1,edge,200,16000,0.001555720215670941,0.08112904374999999,0.31925,0.0,0.38955000000000006,0.058911874999999995,0.31925,0.0,0.265
a2_imagenet_mnv2_050_cf_k20,imagenet,3,1,center,200,8000,0.0022234607875435365,0.08574121875,0.327875,0.0,0.4075500000000001,0.06238562500000001,0.327875,0.0,0.28500000000000003
a2_imagenet_mnv2_050_cf_k20,imagenet,5,0,all,200,32000,0.0009809948096615572,0.05761353749999999,0.24753125,0.0,0.29520000000000013,0.041340312500000004,0.24753125,0.0,0.18000000000000005
a2_imagenet_mnv2_050_cf_k20,imagenet,5,0,corner,200,8000,0.0017395685826213402,0.050511193749999996,0.2405,0.0,0.23354999999999992,0.035845625,0.2405,0.0,0.135
a2_imagenet_mnv2_050_cf_k20,imagenet,5,0,edge,200,16000,0.0013312440282263968,0.056810643749999994,0.2465625,0.0,0.2822,0.040788125,0.2465625,0.0,0.17000000000000004
a2_imagenet_mnv2_050_cf_k20,imagenet,5,0,center,200,8000,0.0017426306384559617,0.06632166875,0.2565,0.0,0.34319999999999995,0.047939375,0.2565,0.0,0.21999999999999997
a2_imagenet_mnv2_050_cf_k20,imagenet,5,1,all,200,32000,0.0009707362317634442,0.056636384374999994,0.24384375,0.0,0.2822,0.04073875,0.24384375,0.0,0.17000000000000004
a2_imagenet_mnv2_050_cf_k20,imagenet,5,1,corner,200,8000,0.0016506688105083131,0.04687916874999999,0.23275,0.0,0.2035499999999999,0.033094375,0.23275,0.0,0.11499999999999999
a2_imagenet_mnv2_050_cf_k20,imagenet,5,1,edge,200,16000,0.001246590670941909,0.055200981249999996,0.241,0.0,0.26880000000000015,0.039713125,0.241,0.0,0.16000000000000003
a2_imagenet_mnv2_050_cf_k20,imagenet,5,1,center,200,8000,0.0019298052950385432,0.06926440625000001,0.260625,0.0,0.35955000000000004,0.050434375000000004,0.260625,0.0,0.235
a2_imagenet_mnv2_050_cf_k20,imagenet,10,0,all,200,32000,0.0006466416430859251,0.031181184375,0.14246875,0.0,0.05820000000000003,0.0224215625,0.14246875,0.0,0.030000000000000027
a2_imagenet_mnv2_050_cf_k20,imagenet,10,0,corner,200,8000,0.0012658528355942121,0.023139281249999998,0.120625,0.0,0.01980000000000004,0.016396875,0.120625,0.0,0.010000000000000009
a2_imagenet_mnv2_050_cf_k20,imagenet,10,0,edge,200,16000,0.000944865122915705,0.029603124999999994,0.1385,0.0,0.04875000000000007,0.021255,0.1385,0.0,0.025000000000000022
a2_imagenet_mnv2_050_cf_k20,imagenet,10,0,center,200,8000,0.0015827736244029135,0.042379206249999996,0.17225,0.0,0.17195000000000005,0.030779375,0.17225,0.0,0.09499999999999997
a2_imagenet_mnv2_050_cf_k20,imagenet,10,1,all,200,32000,0.0006788971083769335,0.030567503125,0.14034375,0.0,0.05820000000000003,0.02200875,0.14034375,0.0,0.030000000000000027
a2_imagenet_mnv2_050_cf_k20,imagenet,10,1,corner,200,8000,0.0011909703654718541,0.02181136875,0.116125,0.0,0.009949999999999903,0.015299375,0.116125,0.0,0.0050000000000000044
a2_imagenet_mnv2_050_cf_k20,imagenet,10,1,edge,200,16000,0.0009484701029948838,0.028704259375,0.1353125,0.0,0.04875000000000007,0.0206234375,0.1353125,0.0,0.025000000000000022
a2_imagenet_mnv2_050_cf_k20,imagenet,10,1,center,200,8000,0.001586629019565899,0.043050125,0.174625,0.0,0.17275500000000296,0.03148875,0.174625,0.0,0.09550000000000179
a2_imagenet_mnv2_050_exact_k20,imagenet,2,0,all,200,32000,0.0014049592677122676,0.11082483281250001,0.378875,0.0,0.4421999999999999,0.08101296875,0.378875,0.0,0.32999999999999996
a2_imagenet_mnv2_050_exact_k20,imagenet,2,0,corner,200,8000,0.0034431802087240165,0.13577331249999997,0.394875,0.0,0.47119999999999995,0.10233500000000001,0.394875,0.0,0.38
a2_imagenet_mnv2_050_exact_k20,imagenet,2,0,edge,200,16000,0.0020535990504829504,0.117501053125,0.38825,0.0,0.45194999999999996,0.08612593749999999,0.38825,0.0,0.345
a2_imagenet_mnv2_050_exact_k20,imagenet,2,0,center,200,8000,0.002257635007955388,0.0725239125,0.344125,0.0,0.30779999999999985,0.049465,0.344125,0.0,0.18999999999999995
a2_imagenet_mnv2_050_exact_k20,imagenet,2,1,all,200,32000,0.0013513265862527691,0.11532789687499999,0.38990625,0.0,0.4455499999999999,0.0843678125,0.38990625,0.0,0.33499999999999996
a2_imagenet_mnv2_050_exact_k20,imagenet,2,1,corner,200,8000,0.0030891582149120823,0.13081911875,0.396625,0.0,0.4608,0.097013125,0.396625,0.0,0.36
a2_imagenet_mnv2_050_exact_k20,imagenet,2,1,edge,200,16000,0.0020022849061310808,0.121243971875,0.3948125,0.0,0.45499999999999996,0.0894940625,0.3948125,0.0,0.35
a2_imagenet_mnv2_050_exact_k20,imagenet,2,1,center,200,8000,0.0025681597320937324,0.088004525,0.373375,0.0,0.36995,0.06147,0.373375,0.0,0.245
a2_imagenet_mnv2_050_exact_k20,imagenet,3,0,all,200,32000,0.001168238715575195,0.0887248171875,0.3529375,0.0,0.39874999999999994,0.06366015625,0.3529375,0.0,0.275
a2_imagenet_mnv2_050_exact_k20,imagenet,3,0,corner,200,8000,0.002589865977013962,0.094997575,0.375125,0.0,0.4032,0.0672175,0.375125,0.0,0.28
a2_imagenet_mnv2_050_exact_k20,imagenet,3,0,edge,200,16000,0.0017983870495250746,0.0934681,0.361375,0.0,0.41180000000000005,0.06771625,0.361375,0.0,0.29000000000000004
a2_imagenet_mnv2_050_exact_k20,imagenet,3,0,center,200,8000,0.0023073537910255114,0.07296549375,0.313875,0.0,0.35420000000000007,0.05199062499999999,0.313875,0.0,0.22999999999999998
a2_imagenet_mnv2_050_exact_k20,imagenet,3,1,all,200,32000,0.0012283388469087274,0.08647296093750001,0.35321875,0.0,0.38955000000000006,0.061911718750000004,0.35321875,0.0,0.265
a2_imagenet_mnv2_050_exact_k20,imagenet,3,1,corner,200,8000,0.0023873323528974676,0.08390205625,0.368875,0.0,0.35955000000000004,0.058230625,0.368875,0.0,0.235
a2_imagenet_mnv2_050_exact_k20,imagenet,3,1,edge,200,16000,0.0019118308925762878,0.08947716249999998,0.3585,0.0,0.4032,0.064488125,0.3585,0.0,0.28
a2_imagenet_mnv2_050_exact_k20,imagenet,3,1,center,200,8000,0.0025286685375636585,0.08303546249999999,0.327,0.0,0.3942000000000001,0.060440000000000015,0.327,0.0,0.27
a2_imagenet_mnv2_050_exact_k20,imagenet,5,0,all,200,32000,0.0009258359406883884,0.058828937500000004,0.27178125,0.0,0.28875000000000006,0.0418271875,0.27178125,0.0,0.17500000000000004
a2_imagenet_mnv2_050_exact_k20,imagenet,5,0,corner,200,8000,0.0018239782324185458,0.04846616875,0.27925,0.0,0.19579999999999997,0.033188125,0.27925,0.0,0.10999999999999999
a2_imagenet_mnv2_050_exact_k20,imagenet,5,0,edge,200,16000,0.0015260725785225084,0.06016034687499999,0.278375,0.0,0.29520000000000013,0.0427278125,0.278375,0.0,0.18000000000000005
a2_imagenet_mnv2_050_exact_k20,imagenet,5,0,center,200,8000,0.002393712647477445,0.0665288875,0.251125,0.0,0.3487499999999999,0.048665,0.251125,0.0,0.22499999999999998
a2_imagenet_mnv2_050_exact_k20,imagenet,5,1,all,200,32000,0.0008812703809254476,0.05604414687499999,0.2651875,0.0,0.26880000000000015,0.039730937499999994,0.2651875,0.0,0.16000000000000003
a2_imagenet_mnv2_050_exact_k20,imagenet,5,1,corner,200,8000,0.0016030346486582872,0.04179105625,0.263625,0.0,0.1472,0.028313125,0.263625,0.0,0.07999999999999996
a2_imagenet_mnv2_050_exact_k20,imagenet,5,1,edge,200,16000,0.0014184882390295226,0.05587564062499999,0.268875,0.0,0.2619500000000001,0.0395409375,0.268875,0.0,0.15500000000000003
a2_imagenet_mnv2_050_exact_k20,imagenet,5,1,center,200,8000,0.002432788417623824,0.07063425000000001,0.259375,0.0,0.375,0.051528750000000005,0.259375,0.0,0.25
a2_imagenet_mnv2_050_exact_k20,imagenet,10,0,all,200,32000,0.0006092584002929908,0.0294714546875,0.1416875,0.0,0.05820000000000003,0.02102578125,0.1416875,0.0,0.030000000000000027
a2_imagenet_mnv2_050_exact_k20,imagenet,10,0,corner,200,8000,0.0010228849286509733,0.01700288125,0.108375,0.0,0.009949999999999903,0.011658125000000002,0.108375,0.0,0.0050000000000000044
a2_imagenet_mnv2_050_exact_k20,imagenet,10,0,edge,200,16000,0.0009856309039871236,0.0282571,0.1420625,0.0,0.04875000000000007,0.02015125,0.1420625,0.0,0.025000000000000022
a2_imagenet_mnv2_050_exact_k20,imagenet,10,0,center,200,8000,0.0017065698500988273,0.04436873749999999,0.17425,0.0,0.19579999999999997,0.0321425,0.17425,0.0,0.10999999999999999
a2_imagenet_mnv2_050_exact_k20,imagenet,10,1,all,200,32000,0.0006117220015019445,0.0284290734375,0.13803125,0.0,0.04875000000000007,0.02028203125,0.13803125,0.0,0.025000000000000022
a2_imagenet_mnv2_050_exact_k20,imagenet,10,1,corner,200,8000,0.0009191149541787328,0.015370912499999998,0.100125,0.0,0.009949999999999903,0.010572500000000002,0.100125,0.0,0.0050000000000000044
a2_imagenet_mnv2_050_exact_k20,imagenet,10,1,edge,200,16000,0.0009652204099056818,0.026646287499999997,0.1363125,0.0,0.039200000000000124,0.01891875,0.1363125,0.0,0.020000000000000018
a2_imagenet_mnv2_050_exact_k20,imagenet,10,1,center,200,8000,0.001734885260966437,0.04505280625,0.179375,0.0,0.2035499999999999,0.032718125,0.179375,0.0,0.11499999999999999
a2_synthetic_shortcut_k20,synthetic,2,0,all,200,3200,0.0016826715306023034,0.021968781249999996,0.074375,0.0,0.0,0.016018750000000002,0.074375,0.0,0.0
a2_synthetic_shortcut_k20,synthetic,2,0,corner,200,800,0.005789044301056785,0.053066875,0.14875,0.0,0.308415,0.039,0.14875,0.0,0.19050000000000006
a2_synthetic_shortcut_k20,synthetic,2,0,edge,200,1600,0.0017120228675444073,0.0102081875,0.046875,0.0,0.0,0.00734375,0.046875,0.0,0.0
a2_synthetic_shortcut_k20,synthetic,2,0,center,200,800,0.0031859261805855933,0.014391875,0.055,0.0,0.0,0.010387500000000001,0.055,0.0,0.0
a2_synthetic_shortcut_k20,synthetic,2,1,all,200,3200,0.0017542124462369601,0.01929071875,0.0740625,0.0,0.0,0.013571875,0.0740625,0.0,0.0
a2_synthetic_shortcut_k20,synthetic,2,1,corner,200,800,0.005665508798841346,0.046106625,0.14875,0.0,0.2550000000000001,0.03235,0.14875,0.0,0.15000000000000002
a2_synthetic_shortcut_k20,synthetic,2,1,edge,200,1600,0.0015893577396223569,0.00913109375,0.046875,0.0,0.0,0.0063906250000000005,0.046875,0.0,0.0
a2_synthetic_shortcut_k20,synthetic,2,1,center,200,800,0.0029050010487028785,0.012794062500000002,0.05375,0.0,0.0,0.00915625,0.05375,0.0,0.0
a2_synthetic_shortcut_k20,synthetic,3,0,all,200,3200,0.0011284483982581606,0.011001828125,0.0640625,0.0,0.0,0.0073171875,0.0640625,0.0,0.0
a2_synthetic_shortcut_k20,synthetic,3,0,corner,200,800,0.0038153641725062414,0.024905374999999993,0.14375,0.0,0.06755,0.016175000000000002,0.14375,0.0,0.03500000000000003
a2_synthetic_shortcut_k20,synthetic,3,0,edge,200,1600,0.0013657142771491574,0.00578659375,0.035,0.0,0.0,0.0038843750000000007,0.035,0.0,0.0
a2_synthetic_shortcut_k20,synthetic,3,0,center,200,800,0.002224944242991745,0.007528749999999998,0.0425,0.0,0.0,0.005325000000000001,0.0425,0.0,0.0
a2_synthetic_shortcut_k20,synthetic,3,1,all,200,3200,0.001037570332346959,0.009218765625,0.06125,0.0,0.0,0.0059765625,0.06125,0.0,0.0
a2_synthetic_shortcut_k20,synthetic,3,1,corner,200,800,0.003654731006675566,0.0201979375,0.14125,0.0,0.04875000000000007,0.012856250000000003,0.14125,0.0,0.025000000000000022
a2_synthetic_shortcut_k20,synthetic,3,1,edge,200,1600,0.0012063638247907715,0.005112406249999999,0.031875,0.0,0.0,0.0033906250000000004,0.031875,0.0,0.0
a2_synthetic_shortcut_k20,synthetic,3,1,center,200,800,0.0019424731522562112,0.006452312499999999,0.04,0.0,0.0,0.00426875,0.04,0.0,0.0
a2_synthetic_shortcut_k20,synthetic,5,0,all,200,3200,0.0007816032492832935,0.0037243593749999985,0.0353125,0.0,0.0,0.0023203125000000003,0.0353125,0.0,0.0
a2_synthetic_shortcut_k20,synthetic,5,0,corner,200,800,0.0021580801624214965,0.007486062499999998,0.075,0.0,0.0,0.004606250000000001,0.075,0.0,0.0
a2_synthetic_shortcut_k20,synthetic,5,0,edge,200,1600,0.0008642102154466886,0.0026581249999999995,0.02125,0.0,0.0,0.0017562500000000002,0.02125,0.0,0.0
a2_synthetic_shortcut_k20,synthetic,5,0,center,200,800,0.0011587958357470584,0.002095124999999999,0.02375,0.0,0.0,0.0011625,0.02375,0.0,0.0
a2_synthetic_shortcut_k20,synthetic,5,1,all,200,3200,0.000676924064826667,0.003170953124999999,0.0309375,0.0,0.0,0.0019359375000000002,0.0309375,0.0,0.0
a2_synthetic_shortcut_k20,synthetic,5,1,corner,200,800,0.00182781929271856,0.005900625,0.06625,0.0,0.0,0.0034375,0.06625,0.0,0.0
a2_synthetic_shortcut_k20,synthetic,5,1,edge,200,1600,0.0008357997159613091,0.0025740937499999996,0.01875,0.0,0.0,0.0017093750000000002,0.01875,0.0,0.0
a2_synthetic_shortcut_k20,synthetic,5,1,center,200,800,0.0010378363413162906,0.0016349999999999984,0.02,0.0,0.0,0.0008874999999999998,0.02,0.0,0.0
a2_synthetic_shortcut_k20,synthetic,10,0,all,200,3200,0.0003343455729548747,0.0006706718750000002,0.006875,0.0,0.0,0.0003953125000000001,0.006875,0.0,0.0
a2_synthetic_shortcut_k20,synthetic,10,0,corner,200,800,0.0005993807000714007,0.0005194374999999999,0.0125,0.0,0.0,0.0002687500000000002,0.0125,0.0,0.0
a2_synthetic_shortcut_k20,synthetic,10,0,edge,200,1600,0.0005642508346444735,0.0010507812500000003,0.00625,0.0,0.0,0.0006406250000000001,0.00625,0.0,0.0
a2_synthetic_shortcut_k20,synthetic,10,0,center,200,800,0.00019564591516462338,6.16875e-05,0.0025,0.0,0.0,3.125000000000003e-05,0.0025,0.0,0.0
a2_synthetic_shortcut_k20,synthetic,10,1,all,200,3200,0.00032092521294731105,0.000627046875,0.006875,0.0,0.0,0.0003703125000000001,0.006875,0.0,0.0
a2_synthetic_shortcut_k20,synthetic,10,1,corner,200,800,0.000518161067584002,0.00037893750000000004,0.0125,0.0,0.0,0.00019375000000000018,0.0125,0.0,0.0
a2_synthetic_shortcut_k20,synthetic,10,1,edge,200,1600,0.0005561919468887694,0.00103378125,0.00625,0.0,0.0,0.0006281250000000001,0.00625,0.0,0.0
a2_synthetic_shortcut_k20,synthetic,10,1,center,200,800,0.00019564591516462338,6.16875e-05,0.0025,0.0,0.0,3.125000000000003e-05,0.0025,0.0,0.0
