run,dataset,scheme,k,ddof,n_replicates,patch_high_share_mean,patch_high_share_p05,patch_high_share_p95,other_high_share_mean,other_high_share_p05,other_high_share_p95
a2_synthetic_shortcut_k20,synthetic,prefix,2,0,1,1.0,1.0,1.0,0.02,0.02,0.02
a2_synthetic_shortcut_k20,synthetic,prefix,2,1,1,1.0,1.0,1.0,0.016666666666666666,0.016666666666666666,0.016666666666666666
a2_synthetic_shortcut_k20,synthetic,prefix,3,0,1,1.0,1.0,1.0,0.008666666666666666,0.008666666666666666,0.008666666666666666
a2_synthetic_shortcut_k20,synthetic,prefix,3,1,1,1.0,1.0,1.0,0.006,0.006,0.006
a2_synthetic_shortcut_k20,synthetic,prefix,5,0,1,1.0,1.0,1.0,0.004,0.004,0.004
a2_synthetic_shortcut_k20,synthetic,prefix,5,1,1,1.0,1.0,1.0,0.004,0.004,0.004
a2_synthetic_shortcut_k20,synthetic,prefix,10,0,1,1.0,1.0,1.0,0.001,0.001,0.001
a2_synthetic_shortcut_k20,synthetic,prefix,10,1,1,1.0,1.0,1.0,0.001,0.001,0.001
a2_synthetic_shortcut_k20,synthetic,prefix,20,0,1,1.0,1.0,1.0,0.0003333333333333333,0.0003333333333333333,0.0003333333333333333
a2_synthetic_shortcut_k20,synthetic,prefix,20,1,1,1.0,1.0,1.0,0.0003333333333333333,0.0003333333333333333,0.0003333333333333333
a2_synthetic_shortcut_k20,synthetic,global_random,2,0,200,1.0,1.0,1.0,0.022513333333333333,0.019666666666666666,0.025666666666666667
a2_synthetic_shortcut_k20,synthetic,global_random,2,1,200,1.0,1.0,1.0,0.018193333333333332,0.015333333333333332,0.021349999999999994
a2_synthetic_shortcut_k20,synthetic,global_random,3,0,200,1.0,1.0,1.0,0.010141666666666667,0.008333333333333333,0.012016666666666662
a2_synthetic_shortcut_k20,synthetic,global_random,3,1,200,1.0,1.0,1.0,0.008261666666666665,0.006666666666666667,0.010333333333333333
a2_synthetic_shortcut_k20,synthetic,global_random,5,0,200,1.0,1.0,1.0,0.0037916666666666667,0.0026666666666666666,0.005333333333333333
a2_synthetic_shortcut_k20,synthetic,global_random,5,1,200,1.0,1.0,1.0,0.0032616666666666666,0.002,0.004333333333333333
a2_synthetic_shortcut_k20,synthetic,global_random,10,0,200,1.0,1.0,1.0,0.0012150000000000002,0.0006666666666666666,0.002
a2_synthetic_shortcut_k20,synthetic,global_random,10,1,200,1.0,1.0,1.0,0.0011583333333333335,0.0006666666666666666,0.0016666666666666668
a2_synthetic_shortcut_k20,synthetic,global_random,20,0,1,1.0,1.0,1.0,0.0003333333333333333,0.0003333333333333333,0.0003333333333333333
a2_synthetic_shortcut_k20,synthetic,global_random,20,1,1,1.0,1.0,1.0,0.0003333333333333333,0.0003333333333333333,0.0003333333333333333
